uid,project_name,agency,ministry,sector,state,original_cost,latest_cost,physical_progress,report_month,slip_prob,slip_months_pred,cost_prob,cost_q50_pred,cost_q90_pred,risk_score,risk_tier,alert_type,risk_score_delta
618544,"4L twin tube tunnel including approaches from Digdol to Khuni Nallah North Bound connecting with existing major bridge on NB and South Bound connecting with Tunnel T4 ,Single tube tunnel of Ramban to Banihal Pkg-II of Old NH-1A New NH-44",NHAI,Ministry of Road Transport & Highways,Roads & Highways,Jammu and Kashmir,1401.87,1020.99,87.1,2026-07,0.9853634308472685,14.0333320907734,0.9834793362162544,30.56622628140786,30.59649165916699,98.44213835317615,Red,,0.02541847874780956
618902,Maheshkunt-Saharsa-Purnea Pkg I km 0.00 to km. 90.00 of NH-107,NHAI,Ministry of Road Transport & Highways,Roads & Highways,Bihar,662.44,1311.22,90.07,2026-07,0.9817051082577786,12.489380479607279,0.9808812635330667,30.33858718861447,91.82775006639385,98.12931858954227,Red,,0.04450392132241632
619087,Widening to 6L of Existing 4L Jetpur - Gondal - Rajkot Section from Km. 117.600 to Km. 185.00 on NH-27,NHAI,Ministry of Road Transport & Highways,Roads & Highways,Gujarat,2070.44,1390.29,76.83,2026-07,0.9820665016703548,9.696356089970175,0.9800168658583667,31.197422951463242,37.150077671657655,98.10416837643608,Red,,2.7701543557707993
619003,Solan - Kaithlighat Section of NH-22 Now NH-5 from Km. 106.139 to Km.129.05,NHAI,Ministry of Road Transport & Highways,Roads & Highways,Himachal Pradesh,881.74,1519.53,90.11,2026-07,0.9735758217302413,11.082638490610426,0.9871552286223957,10.71588862935465,23.21628909004862,98.03655251763185,Red,,0.29895101918869216
619152,Bakhtiyarpur Km 153.300 to Mokama Km 197.900,NHAI,Ministry of Road Transport & Highways,Roads & Highways,Bihar,1898.84,1898.84,99.95,2026-07,0.9686805565074056,11.510604855233538,0.9902745398794283,23.58617697687354,59.88304417756595,97.9477548193417,Red,,1.2579621496723945
618955,2L PS of Majhauli to Charout section from km. 0.00 to km. 63.655,NHAI,Ministry of Road Transport & Highways,Roads & Highways,Bihar,638.29,1067.51,99.8,2026-07,0.9562952379141323,14.489593244075454,0.9925339377083409,38.79992695217683,87.43487452560063,97.44145878112366,Red,,0.8143455631694536
619134,6L of Ambala-Chandigarh greenfield section from Km. 0.000 to Km. 25.000 with 4L spur to Lalru from Km. 0.000 to Km. 5.828 & spur to PR-7 road from Km. 0.000 to Km. 11.157,NHAI,Ministry of Road Transport & Highways,Roads & Highways,"Multi-States (Haryana, Punjab)",1641.66,1904.79,90.01,2026-07,0.9852882147883915,10.444133432613308,0.959334455415872,8.54306099888846,25.228536452968644,97.23113351021317,Red,,1.0495772835373884
619153,4L of HP/Punjab Border - Mo from km. 11.00 to km. 42.00 of Old NH-20 New NH-154 Package-IA,NHAI,Ministry of Road Transport & Highways,Roads & Highways,Himachal Pradesh,1002.11,1363.04,68.65,2026-07,0.9691981233284686,10.870998306614846,0.9738694849292365,16.507052693196528,19.009029507619456,97.15338041288526,Red,,-0.5449406208113601
618921,4L of Kathlighat to Shakral Village from Km 128.835 to Km 146.300 of NH- 5 Shimla Bypass - Pkg I,NHAI,Ministry of Road Transport & Highways,Roads & Highways,Himachal Pradesh,1703.48,2648.8,64.2,2026-07,0.9510905163584187,9.564150539209344,0.9918742513904286,14.442122117023654,33.6625686794339,97.14823838744236,Red,,-0.19779543540636269
618903,Maheshkunt -Saharsa-Purnea Pkg II,NHAI,Ministry of Road Transport & Highways,Roads & Highways,Bihar,1245.33,1244.09,94.0,2026-07,0.9470123762610089,10.25714417935193,0.9932591453770016,36.99670912910321,88.4547146386001,97.01357608190052,Red,,0.9968234434118841
618845,Puducherry Km.29.000 to Poondiyankuppam Km.67.000,NHAI,Ministry of Road Transport & Highways,Roads & Highways,"Multi-States (Puducherry, Tamil Nadu)",1588.4,1415.9,98.75,2026-07,0.9692309813570001,13.176552619537233,0.9696785243432674,11.956700977776952,31.73988398043856,96.94547528501339,Red,,0.08474279018597031
618608,4L of left-over works including additional structures from Kerala/Tamil Nadu border to Kanyakumari Section from Km 43.0 to Km 96.174 of NH66,NHAI,Ministry of Road Transport & Highways,Roads & Highways,Tamil Nadu,1564.23,1263.42,81.85,2026-07,0.9575313706388803,8.235041588774656,0.9790387021448963,22.03361888648999,23.860650492500536,96.82850363918882,Red,,-0.09362232511548996
618953,Umagaon-Saharsa Package-IV Koshi Bridge & approach Road - Bheja-Bakaur,NHAI,Ministry of Road Transport & Highways,Roads & Highways,Bihar,1199.58,1223.94,92.4,2026-07,0.9460562618899252,10.956707791479584,0.9865486885850432,36.48376505161179,96.83217454357997,96.63024752374842,Red,,0.8758488064414394
618740,4L Greenfield Alignment of Shivrampur to Ramnagar from Km. 55.002 to Km. 109.300 of NH 119 D Pkg-II,NHAI,Ministry of Road Transport & Highways,Roads & Highways,Bihar,1494.31,1546.07,50.8,2026-07,0.9568575218611027,9.740362175301307,0.9738016812129617,21.427079962460958,44.68300671858453,96.53296015370323,Red,,1.764450980059678
618850,Nerchowk km 190.000 to Pandoh including Pandoh bypass km221.305,NHAI,Ministry of Road Transport & Highways,Roads & Highways,Himachal Pradesh,1464.12,1651.67,100.0,2026-07,0.9597193331541194,11.243748452850609,0.9698331322138567,14.230789205401008,30.388450367259072,96.4776232683988,Red,,0.6375676333401685
618840,Simaria Km. 206.050 to Khagaria Km. 266.282,NHAI,Ministry of Road Transport & Highways,Roads & Highways,Bihar,664.02,891.64,97.73,2026-07,0.9482317873360564,14.290966395911408,0.9810067429366736,40.300894057176855,82.5846856364156,96.4619265136365,Red,,1.6073009840714434
618841,4L Elevated Section and at-grade improvements at Begusarai town Simaria - Khagaria section from Km. 221.047 to Km. 225.302 of NH-31,NHAI,Ministry of Road Transport & Highways,Roads & Highways,Bihar,491.04,348.38,95.72,2026-07,0.931645144349129,7.185564339452984,0.9965620573953112,27.977084242461014,72.20007934967728,96.41036008722202,Red,,0.0
618516,6L from Sankeshwar Bypass to MH-KNT Border from Km. 555.017 to Km. 592.853 of NH-48 Pkg-II,NHAI,Ministry of Road Transport & Highways,Roads & Highways,"Multi-States (Karnataka, Maharashtra)",1388.7,1066.86,85.3,2026-07,0.9545445405093245,8.665865237791483,0.9733076891820441,28.09504601747617,36.050023519885066,96.39261148456843,Red,,0.7132145324689674
618847,Sattanathapuram to Nagapattinam from Km 123.800 to Km 179.555,NHAI,Ministry of Road Transport & Highways,Roads & Highways,"Multi-States (Puducherry, Tamil Nadu)",2899.77,2899.77,85.6,2026-07,0.9592313434557105,10.581926387997719,0.9680376450825371,23.813991353153842,40.92298381955148,96.36344942691237,Red,,0.14167084363252513
618795,Amritsar Bypass Pkg III from km. 71.496 to km. 105.158,NHAI,Ministry of Road Transport & Highways,Roads & Highways,Punjab,1474.77,1228.42,82.88,2026-07,0.9568494427996845,9.239190080756318,0.9674988022109785,35.489024329031075,51.98050226164189,96.21741225053316,Red,,-0.6794693599181301
618723,6L access Controlled Greenfield Highway from Ranipur Barsi to Adhoya Musalmana section of Shamli -Ambala Package-II Design Ch. Form km 45.500 to km 84.400,NHAI,Ministry of Road Transport & Highways,Roads & Highways,"Multi-States (Haryana, Uttar Pradesh)",1554.21,1241.89,82.75,2026-07,0.967517733135225,8.321396662152141,0.9561013591593164,30.405622348529167,35.0612489081727,96.18095461472707,Red,,1.3003063171687756
618739,4L Greenfield Alignment of Amas to Shivrampur from 0.000 Km. to 55.002 Km. of NH 119 D Pkg-I,NHAI,Ministry of Road Transport & Highways,Roads & Highways,Bihar,1390.92,1427.43,54.8,2026-07,0.9652659134190054,11.30016318393838,0.9569645626912106,19.51911739670212,43.949185560967216,96.1115238055108,Red,,0.9008099977797315
618936,Jagadhari - Tajewala from Km -0.175 to 32.337 km of NH-344,NHAI,Ministry of Road Transport & Highways,Roads & Highways,Haryana,1269.5,919.43,68.0,2026-07,0.9612918825518023,10.0165040571963,0.9607978949783104,25.228969724707415,54.112527504684536,96.10448887650563,Red,,-0.039483810509466366
619095,Balance works of 4L Panvel Indapur section of NH66 old NH17 from km 42.300 kasu to km 84.600 Indapur,NHAI,Ministry of Road Transport & Highways,Roads & Highways,Maharashtra,546.44,472.1,96.73,2026-07,0.9523054135352077,11.278955465347831,0.9689419390327731,38.32823282404972,85.83114749553584,96.06236762839903,Red,,-0.5902796217531119
619071,Tumkur - Nelamangala 6L,NHAI,Ministry of Road Transport & Highways,Roads & Highways,Karnataka,2032.15,1664.2,61.36,2026-07,0.9463278441184666,10.605051430419847,0.9694699971413439,31.204919509157865,42.02050747831479,95.78989206299052,Red,,2.742831383524276
618889,"4L of Bhangbar Near Ranital to Kangra Bypass Section of Old NH-88 New NH- 303,503 up to Intersection with NH-154 from Km 175.270 to Km 193.400 Pkg-VB",NHAI,Ministry of Road Transport & Highways,Roads & Highways,Himachal Pradesh,1322.95,1829.49,97.45,2026-07,0.964475515219366,11.172435677250421,0.9510780592446706,12.874225882821223,15.054151724993513,95.77767872320183,Red,,-0.8671090168631679
618505,Additional Structures on 6LGurgaon-Jaipur Section of NH-48 between KM 42.700 to KM 273.00,NHAI,Ministry of Road Transport & Highways,Roads & Highways,"Multi-States (Haryana, Rajasthan)",409.64,290.64,88.9,2026-07,0.9836218226741529,11.881510657143957,0.929284872502958,26.53567848134315,55.73487319108354,95.64533475885555,Red,,0.0
618861,Bakhtiyarpur-Rajauli Pkg-II from km. 54.405 to km.101.630,NHAI,Ministry of Road Transport & Highways,Roads & Highways,Bihar,897.45,1397.47,97.85,2026-07,0.934675522805025,8.930292812359912,0.977992442515981,29.93229960575628,78.31491792656107,95.6333982660503,Red,,0.6712920832743947
618630,6L of MH/KN Border Nimbal Village to KN/TS Border Singnodi Village from Km. 26.000 to Km. 97.000 in Gulbarga of NH-150C Pkg-II,NHAI,Ministry of Road Transport & Highways,Roads & Highways,Karnataka,2355.56,1923.3,81.35,2026-07,0.9318365215330858,10.685222524759029,0.9776039303895983,29.79134664681099,45.96823693356479,95.47202259613421,Red,,-1.1744163090785662
618951,Hariharganj to Parwa Mode section from km 23.284 to km 57.049 of NH-98,NHAI,Ministry of Road Transport & Highways,Roads & Highways,"Multi-States (Bihar, Jharkhand)",1125.78,1186.56,91.3,2026-07,0.9658054920319499,10.113602235690307,0.943364038276873,24.34829684408857,31.278444746499595,95.45847651544115,Red,,0.26751061356499406
619301,Construction of Approach Road to Rail-cum- Road Bridge across river Ganga at Munger Ghat NH-333 B,NHAI,Ministry of Road Transport & Highways,Roads & Highways,Bihar,537.88,633.91,99.99,2026-07,0.921368759945555,-3.825373161228091,0.98654042184867,39.071962377879515,97.8435747197086,95.39545908971125,Red,,0.6787712200398772
619163,4L of Baramati to Indapur Pkg-II from km. 41.400 to km. 84.550 of NH-965G Saint Tukaram Marg,NHAI,Ministry of Road Transport & Highways,Roads & Highways,Maharashtra,1471.32,1297.48,86.2,2026-07,0.9252314051483448,7.2225796216345035,0.9816696144418029,31.795810341615695,68.78169191958376,95.34505097950739,Red,,2.2292361386354003
618517,4/6L of Bangalore - Pune Section of bypass connecting Dharwad - Hubli from km. 403.80 to km. 433.20,NHAI,Ministry of Road Transport & Highways,Roads & Highways,Karnataka,1135.39,763.36,83.19,2026-07,0.9218931930602633,8.140631404403983,0.9827273502091172,32.224138237559266,65.557977929736,95.23102716346902,Red,,0.9261013180488646
618504,Ahmedabad - Dholera Pkg IV from km. 71.06 to km. 109.019 [Start of DSIR zone - Adhelai Village],NHAI,Ministry of Road Transport & Highways,Roads & Highways,Gujarat,1181.76,1358.73,98.08,2026-07,0.9629161900576276,10.411447208245233,0.9410967091055226,14.136957855480754,25.467652570841985,95.20064495815751,Red,,-0.5599232770169635
619078,Six Laning of Bihar - Jharkhand Border Chordaha - Gorhar section of NH-2 from km 249.525 to km 320.810,NHAI,Ministry of Road Transport & Highways,Roads & Highways,"Multi-States (Bihar, Jharkhand)",1772.7,1689.17,78.0,2026-07,0.9612445513710244,10.402908321420849,0.9427414864811774,29.36933427131831,38.22355651315994,95.1993018926101,Red,,-0.4997985669809566
618942,Balance work of 2L PS from Km 30.800 to Km 70.800 and 2L with Rigid Carriageway from Km 70.800 to km 84.120 of Khanapur- KA/GOA Border section of NH-4A,NHAI,Ministry of Road Transport & Highways,Roads & Highways,"Multi-States (Goa, Karnataka)",226.76,149.44,84.7,2026-07,0.9595013846159134,4.881371143701758,0.9442305567680871,30.54146662656901,67.03562234226682,95.18659706920003,Red,,-0.6135635430963902
618702,4L of Addahole Near Gundya to Bantwal Cross section Pkg-02 from Design Km 270.270 to Design km 318.55 including flyover at Kalladka Town including approaches from Km. 311.57 to Km. 313.67 of NH-75 Old NH-48,NHAI,Ministry of Road Transport & Highways,Roads & Highways,Karnataka,1660.19,1318.24,94.21,2026-07,0.9120758521524763,7.76036425826559,0.9908688778725896,41.22500854490363,40.14756410503497,95.1472365012533,Red,,0.7772248364014871
618888,Rehabilitation and Up-gradation of existing road to 2L PS from End of Hamirpur Bypass near Chilbahal to Bhangbar section from Km. 138.295 to Km.175.270 of NH- 88 Pkg-IV,NHAI,Ministry of Road Transport & Highways,Roads & Highways,Himachal Pradesh,1146.19,1358.62,97.2,2026-07,0.9553385531154218,10.592254533630841,0.9467969949372428,13.67685878211905,18.66053232741919,95.10677740263323,Red,,0.6587428345665813
618807,"4L Greenfield Road connecting North and South industrial cluster of Khandaleru Creek near Krishnapatnam port at Thamminapatnam to Mollur from Km 0.0 to Km 16.046, Part I & 6L extension of dedicated port road of NH-67 Km 18.0 to Km 19.3, Part II",NHAI,Ministry of Road Transport & Highways,Roads & Highways,Andhra Pradesh,609.43,559.98,84.03,2026-07,0.9162675680195179,4.1800901512793605,0.9849289203525518,12.595425843813995,43.583922229067376,95.05982441860348,Red,,4.4991206201447795
618512,Tunnel at Khambataki Ghat Section and its approaches from existing Km. 771.730 to existing Km. 782.000,NHAI,Ministry of Road Transport & Highways,Roads & Highways,Maharashtra,907.03,816.12,89.2,2026-07,0.9690778865691885,13.504609237438006,0.9315463985909759,41.46462164690735,81.44161345128305,95.03121425800822,Red,,0.1503278424246588
618647,6L Access Controlled Ludhiana-Bathinda Greenfield highway from Jn. with Amritsar- Bathanda Greenfield Road NH-754A near Rampura Phul to Jn. with Moga-Barnala Road NH-703 near village Tallewal from Km 0.0 to Km 30.3 of NH-754AD Pkg-1,NHAI,Ministry of Road Transport & Highways,Roads & Highways,Punjab,906.51,1020.52,81.5,2026-07,0.9406605349246085,4.934879056453118,0.9593716557478972,26.917969692194237,70.54823772375863,95.00160953362528,Red,,-0.11066919443493362
618545,"4L of Km.165.092 to Km.171.855 North Bound and from Km.166.895 to Km.173.638 South Bound, excl. certain reaches of North Bound and South Bound of Ramban to Banihal Pkg-III of Old NH-1A New NH-44",NHAI,Ministry of Road Transport & Highways,Roads & Highways,Jammu and Kashmir,614.48,444.76,42.8,2026-07,0.9217083842165693,4.176475076042865,0.9761558071231414,34.423122995961144,72.83855383765209,94.89320956698553,Red,Stalled and Overdue,-0.350927921105054
618462,Delhi-Vadodara Greenfield Alignment NH-148N Pkg-31 Ch.824920 to Ch.844382 [Junction near Pratap nagar Village - Junction near Dodka Village],NHAI,Ministry of Road Transport & Highways,Roads & Highways,Gujarat,1644.85,1651.14,100.0,2026-07,0.9389098371251833,6.312577439682189,0.9568655800701,11.319806580903338,42.95463636815205,94.78877085976416,Red,,0.021823282071565586
619289,4L of Munger Mirzachauki section from Munger to Kharia village junction from Km 69520 to Km 95580 Pkg-1,NHAI,Ministry of Road Transport & Highways,Roads & Highways,Bihar,1659.81,1696.66,82.72,2026-07,0.9179058059063141,4.4251635197096135,0.9768914941817849,23.96161954762528,45.33028279154439,94.73986500440495,Red,,-0.4649854254110295
618716,6L Access Controlled Greenfield Highway from Vankarakunta Ch. 45700 to Odulapalle Ch. 72000 of [NH-544G]Package-3,NHAI,Ministry of Road Transport & Highways,Roads & Highways,Andhra Pradesh,992.91,888.07,77.21,2026-07,0.9336600405986473,7.678794037315844,0.9594475502432281,10.800587047877396,14.04153229361576,94.65537954209378,Red,,4.681019178180122
618890,2L PS of Hamirpur Bypass from Km 121.175 to Km.138.295 of NH-103&3,NHAI,Ministry of Road Transport & Highways,Roads & Highways,Himachal Pradesh,739.39,754.82,94.37,2026-07,0.9355422932803451,10.400032501924729,0.954895959698623,9.569440254127386,13.984799957377142,94.5219126489484,Red,,-1.9914039380691122
619306,4L of Munger Mirzachauki section from Km 95580 to Km 125000 Pkg-2,NHAI,Ministry of Road Transport & Highways,Roads & Highways,Bihar,1020.84,1235.65,95.9,2026-07,0.9055856009832844,2.767713435488672,0.9827807460155958,20.81939630638292,42.318080356062346,94.41831734994402,Red,,-0.6940834326056944
618588,4L Mitigation Measure structures on CH/MH Border to Wainganga Bridge Section of NH-6 New NH-53,NHAI,Ministry of Road Transport & Highways,Roads & Highways,Maharashtra,540.24,468.92,99.79,2026-07,0.9041964273684989,8.626016202805932,0.9814591583135522,36.38484448054941,68.56254883582982,94.28277928410256,Red,,-1.1584568570761036
618711,6L with access control provision Saharanpur bypass to Ganeshpur section from 13.89 Km to 41.820 Km of Delhi- Dehradun Economic Corridor package-2,NHAI,Ministry of Road Transport & Highways,Roads & Highways,"Multi-States (Uttar Pradesh, Uttarakhand)",796.65,560.03,99.29,2026-07,0.9446962438243987,10.385943356418895,0.9405722865754431,18.522007532617682,58.49121680908446,94.2634265199921,Red,,0.8879801591797474
619101,4L Shahpur to Muktainagar from Km. 186.000 to km 216.278 of NH 753L Pkg II of Boregaon Buzurg to Muktainagar,NHAI,Ministry of Road Transport & Highways,Roads & Highways,"Multi-States (Madhya Pradesh, Maharashtra)",784.35,659.52,64.0,2026-07,0.9411300109236964,11.535325413051352,0.9435843027782633,26.23429386894611,37.99141017762624,94.23571568509799,Red,,-0.47296933014658293
618571,Permanent rectification of 3 nos. of black spots in project Highway NH-27 of U.P border - Dewapur - Kotwa section from Km.360.915 to km.440.000 Total Length of 79.085 Km of NH-27& Permanent rectification of 5 nos. of black spots of project Highway NH-27 of Kotwa - Mehsi - Muzaffarpur Section from km.440.000 to km.520.000 Total length 80.00Km,NHAI,Ministry of Road Transport & Highways,Roads & Highways,Bihar,227.25,321.23,83.01,2026-07,0.9280635872841836,6.203216969171677,0.9555638396684922,19.604068295815097,66.4182569139863,94.18137134763379,Red,,-1.1614692270511142
618875,4L of Haridwar Nagina section Design Ch. LME from km 13.829 to km 17.110 & km 26.077 to km 27.508 and Design Ch. RME from km 13.839 to km 17.120 & km 26.078 to km 27.509 of EUP mitigation measures on NH74,NHAI,Ministry of Road Transport & Highways,Roads & Highways,Uttarakhand,183.92,142.11,70.42,2026-07,0.8965239728239189,6.682089573118237,0.9863974593265281,34.27531921808875,61.246050375514294,94.14607160752236,Red,,1.0840115582123389
618741,4L Greenfield Alignment from Kalyanapur to Tal Dashraha of NH-119D Pkg-III,NHAI,Ministry of Road Transport & Highways,Roads & Highways,Bihar,1857.58,1969.3,36.25,2026-07,0.961086334406244,5.6579381781406415,0.9206012658477196,25.715990873266602,35.81598674201923,94.08438001269819,Red,Stalled and Overdue,2.470973065727563
618503,Ahmedabad - Dholera Pkg III from km. 48.52 to km. 71.06 [Vejallka Village - Start of DSIR zone],NHAI,Ministry of Road Transport & Highways,Roads & Highways,Gujarat,1034.04,1155.41,100.0,2026-07,0.9261127181439369,4.52020969421634,0.9527447650290156,24.214820538194488,45.97492642346911,93.94287415864763,Red,,-0.9909185555783608
618477,Bangalore Chennai Expressway Phase-III Package I Gudipala to Walajajhpet from Km 156.000 to Km 180.000,NHAI,Ministry of Road Transport & Highways,Roads & Highways,"Multi-States (Andhra Pradesh, Tamil Nadu)",1481.87,1481.87,99.02,2026-07,0.9188394053845289,11.97363798635334,0.9597266833219129,16.12856020697144,11.211252007473965,93.92830443532209,Red,,-1.1349318982119456
618509,Development of 6L UER II [Package - I] NH-1 Near Bakoli till Karala Kanjhawala Road from km. 0.70 to km.15.00,NHAI,Ministry of Road Transport & Highways,Roads & Highways,Delhi,2089.94,2203.45,99.99,2026-07,0.9587287495973222,10.679468164875338,0.9195197097567875,19.193985522476602,31.945797072677433,93.9124229677055,Red,,0.43366911656833906
618554,Construction of left out portion of Agra Inner Ring Road connecting village Deori to NH-44 village Bad from Km. 0.000 to Km. 7.772,NHAI,Ministry of Road Transport & Highways,Roads & Highways,Uttar Pradesh,879.26,787.58,94.0,2026-07,0.9411474046068078,10.51022273577169,0.9359120082845955,2.872923812096729,18.359352712025434,93.85297064457016,Red,,0.7446750951773851
618908,3L Major Bridge over River Brahmani at Km. 401.250 Duburi - Chandikhole Section of NH-200 New NH -53,NHAI,Ministry of Road Transport & Highways,Roads & Highways,Odisha,153.61,103.68,38.0,2026-07,0.8865454727963721,5.417287675387404,0.9893650562774351,33.343067438151074,123.62691248620013,93.79552645369036,Red,Stalled and Overdue,1.0605707183845396
619216,6L access Controlled Greenfield Highway from Adhoya Musalmana to Sadopur section of Shamli -Ambala Package-III Design Ch. Form km 84.400 to km 121.786,NHAI,Ministry of Road Transport & Highways,Roads & Highways,"Multi-States (Haryana, Punjab)",1491.72,1122.86,81.33,2026-07,0.8924499186234588,6.39672113798677,0.9830820736864408,30.633529129721918,35.04203353328286,93.77659961549499,Red,,0.6615908981485887
619141,Construction of four lane access controlled highway from Chillakuru cross road to Turpu KanupurPart 1 of Package - II km 0.000 131.500 of NH - 16 to km 23.770 on New NH-516W including six lane flyover and approaches on NH-16 length km 1.050 and six lane access controlled from Turpu Kanupur to Port South Gate Part 2 of Package - II km 23.770 to km 35.015 on New NH-516W in the state of Andhra Pradesh on HAM Mode under Bharatmala Pariyojana Phase I,NHAI,Ministry of Road Transport & Highways,Roads & Highways,Andhra Pradesh,864.2,844.39,55.53,2026-07,0.9442588070653146,12.249699199446678,0.9298575984726918,6.275687476674535,34.53721054693225,93.70582027690033,Red,,-1.9586109146780473
619093,4L Ismailabad to Ambala Section of NH-152 Lot-4/Package-1,NHAI,Ministry of Road Transport & Highways,Roads & Highways,"Multi-States (Haryana, Punjab)",609.32,454.34,76.3,2026-07,0.8803626526168435,5.5131835669057105,0.9936539338328708,31.43696411176203,79.95784568991726,93.70082932248572,Red,,7.093827544348713
618717,6L Access Controlled Greenfield Highway from Vanavolu Ch. 24300 to Vankarakunta Ch. 45700 of [NH-544G] Package-2,NHAI,Ministry of Road Transport & Highways,Roads & Highways,Andhra Pradesh,750.81,626.91,87.24,2026-07,0.9116539849933953,7.516227545837431,0.9615627099631873,24.978101802015818,31.500393638847996,93.66083474782914,Red,,0.22911876165102285
618831,4L from Km 95.400 Udaipura to Km 147.450 Bhogu on NH-75 Sec-II,NHAI,Ministry of Road Transport & Highways,Roads & Highways,Jharkhand,1436.8,1301.54,29.2,2026-07,0.9098800071381623,11.796889400189569,0.9620141941328636,10.37797782762975,26.292564000581287,93.59471006355129,Red,,2.2929064728464823
615334,Transmission System for Evacuation of Power from Rajasthan REZ Ph-IV [Part-2 5.5 GW] [Jaisalmer/Barmer Complex] Part E [SPV Name POWERGRID Mewar Transmission Limited],Power Grid Corporation of India Limited [POWERGRID],Ministry of Power,Transmission & Distribution,"Multi-States (Madhya Pradesh, Rajasthan)",3251.0,3251.0,46.87,2026-07,0.9765587764762506,11.756660138299734,0.8930202180467204,0.0,13.951144387210288,93.47894972614854,Red,,-0.13564431139269573
618673,Development of 6L of Jhanki Sargi Section Road from km 0.000 to km 42.800 of NH- 130CD Pkg-CG-1,NHAI,Ministry of Road Transport & Highways,Roads & Highways,Chhattisgarh,1368.19,1129.14,99.35,2026-07,0.9426421245947326,9.97757355709741,0.9249246395208051,25.750387454468775,32.41619895378631,93.37833820577688,Red,,-0.12374020153862375
619212,6L Access Controlled Greenfield Highway of Julekal village to Dinnedevarapadu village from Km 242.200 to Km 280.400 Pkg-2,NHAI,Ministry of Road Transport & Highways,Roads & Highways,"Multi-States (Andhra Pradesh, Telangana)",1227.57,1315.87,70.6,2026-07,0.8881753630919034,8.788534842223102,0.9790337000129209,32.33735892043019,23.86029529324963,93.36045315524122,Red,,4.19432550018071
618550,Corridor Efficiency Improvement including removal of black spots in Lakhanpur - Samba section of NH-44 from Chainage Km. 16.300 to Km. 74.100,NHAI,Ministry of Road Transport & Highways,Roads & Highways,Jammu and Kashmir,855.74,215.68,74.63,2026-07,0.9744879890336864,14.855207231943968,0.8925945249123646,28.884957432264898,37.27384027519889,93.35412569730255,Red,,0.01241062634009893
618744,4L of Thirumangalam to Vadugapatti section from km 0.000 to km 36.000 of NH-744,NHAI,Ministry of Road Transport & Highways,Roads & Highways,Tamil Nadu,1076.97,791.6,95.95,2026-07,0.9598174559264069,9.6127111340539,0.9050556787521767,19.42265773062459,51.10638675447292,93.24365673392919,Red,,0.2581087707921341
618896,4L of Sannur to Bikarnakatte section from Km 691.350 to Km 736.362 of NH-169 Karkala - Mangalore Package-III,NHAI,Ministry of Road Transport & Highways,Roads & Highways,Karnataka,1386.41,2038.71,76.1,2026-07,0.9783024085275596,8.494762289493458,0.884714093607573,14.393453045518166,32.964157948115435,93.15082510675663,Red,,1.0167480694513813
618722,6L access Controlled Greenfield Highway from Gogwan Jalalpur Shamli to Ranipur Barsi Saharanpur of Shamli -Ambala section Package-I Design Ch. Form km 00.600 to km 45.500,NHAI,Ministry of Road Transport & Highways,Roads & Highways,Uttar Pradesh,1843.59,1247.55,68.2,2026-07,0.9675856743818922,9.610286928276778,0.8952766575508019,26.263163904738832,22.720763486762756,93.1431165966347,Red,,1.3187193642994544
618709,4L of Left-Over Works of Hospet-Bellary -Karnataka/AP border from Km.280.080 Dec.Ch. to Km.375450Des.Ch. of NH-63 New-67,NHAI,Ministry of Road Transport & Highways,Roads & Highways,Karnataka,1340.15,992.6,92.51,2026-07,0.8689247589788546,2.4112752745895873,0.9932822357795492,37.30163453744054,64.22313852683287,93.11034973792019,Red,,-0.9100111075363486
618459,Delhi-Vadodara Greenfield Alignment NH-148N Pkg-26 Ch.696890 to Ch.726390,NHAI,Ministry of Road Transport & Highways,Roads & Highways,Gujarat,1555.2,1556.4,85.5,2026-07,0.9786631475202654,8.516545087204982,0.8834171270198259,13.627750173171075,34.66672144868736,93.10401372700457,Red,,1.26718340218018
618837,4L of Ratnagiri - Kolhapur section from km 112.340 to km 145.300 of NH-166 PkgIII,NHAI,Ministry of Road Transport & Highways,Roads & Highways,Maharashtra,1939.23,1910.41,68.95,2026-07,0.9139654037275567,9.717984325026695,0.9464170723823125,24.720885860742257,45.79731551315784,93.01912380549346,Red,,5.16080926973963
618693,Bodhre - Dhule,NHAI,Ministry of Road Transport & Highways,Roads & Highways,Maharashtra,1344.78,1292.7,97.69,2026-07,0.9284639639165203,12.15156751684152,0.9313064789666136,31.57209733697122,34.6170402063552,92.98852214415669,Red,,-1.8174837767744094
618846,Poondiyankuppam Km.67.000 to Sattanathapuram Km.123.800,NHAI,Ministry of Road Transport & Highways,Roads & Highways,Tamil Nadu,2565.63,2319.35,99.8,2026-07,0.9498425781271189,2.285438231086533,0.9072248116337079,18.69303800619813,61.00622203959097,92.85336948804135,Red,,-0.1011582627562575
618694,Indore - Harda Pkg-I [Indore to Raghav Garh from km. 0.25 to km. 26.903],NHAI,Ministry of Road Transport & Highways,Roads & Highways,Madhya Pradesh,1011.29,813.03,96.09,2026-07,0.8750849293373556,9.684563146756863,0.981493474361008,24.065215369553115,41.12809054381235,92.82892018491818,Red,,-0.7559085298867956
610315,IISER BERHAMPUR,"Indian Institutes of Science Education and Research, Behrampur",Department of Higher Education,Education,Odisha,1229.32,843.09,98.5,2026-07,0.9452303026285818,2.826890235173134,0.9093667874345469,16.19264799859674,64.72904260453922,92.72985450315643,Red,,0.032217136722834994
618952,4L of Sahibganj - Manihari Ganga Bridge including Manihari Bypass,NHAI,Ministry of Road Transport & Highways,Roads & Highways,"Multi-States (Bihar, Jharkhand)",1954.77,1978.01,87.02,2026-07,0.9180780325787897,4.624053604879437,0.935500570160383,40.31154293442989,72.15152782932542,92.67893013695864,Red,,-1.7200326978714315
618747,Khammam-Devarapalle Pkg III [4L Access Controlled Greenfield from Chintagudem village to Recherla village Design Chainage 63117 to 105236],NHAI,Ministry of Road Transport & Highways,Roads & Highways,"Multi-States (Andhra Pradesh, Telangana)",829.5,1227.07,98.82,2026-07,0.8967830341018148,9.675121742147686,0.955647983088723,32.933559237314604,26.42016467280906,92.62155085952689,Red,,-0.8851277544849125
618609,Construction of 4L Flyover from MES College Junction to Bogmalo Junction on NH- 566 from Km. 7.106 to Km. 10.460 and 4L VUP at Queeny Nagar Junction from Km. 3.330 to Km. 4.550,NHAI,Ministry of Road Transport & Highways,Roads & Highways,Goa,463.08,316.28,59.18,2026-07,0.876647268826549,6.770125182176613,0.9757568232565549,25.380647151842567,76.5084531818467,92.62020460415519,Red,,2.0387264264763445
618642,4L of Palma to Gumla from km. 26.00 to km. 89.170 of NH-23,NHAI,Ministry of Road Transport & Highways,Roads & Highways,Jharkhand,1882.93,1895.75,99.9,2026-07,0.963600790196203,6.565195308675191,0.8871389597378881,18.631881554003588,17.339748974971744,92.53698749670455,Red,,-0.25442712475849305
618960,4 Lane Inner Ring Road around Allahabad City Pkg-2 Prayagraj Southern Bypass 43.200 - 50.860,NHAI,Ministry of Road Transport & Highways,Roads & Highways,Uttar Pradesh,1377.51,1007.62,44.64,2026-07,0.9311233620638147,8.786023520563463,0.918627439345445,19.88982599189336,47.6858237319602,92.48754007046298,Red,Stalled and Overdue,-0.3281453747505765
618615,Sanchore - Santalpur from km 99.000 - km 130.073 of NH-754K AJ-RGBS-Package-4,NHAI,Ministry of Road Transport & Highways,Roads & Highways,Gujarat,778.15,835.55,99.7,2026-07,0.926699644192112,10.992985126074482,0.9227454373680873,25.17055452045371,44.63909008933322,92.47225407800997,Red,,-0.48259106172271515
618806,Improvement of 4L road to 6L road and 4L dedicated Port Roads for the Port connectivity road from Convent junction to Sheelanagar Junction,NHAI,Ministry of Road Transport & Highways,Roads & Highways,Andhra Pradesh,685.99,680.21,79.0,2026-07,0.8887242258902617,6.095550946216001,0.9606877791859815,9.703441145985078,12.524929130001997,92.47060025381215,Red,,0.10437613691587444
618895,Kamalapuram to Oddanchatram from km. 0.00 to km. 35.822,NHAI,Ministry of Road Transport & Highways,Roads & Highways,Tamil Nadu,1319.42,1319.42,93.6,2026-07,0.9350644259765853,7.2519428232750425,0.9136810624249165,15.357786664425953,21.499152314598902,92.4372744200751,Red,,-0.5329678912254536
618852,4L Sundar Nagar Bypass from Km.173.900 to Km.179.600 of NH-21,NHAI,Ministry of Road Transport & Highways,Roads & Highways,Himachal Pradesh,191.11,192.11,100.0,2026-07,0.9301630252068015,10.436605645955655,0.917749779571365,7.40061924851378,56.07816453251165,92.39564023890833,Red,,0.2229578818448772
618809,4L of Beas-Mehta-Batala-Dera Baba Nanak from intersection with Jalandhar-Amritsar Highway NH-3 near Beas till start of Batala Bypass near Village Acchhal from Km. 0.000 to Km. 31.300 Pkg-1,NHAI,Ministry of Road Transport & Highways,Roads & Highways,Punjab,809.51,966.99,68.2,2026-07,0.9330969771871389,7.258780478966682,0.9135077468412068,21.648712751067247,40.84009874277797,92.33023620141729,Red,,-0.8445492396469234
618778,4L of Madanapalle to Pileru Section from Km 0.000 to Km 55.900 of NH-71Package-I,NHAI,Ministry of Road Transport & Highways,Roads & Highways,Andhra Pradesh,1877.47,1994.1,94.9,2026-07,0.9167700493588484,10.588821495861476,0.9277283343056035,7.682253867818715,13.047474407961625,92.2249191832226,Red,,1.04251194889612
618949,4L of Basukinath- Deoghar Section of NH-114A,NHAI,Ministry of Road Transport & Highways,Roads & Highways,Jharkhand,1444.94,1553.76,90.53,2026-07,0.9812939847160486,11.767459541216773,0.8617173705917792,11.07241467758586,13.067769880907468,92.15056776539139,Red,,-2.933934923903905
618526,6L of Gundugolanu Design km 1023.280 to Kalaparru Design km 1050.680 of NH-5 New NH-16,NHAI,Ministry of Road Transport & Highways,Roads & Highways,Andhra Pradesh,665.59,665.59,95.73,2026-07,0.8995124185651356,2.519612697925395,0.9430225409072261,15.953677342212886,43.8393811273666,92.12674797361808,Red,,-0.22722904208256978
618758,6L accesscontrolled highway from km 0000 to km 40080 Paniyala to Mator Section of Paniyala-Barodameo ICR,NHAI,Ministry of Road Transport & Highways,Roads & Highways,Rajasthan,1764.86,1239.24,42.75,2026-07,0.9893869025803474,16.0758721897561,0.8528730540750125,23.29968629665214,21.779559980426054,92.112997832768,Red,,2.588195393643076
618704,6L Flyover including RE Wall approaches with Flexible Pavement in the Elephant Corridor of Angul Sambalpur Section of NH-42 New NH-55 Km.202.533,NHAI,Ministry of Road Transport & Highways,Roads & Highways,Odisha,150.86,106.32,100.0,2026-07,0.8602642353892002,3.7521609482010367,0.9815770323018921,26.13693100535555,141.30736799464665,92.0920633845546,Red,,1.4142183425785362
618878,Rehabilitation and Upgradation to 4L configuration & Strengthening of Sihuni to Rajol from Km 51.000 to Km 72.000 of NH-154 Package-IIA,NHAI,Ministry of Road Transport & Highways,Roads & Highways,Himachal Pradesh,696.65,776.59,99.18,2026-07,0.9009829089752766,11.385692616894177,0.9396821233969411,8.159208324967187,16.93617426106091,92.03325161861089,Red,,-0.6371494711406029
619305,4L of Munger Mirzachauki section from start of existing Bhagalpur bypass to Rasulpur from Km 125000 to Km 157350 Pkg-3,NHAI,Ministry of Road Transport & Highways,Roads & Highways,Bihar,1769.5,2024.59,77.3,2026-07,0.8875363129282225,5.724540566745048,0.9526371956343455,20.632607706184753,55.22737763672356,92.00867542812841,Red,,-1.5249867780542417
618836,4L of Ratnagiri - Kolhapur section from km 67.140 to km 112.340 of NH-166 Pkg II,NHAI,Ministry of Road Transport & Highways,Roads & Highways,Maharashtra,1985.38,1798.0,81.57,2026-07,0.9111436901196606,8.912157415791688,0.928788554888859,28.33813473160795,58.12794090302407,91.99661225042598,Red,,1.1493545400468719
618941,4L of Bamni - Rajura - Warur - Devada upto M.S. Border of NH - 930D from km 19.000 to km 51.985,NHAI,Ministry of Road Transport & Highways,Roads & Highways,"Multi-States (Maharashtra, Telangana)",968.05,1187.19,78.16,2026-07,0.9087890700076232,8.685116295195053,0.9300789059890245,7.732195056169729,43.3843468744098,91.9433987998324,Red,,-2.688970060188936
618851,Pandoh bypass 221.305 to Takoli 242.000 of NH-21 in the state of Himachal Pradesh,NHAI,Ministry of Road Transport & Highways,Roads & Highways,Himachal Pradesh,3419.95,4465.94,95.65,2026-07,0.9656585704519157,3.1312898924780597,0.8730668596596858,10.434541814433096,15.373611301370207,91.93627150558008,Red,,2.661347898069863
618566,4L Green Field Northern East side Gorakhpur Bypass 26.616 Kms starting from NH- 29E Chainage 83.308 and end at NH-28 Chainage 285.100,NHAI,Ministry of Road Transport & Highways,Roads & Highways,Uttar Pradesh,1973.98,1244.44,73.78,2026-07,0.9584399844703972,10.690412412447529,0.879899686786374,19.327031171564467,20.984775331981776,91.91698356283857,Red,,1.1950468202929017
618634,6L of Veera Kaveri Raja Puram to Pondavakkam from km 61.380 to km 96.040 of NH 716B Pkg-III,NHAI,Ministry of Road Transport & Highways,Roads & Highways,"Multi-States (Andhra Pradesh, Tamil Nadu)",1439.77,1439.77,98.89,2026-07,0.9014620556461167,8.836943591294066,0.9352509870354655,13.00073203399816,11.250204830597157,91.83565213407911,Red,,0.1973112885648618
618947,4L of NH-80 from km 215.00 to km 260.00 Mirza Chauki to Farkka Pkg-I,NHAI,Ministry of Road Transport & Highways,Roads & Highways,Jharkhand,1504.8,1508.21,91.83,2026-07,0.9836838123455803,10.367732963319737,0.8526686760413665,12.938954632443844,39.014520041541985,91.81762441934734,Red,,-0.8433774747568918
619112,6L Kantakapalle Sabbavaram Section of NH-130CD Road from Km 445.100 to Km 464.662 Pkg-4,NHAI,Ministry of Road Transport & Highways,Roads & Highways,Andhra Pradesh,1012.57,1012.57,84.6,2026-07,0.8668732946324621,7.994589481236996,0.968479646217782,9.755618575252724,12.661289214715854,91.76764704251221,Red,,-1.9757150260444547
618825,Bridge over Ganga River at d/s of Farraka Barrage including Approaches connecting Farakka-Raiganj,NHAI,Ministry of Road Transport & Highways,Roads & Highways,West Bengal,622.04,646.1,96.71,2026-07,0.944249355895344,14.329313450725316,0.8901085904283145,20.135713847943563,48.95648472305461,91.71789731618291,Red,,-1.1202703169260246
618581,Hosur to Dhamrapuri Pkg-1 [Neraluru - Thorapalli Agraharam],NHAI,Ministry of Road Transport & Highways,Roads & Highways,"Multi-States (Karnataka, Tamil Nadu)",1828.66,1828.66,78.7,2026-07,0.97411450808561,9.758359170038837,0.8600465727941903,9.428274810899032,20.47155081770383,91.70805404399,Red,,-1.3312994540940224
619155,Upgradation and 4L of Haridwar Bypass from Km 0.000 Km 188.100 of NH-58 to Km. 15.100 Km 5.100 of NH 74 PKg-1,NHAI,Ministry of Road Transport & Highways,Roads & Highways,Uttarakhand,1602.89,1423.89,80.36,2026-07,0.9842522587717804,13.33043822205738,0.8490784553085173,12.697712463104432,39.115425916043534,91.66653570401489,Red,,0.5749948453864278
618827,4 Laning of NH-544D from Km 37.000 to km 69.000 of Muchukota- Bugga section Pkg-2,NHAI,Ministry of Road Transport & Highways,Roads & Highways,Andhra Pradesh,1097.57,1055.23,84.92,2026-07,0.8590821664019342,8.444198453666417,0.9738344106524207,10.862799882585298,14.428282703439102,91.64582885271774,Red,,-2.2721336314545653
618529,Varanasi Ring Road Pkg-II connecting Sandaha Village km 11.70 / NH-29 with Revasa Village km 818.80 / NH-2,NHAI,Ministry of Road Transport & Highways,Roads & Highways,Uttar Pradesh,1991.71,1832.66,96.86,2026-07,0.9333852886146898,9.93665862399343,0.8992492819994913,11.868967976843942,21.10382072460868,91.63172853070905,Red,,1.5999508454781193
619072,Bangalore/TN border to Hoskote,NHAI,Ministry of Road Transport & Highways,Roads & Highways,Karnataka,1181.68,1297.76,94.89,2026-07,0.9198890681718451,7.767553294695852,0.9100799117896924,13.130471797251989,21.718195942929192,91.49844899807688,Red,,-1.330526276471744
618898,Balance Works for Four laning of Vikravandi to Sethiyathope section from Km 0.0 to Km 65.96 of NH-45C in Tamil Nadu under NHDP Phase-IV on EPC mode,NHAI,Ministry of Road Transport & Highways,Roads & Highways,Tamil Nadu,1163.17,834.46,37.62,2026-07,0.8544079035403938,7.798222404241857,0.9745958045981026,23.341371019759954,48.58352402552654,91.45018540692482,Red,,-0.9609236588450614
618759,4L PS Mydukur - Badvel from Km 585.820 to Km 630.960 of NH-67,NHAI,Ministry of Road Transport & Highways,Roads & Highways,Andhra Pradesh,1063.57,1103.87,90.4,2026-07,0.8686022844701128,8.84846294419294,0.959912948178065,9.345593025549123,11.45593780615673,91.42576163240889,Red,,1.3341514212254566
618906,4L of Amritsar-Ghoman - Tanda - Una Section from Km 8.270 to Km 54.000 of NH- 503A Package-I,NHAI,Ministry of Road Transport & Highways,Roads & Highways,Punjab,857.91,1443.47,68.9,2026-07,0.9607257681831393,5.612708508231112,0.866818082728526,23.415836675813658,58.03218155604498,91.37719254558327,Red,,0.5207460508225665
618804,Dedicated Port road to Krishnapatnam Port Package-I from Km. 0.000 to Km. 18.000,NHAI,Ministry of Road Transport & Highways,Roads & Highways,Andhra Pradesh,348.72,341.36,80.19,2026-07,0.8732891148949625,3.673272582099324,0.9535823916725119,7.277476514202549,20.03902345625951,91.34357532837372,Red,,-2.595902455587961
618492,Delhi-Amritsar-Katra Expressway Phase-I Pkg-XII from Junction with Amritsar-Mehta- SriHargobindpur-Tanda road NH-503A near SriHargobindpur to Junction with Pathankot-Gurdaspur road NH-54 near Gurdaspur Km 362420 to km 397700,NHAI,Ministry of Road Transport & Highways,Roads & Highways,Punjab,1734.18,1538.47,27.6,2026-07,0.8928691536001785,12.113879137330889,0.9331941855263816,38.292798212972336,59.564481412721605,91.30316695632801,Red,,1.0325761049033702
618612,Deogarh near Dhandhaniya-Rajasthan/Gujarat Border Phase-I AJ/DRGB-Package-6,NHAI,Ministry of Road Transport & Highways,Roads & Highways,Rajasthan,846.59,740.62,100.0,2026-07,0.882542742634184,1.8756460407280715,0.9431225729922756,26.277949756724777,42.0222652474971,91.28326578132298,Red,,1.1995179295525418
618475,Bangalore Chennai Expressway Phase-II Pkg-II from km.96.000 to Km 127.000 Baireddypalle to Bangarupalem section,NHAI,Ministry of Road Transport & Highways,Roads & Highways,Andhra Pradesh,2548.04,2548.04,94.24,2026-07,0.8518108449905638,8.707835874467692,0.9704455337977564,9.67845276921855,11.965823886663182,91.112818939416,Red,,-0.4889167928991611
618531,6L of Aurangabad to Bihar-Jharkhand border Chordaha section from km. 180.000 to km. 209.827 of NH-2 PKG-01,NHAI,Ministry of Road Transport & Highways,Roads & Highways,"Multi-States (Bihar, Jharkhand)",1054.46,786.81,37.93,2026-07,0.9519196970668925,10.579094188700715,0.8696500628285629,21.394370887617846,62.39462046541524,91.07848799477277,Red,,1.9491925649854664
618765,4L of Karimnagar-Warangal section from km 49.500 to km 117.820 of NH-563,NHAI,Ministry of Road Transport & Highways,Roads & Highways,Telangana,2146.86,2486.51,92.4,2026-07,0.9252622451853256,9.86261008477705,0.8958085443784892,11.499807467442748,18.638894504902147,91.05353947819074,Red,,-0.39044560106886195
619164,Belgaum-Khanapur Pkg I Km 0.000-Km 30.800 of NH-4A,NHAI,Ministry of Road Transport & Highways,Roads & Highways,Karnataka,1214.3,1195.74,75.72,2026-07,0.856660058668737,8.535421515473807,0.9620835235530644,22.77488430485207,48.75177060043588,90.93717911109007,Red,,-2.8065161366552047
618599,6L of Ramanatukkara Junction to start of Valanchery bypass section of NH-66,NHAI,Ministry of Road Transport & Highways,Roads & Highways,Kerala,4919.46,4919.46,100.0,2026-07,0.8884354518823306,8.437444332601169,0.9301473762709594,5.03533228404223,15.021648643396679,90.9291414076645,Red,,6.03744367207814
618457,Delhi-Vadodara Greenfield Alignment NH-148N Pkg-10 Ch. 292.950 to Ch. 319.400 [End of Interchange on NH-166 near village Mui to Hardeoganj village near Indergarh],NHAI,Ministry of Road Transport & Highways,Roads & Highways,Rajasthan,1272.97,1265.16,95.25,2026-07,0.9374562675770564,5.396034915301646,0.8800287833097636,13.425002809755926,32.04857298501069,90.874252544341,Red,,1.3841524170304638
618905,Widening with additional 3L abetting Chhapra Bypass Section of NH-19 from Km. 143.200 to Km. 159.255 Pkg-1,NHAI,Ministry of Road Transport & Highways,Roads & Highways,Bihar,470.5,528.48,77.28,2026-07,0.8540244648132624,9.878788337978563,0.9629265621163433,11.101899226635036,42.71186101217165,90.84755134648029,Red,,1.4282735678253715
618826,4 Laning of NH-544D from Km 0.000 to km 37.000 of Anantapur- Muchukota section Pkg-1,NHAI,Ministry of Road Transport & Highways,Roads & Highways,Andhra Pradesh,907.76,905.98,92.34,2026-07,0.8763677736910866,8.560090414576752,0.940454125973795,9.072818926504999,13.089721181288786,90.84109498324409,Red,,0.3148648409626418
619126,6L Access Controlled Greenfield Highway from Marripudi Ch. 285500 to Somavarappadu Ch. 314600 of [NH-544G] Package-13,NHAI,Ministry of Road Transport & Highways,Roads & Highways,Andhra Pradesh,976.41,798.71,73.0,2026-07,0.8697058428848868,5.08276392298343,0.9469315619911237,27.136556630703854,31.787303695607896,90.83187024380052,Red,,-1.2080895487278838
618746,Khammam-Devarapalle Pkg I [4L Access Controlled Greenfield from Thallampadu village to Somavaram village Design Chainage 0000 to 33604],NHAI,Ministry of Road Transport & Highways,Roads & Highways,Telangana,797.36,1337.18,97.26,2026-07,0.9347191135068594,9.49913004683665,0.8766040976621597,10.163506148738831,29.67257559617808,90.56616055845096,Red,,1.882603756642439
618862,Bakhtiyarpur-Rajauli Pkg-III from km. 101.630 to km.152.520,NHAI,Ministry of Road Transport & Highways,Roads & Highways,Bihar,2156.22,3046.61,99.14,2026-07,0.840033246124724,4.295886317795344,0.9708259612426271,16.28068718048413,36.38861137512942,90.54296036836756,Red,,-2.178672828072635
618616,4L of Dhrol bypass section of NH-151A Approx. length 5.7 Km & widening upto 4 laning of missing link of Amran section of NH-151A Approx. length 6.55 Km from existing Ch. 42000 to 48500 of ongoing Dhrol-Bhadra-Pipaliya section of NH-151A,NHAI,Ministry of Road Transport & Highways,Roads & Highways,Gujarat,625.58,455.54,35.47,2026-07,0.8510079405398857,6.6814671909789904,0.9594791077928927,34.155288047264875,58.19176494734223,90.52435241663892,Red,,2.1698663150153408
618914,"4L Elevated Corridor and at-grade improvements from Design Ch0000 to Design Ch 19870 of Danapur Bihta Section, Design Ch0000 to Design Ch0231 connecting the existing RoB near Danapur station ,1.35 Km ramps and at-grade improvements to 4- lane section on Danapur side and Upgradation of existing Two lane carriageway to Four Lane carriageway from Design Ch19870 to Design Ch23500 of Bihta - Koilwar section",NHAI,Ministry of Road Transport & Highways,Roads & Highways,Bihar,4432.97,2625.4,63.91,2026-07,0.8358583038342761,9.77938597638987,0.9724522474602978,21.19127843573332,59.09213804051903,90.41552756472869,Red,,0.08946345682164747
618594,Balance work of 4L Panvel to Indapur section of NH-66 Old NH- 17 from km 0.000 Panvel to km 42.300 Kasu,NHAI,Ministry of Road Transport & Highways,Roads & Highways,Maharashtra,329.82,196.87,98.66,2026-07,0.8412093069068585,10.778734442593228,0.9655464213676318,35.04146621377247,74.1072204557704,90.33778641372452,Red,,-4.830238634956245
618632,6L Access Controlled Greenfield Highway of Nandinne village to Julekal village from Km 202.900 to Km 242.200 Pkg-1,NHAI,Ministry of Road Transport & Highways,Roads & Highways,"Multi-States (Karnataka, Telangana)",972.06,1044.06,93.79,2026-07,0.9520558300471351,9.316170144489497,0.8513896275472822,2.7813009937813282,21.06690254769269,90.17227287972088,Red,,-0.8609275683939757
618844,Viluppuram Km.0.000 to Puducherry Km.29.000,NHAI,Ministry of Road Transport & Highways,Roads & Highways,"Multi-States (Puducherry, Tamil Nadu)",1358.31,1162.44,98.32,2026-07,0.8445508524090443,8.489086339631562,0.9552541336326733,27.370988586152833,32.22910297507456,89.99024930208589,Red,,1.0264000245910125
618928,"Improvement & Up-gradation of NH-734 Section of Moradabad-Thakurdwara Kashipur including Moradabad & Kashipur Bypasse Package-III Kashipur Bypass Length 14.490 Km., Starts from Ch. 38770 and ends at Ch. 53260 existing Ch. 05560",NHAI,Ministry of Road Transport & Highways,Roads & Highways,"Multi-States (Uttar Pradesh, Uttarakhand)",936.12,717.5,53.84,2026-07,0.9615918699711986,9.675190539155805,0.8376385836980864,17.33335180264544,63.45293192526992,89.96152268346424,Red,,2.7934628419903618
618514,6L of Kagal-Satara section from Km 658.000 to Km 725.000 of NH-48 Pkg-II,NHAI,Ministry of Road Transport & Highways,Roads & Highways,Maharashtra,2330.71,317.4,90.12,2026-07,0.8914318193195456,15.5400118627969,0.9062651156635787,28.72741913587052,51.39459420283176,89.88484674915622,Red,,-0.6087990651215875
618473,Vadodara Mumbai Expressway Phase II - Pkg XVII [Km. 69.800 to Km. 79.783 of Spur] Bhoj - Morbe,NHAI,Ministry of Road Transport & Highways,Roads & Highways,Maharashtra,2208.68,2463.02,90.73,2026-07,0.8737576231852519,8.986612836715159,0.9238659782666978,22.129065662461972,41.63899345969351,89.88118007259749,Red,,0.5224863616125361
618513,6L of Kagal-Satara section from Km 592.500 to Km 658.000 of NH-48 Pkg-I,NHAI,Ministry of Road Transport & Highways,Roads & Highways,Maharashtra,2111.95,1435.46,51.14,2026-07,0.912716777031116,10.183016295575102,0.8837606480086504,28.73804980913436,56.07316104817448,89.82387125198832,Red,,0.680795088202629
618830,4L from Km 147.450 Bhogu to Km 196.870 Sankha on NH-75 Sec-III,NHAI,Ministry of Road Transport & Highways,Roads & Highways,Jharkhand,1517.87,1652.09,76.95,2026-07,0.9612547554716087,10.596555909080971,0.8351226896569485,12.942279013517071,13.885221905223828,89.81887225642787,Red,,0.3339153235044705
618799,Belakeri Port to Kumta - Sirsi road from km 0.00 - km 4.265 of Belekeri Port Road Link Rd. and km 4.965 - km 60.00 of SH-69,NHAI,Ministry of Road Transport & Highways,Roads & Highways,Karnataka,440.16,456.79,95.23,2026-07,0.9339921541651702,8.580817091744024,0.862357986505786,22.389319400689637,62.37831240603049,89.8175070335478,Red,,-4.616963069654346
618715,6L Access Controlled Greenfield Highway from Odulapalle Ch. 72000 to Nallacheruvu- palli Ch. 96300 of [NH-544G]Package-4,NHAI,Ministry of Road Transport & Highways,Roads & Highways,Andhra Pradesh,1058.9,946.1,76.97,2026-07,0.8461275755623866,6.106922702141789,0.9500463334639188,12.049208640431639,13.814623713176227,89.80869545131527,Red,,-2.997284954568272
618547,2L NH-1 from km 8.660 to km 33.775 Sumbal to Wayul to 4L dual carriageway NH standard as part of Srinagar Ring Road PhaseII [Design Ch. 41.907 to Ch. 66.609],NHAI,Ministry of Road Transport & Highways,Roads & Highways,Jammu and Kashmir,961.0,643.64,55.02,2026-07,0.928586030096693,7.847024849959916,0.8671142390387342,26.025514237402426,51.08734109321427,89.78501345677137,Red,,-1.7169091326289134
618803,Development of 4L Road from Samarlakota to Achampeta Junction as part of Kakinada Port Connectivity to NH-16 Rajanagaram Junction in East Godavari District,NHAI,Ministry of Road Transport & Highways,Roads & Highways,Andhra Pradesh,645.63,750.2,93.0,2026-07,0.8169616457068319,5.117762379270551,0.9784139477181598,11.907059185046515,23.985557261298467,89.76877967124959,Red,,-3.3406835957408276
618712,6L Access Controlled Greenfield Highway from Kodur Ch. 0000 to Vanavolu Ch. 24300 of [NH-544G] Package-1,NHAI,Ministry of Road Transport & Highways,Roads & Highways,Andhra Pradesh,912.94,798.25,87.65,2026-07,0.8311169476408296,5.235102835726179,0.9615021196880948,26.97607022260767,14.698482582417645,89.63095336644622,Red,,-2.3265451255201697
618523,Bhadrak KM 136.500 to Baleshwar KM 199.141,NHAI,Ministry of Road Transport & Highways,Roads & Highways,Odisha,844.67,1394.82,91.32,2026-07,0.9123498961856601,7.644333497617463,0.8777080435820509,19.25061382078939,29.879680582885975,89.50289698838554,Red,,0.6834907117349758
619211,6L of MH/KN Border Nimbal Village to KN/TS Border Singnodi Village from Km. 97.000 to Km. 162.500 in Yadgir of NH-150C Pkg-III,NHAI,Ministry of Road Transport & Highways,Roads & Highways,Karnataka,2104.7,2065.83,73.9,2026-07,0.8581960853133028,8.045655502033744,0.9317309360179595,6.583942446821785,27.17332840175577,89.49635106656312,Red,,-0.05373814929969001
618810,4L of existing Beas Baba Bakala - Dera Baba Nanak Section from start of Batala Bypass till intersection with Ajnala Gurdaspur Highway NH 354 near Dera Baba Nanak from Km. 31.300 to Km. 69.100 with Additional batala Bypass Pkg-II,NHAI,Ministry of Road Transport & Highways,Roads & Highways,Punjab,1003.38,993.6,80.9,2026-07,0.9063638104660039,7.541208721546733,0.8823753184367816,22.712183701363625,67.07473739201227,89.43695644513927,Red,,-1.025539404676465
702699,Muzaffarpur Storm Water Drainage Phase-I Project,Ministry of Housing & Urban Affairs,Ministry of Housing & Urban Affairs,Waste & Water,Bihar,158.78,158.78,85.0,2026-07,0.9265794573850549,12.325608738428862,0.8616223749975457,23.013827878420617,97.61449799013614,89.41009161913003,Red,,0.0
618645,4L of Gola-BokaroJaina More section from Km 53.600 to Km 21.110 of NH-320PKG-1,NHAI,Ministry of Road Transport & Highways,Roads & Highways,Jharkhand,1007.97,1030.64,78.1,2026-07,0.9677414524363647,11.073350677334682,0.819796514131552,8.949289079587425,11.20282093127469,89.37689832839584,Red,,-1.5647178468215657
618911,4L Greenfield Western Side spur of Rampur-Rudrapur Section from Km 0.000 to Km 13.700 connecting NH-24 to NH-87 bypassing rampur town,NHAI,Ministry of Road Transport & Highways,Roads & Highways,Uttar Pradesh,646.27,637.83,63.79,2026-07,0.9746883072289428,10.257211619481085,0.8111242138290942,-0.6008610491342298,16.93797520890834,89.29062605290186,Red,,3.8954240069001997
619140,6L of Naidupeta Junction - Turpukanupur Section from km 57.046 to km 91.927,NHAI,Ministry of Road Transport & Highways,Roads & Highways,Andhra Pradesh,1398.84,965.58,53.7,2026-07,0.8848908602542217,6.087576826715368,0.8985340946419845,21.568813304107305,21.527198296403196,89.17124774481032,Red,,0.4439372651763449
619308,6L access-controlled highway from Ganeshpur tonear Mohand of Ganeshpur Dehradun section from Km.0 to Km.8.3 of NH-72A Package-1,NHAI,Ministry of Road Transport & Highways,Roads & Highways,Uttar Pradesh,836.24,835.74,98.92,2026-07,0.8543211882742097,8.989295073979047,0.928550229585329,8.780228062455903,21.92363898425979,89.14357089297692,Red,,1.331069018730858
619106,4 Lane with PS from Des. Ch 182.300 to Des. Ch. 228.500 of Belgaum-Hungund- Raichur Section of NH 748 A Package-5,NHAI,Ministry of Road Transport & Highways,Roads & Highways,Karnataka,1141.88,868.65,40.63,2026-07,0.8555850027882019,7.349816850269318,0.9263524282534934,30.902503272720452,58.15664505512976,89.09687155208476,Red,,-2.310218436890864
618681,6L Aluru - Jakkuva Section of NH-130CD Road from km 365.033 to km 396.800 Pkg. 1,NHAI,Ministry of Road Transport & Highways,Roads & Highways,"Multi-States (Andhra Pradesh, Odisha)",1216.12,1241.66,99.63,2026-07,0.8408488797116711,15.472469358530875,0.9401530687913928,27.447292924889986,14.27320936355655,89.0500974251532,Red,,0.7158779747282011
618644,4L of Ormanjhi-Gola section from Km 81.450 to Km 53.600 of NH- 320BPKG-II,NHAI,Ministry of Road Transport & Highways,Roads & Highways,Jharkhand,1214.93,1462.19,86.57,2026-07,0.95479589416457,8.947375762154072,0.824881563622033,8.956235583173802,13.212510218832698,88.98387288933016,Red,,-1.5105694999157322
705752,Gudha-Thathana Mithri - Construction of dedicated test track for testing and trial of rolling stocks and infrastructure components umbrella work PB23/2018-19/NR,CAOC/NWR NWR mor,Ministry of Railways,Railways,Rajasthan,819.48,540.0,95.0,2026-07,0.8779509222521593,9.460146791993967,0.9006717756537428,24.102772980687202,57.14493315789052,88.9311348952951,Red,Rapidly Deteriorating,40.135675770459606
618838,4L of Karwar Km. 281.980 of NH-62 Nagaur road to Dangiyavas of Jodhpur Ring Road Pkg-II,NHAI,Ministry of Road Transport & Highways,Roads & Highways,Rajasthan,736.75,512.77,100.0,2026-07,0.9044998367076658,6.251687802677615,0.8727122356729533,15.610530062760134,49.15398554118392,88.86060361903095,Red,,-0.7418134107407184
618605,Thuravoor Thekku-Paravoor,NHAI,Ministry of Road Transport & Highways,Roads & Highways,Kerala,2878.97,2638.67,81.49,2026-07,0.9287354755615332,6.162487140930125,0.8484271155429852,12.09031861577196,24.991025166757684,88.85812955522591,Red,,0.47741352002397264
618606,Paravoor-Kottankulangara,NHAI,Ministry of Road Transport & Highways,Roads & Highways,Kerala,3273.61,3200.24,71.2,2026-07,0.8978295745103013,8.23451150317683,0.8791590034096495,5.867557953179423,28.55064013414152,88.84942889599753,Red,,5.674880679255409
400081,"National Sports University [NSU], Imphal [Manipur]",Department of Sports & Youth Affairs,Department of Sports,Education,Manipur,906.47,611.74,97.5,2026-07,0.8524759635185878,9.049562943432083,0.921748126246488,16.848559145228023,51.677352586947585,88.7112044882538,Red,,-0.8798525649332447
618764,Moga - Bagha Purana - Bajakhana from km. 0.00 to km. 43.32,NHAI,Ministry of Road Transport & Highways,Roads & Highways,Punjab,1032.59,1264.17,76.0,2026-07,0.9608967496494717,10.375540924986542,0.8116994623991562,23.833678957282444,64.2706484634943,88.6298106024314,Red,,-1.41218439082688
618794,Amritsarairport Junction - Ramdas from km. 100.835 to km. 139.813 Pkg - IV,NHAI,Ministry of Road Transport & Highways,Roads & Highways,Punjab,524.88,416.58,96.0,2026-07,0.9539357551566924,6.536879406243966,0.8162150870267522,30.385064479855615,69.88920784138402,88.50754210917222,Red,,0.0
618684,Outer Ring Road of Jabalpur Town from Manegaon to NH-45 Pkg-2,NHAI,Ministry of Road Transport & Highways,Roads & Highways,Madhya Pradesh,917.26,786.47,78.75,2026-07,0.9053053225117158,8.442550277311957,0.862591955504226,25.352776389364557,25.521207283741195,88.39486390079709,Red,,3.334681620464224
618853,Construction of Four lane Elevated Structure at Raniwada Circle in Sanchore City on NH-68,NHAI,Ministry of Road Transport & Highways,Roads & Highways,Rajasthan,353.3,241.34,89.37,2026-07,0.8123149914880069,7.1371319938849185,0.9555666225531612,22.996156582054237,76.33561849008439,88.3940807020584,Red,,-1.1658391287521965
705375,Koderma-Tilaiya 68 km,CAO/Con/South/MHX ECR mor,Ministry of Railways,Railways,"Multi-States (Bihar, Jharkhand)",1626.0,2433.13,90.0,2026-07,0.9344696739814585,11.377197606717896,0.8324131724879806,25.733290708679586,45.97190443380692,88.34414232347197,Red,,8.919106338503752
618884,Construction of Four Lane Highway from Ghazipur- Ballia-UP/Bihar State Border Greenfield section of NH-31 Package II [from Shahapur km 42.500 to Pindari km 78.150] on EPC Mode in the state of Uttar Pradesh.,NHAI,Ministry of Road Transport & Highways,Roads & Highways,Uttar Pradesh,1493.65,1311.44,98.4,2026-07,0.9141808217046503,9.980288651529825,0.8521642804129954,6.059859061986015,12.400426185576546,88.31725510588228,Red,,-4.600355916219243
618497,Delhi Amritsar Katra Expressway Phase-II Pkg XVIII Development and Upgradation of Four lane Access Control Expressway from Design Chainage KM 530.00 to KM 545.300 Sidhra to Domel Section of NH-44,NHAI,Ministry of Road Transport & Highways,Roads & Highways,Jammu and Kashmir,1025.73,975.38,70.17,2026-07,0.9596574251731871,7.821638995151798,0.8063810777043326,12.89065230461236,29.19167112251615,88.30192514387598,Red,,5.683005887717741
618772,6L of Kumarajapet to Veera Kaveri Raja Puram from km 43.800 to km 61.380 of NH- 716B Pkg-II,NHAI,Ministry of Road Transport & Highways,Roads & Highways,"Multi-States (Andhra Pradesh, Tamil Nadu)",702.52,799.36,99.8,2026-07,0.911508843211133,11.586030388108394,0.8533221649216605,7.581010825891078,11.861280047933828,88.24155040663967,Red,,-1.3523531108585587
619307,4L of Munger Mirzachauki section from Km 157350 to Km 193931 Pkg-4,NHAI,Ministry of Road Transport & Highways,Roads & Highways,"Multi-States (Bihar, Jharkhand)",1376.56,1481.58,92.74,2026-07,0.8329685913872547,7.4417968566271675,0.930666415541098,21.914895757213802,27.102016799665506,88.18175034641763,Red,,0.06757637007252981
618600,6L of Valanchery bypass to Kappirikkad of NH 66 from km. 298500 to km 335850,NHAI,Ministry of Road Transport & Highways,Roads & Highways,Kerala,4023.94,4023.94,100.0,2026-07,0.8884354518823306,8.752291461070008,0.8730617056683043,2.6990539517202743,15.679620285108529,88.07485787753176,Red,,2.537232569348248
618486,Delhi-Amritsar-Katra Expressway Phase-I Pkg-V from Junction with Ambala-Kaithal- Hissar road NH-152 near Kharak Pandwa village to Junction with Patiala-Samana- Patran road SH-10 near Ghagga village Km 120250 to Km 157920,NHAI,Ministry of Road Transport & Highways,Roads & Highways,"Multi-States (Haryana, Punjab)",1741.86,2281.02,98.7,2026-07,0.9762024425402728,11.29151133968507,0.7834003371732962,10.226409031302545,18.405909615390822,87.98013898567845,Red,,4.360415423636255
612140,Transmission Scheme for Integration of Renewable Energy Zone [Phase II] in Koppal II [Phase A&B] and gadag II[Phase A] in Karnataka [POWERGRID KOPPAL GADAG TRANSMISSION LIMITED],Power Grid Corporation of India Limited [POWERGRID],Ministry of Power,Transmission & Distribution,Karnataka,4445.0,4445.0,95.95,2026-07,0.9655216347304192,11.538350012612021,0.7939844567825779,0.0,26.451766677288393,87.97530457564986,Red,,-0.8083031876692672
618601,6L of Kappirikkad to Thalikulam section from km 335.85 to km 369.015 of NH - 66 old NH-17,NHAI,Ministry of Road Transport & Highways,Roads & Highways,Kerala,4225.59,4225.59,95.27,2026-07,0.914587964314663,7.90734736446565,0.8442142152960914,3.142386662353161,14.162847678242755,87.94010898053773,Red,,6.630444726172669
619168,6L access controlled Greenfield highway of Junction of EPE Vill.-Mavikalan to Vill.- Lohadda from Km. 0.000 to Km. 27.000 Pkg-1,NHAI,Ministry of Road Transport & Highways,Roads & Highways,Uttar Pradesh,1602.48,1497.94,99.29,2026-07,0.9243677853954584,9.099309681659077,0.8330687126368709,10.3154982990882,15.37058585562411,87.87182490161646,Red,,-0.03208960771388547
618922,4L of Shakral Village to Dhalli Section from Km 146.300 to Km 156.560 Shimla Bypass - Pkg II and Shimla connectivity from Km 0.000 to Km 0.725 of NH-5,NHAI,Ministry of Road Transport & Highways,Roads & Highways,Himachal Pradesh,1956.26,2880.72,59.88,2026-07,0.7634751503199012,6.424143644509747,0.9937433745220746,16.05249411121037,32.106062730294276,87.86092624209878,Red,,-1.7793277378634258
618557,4L of Indora Chowk to Pachpaoli and Agrasen Chowk - Ashoka Chowk,NHAI,Ministry of Road Transport & Highways,Roads & Highways,Maharashtra,1038.84,918.53,84.0,2026-07,0.918679841420871,10.940329660095914,0.8379917008262291,25.05425432843853,49.34375716831014,87.833577112355,Red,,-0.9113444523698035
618777,4L of Pileru to Kalur Section from Km 55.900 to Km 92.800 & Km 94.500 to Km 95.717 of NH-71Package-II,NHAI,Ministry of Road Transport & Highways,Roads & Highways,Andhra Pradesh,1877.47,592.85,98.84,2026-07,0.8097780742700229,18.00544396929465,0.9427670542142785,20.113481985628642,22.30869105533417,87.62725642421508,Red,,1.5828118020805846
619111,6L Jakkuva Korlam Section of NH-130CD Road from km 396.800 to km 421.100 Pkg 2,NHAI,Ministry of Road Transport & Highways,Roads & Highways,Andhra Pradesh,840.51,840.51,99.83,2026-07,0.8124282336100019,12.092358715888137,0.9396730477021765,10.159647172047533,19.360055698093582,87.60506406560893,Red,,0.0
618604,Aroor-Thuravoor Thekku,NHAI,Ministry of Road Transport & Highways,Roads & Highways,Kerala,2429.52,2382.83,91.63,2026-07,0.9579950020852759,11.005555955671941,0.7937285794899023,5.276407666933347,14.416132286822549,87.5861790787589,Red,,0.49489496761373175
618602,6L of Thalikulam to Kodugallur section from km 369.015 to km 397.850 of NH - 66 old NH-17,NHAI,Ministry of Road Transport & Highways,Roads & Highways,Kerala,4302.06,4302.06,95.05,2026-07,0.8492393430981342,9.987138438381084,0.9024723798233277,3.107993247069584,13.645058386999631,87.5855861460731,Red,,5.736759230287433
619127,4L of Greenfield Alignment from Km. 47.000 to Km. 89.210 of Balbhadarpur to Bela Nawda Section of NH-119D,NHAI,Ministry of Road Transport & Highways,Roads & Highways,Bihar,2185.75,2118.46,30.41,2026-07,0.8271254704158122,5.823677468931267,0.924281905602076,14.75076844744371,57.03765859464771,87.57036880089441,Red,Stalled and Overdue,2.3082344312828127
618787,"Upgradation to 4L PS from Bhimasar, Junction of NH-41 to Anjar- Bhuj upto Airport Junction from Km 0.000 to Km 65.478 of NH-341",NHAI,Ministry of Road Transport & Highways,Roads & Highways,Gujarat,1373.06,1687.25,96.0,2026-07,0.9632406531706724,8.166149475206096,0.787774833932791,7.630611402701916,19.241125187657538,87.55077435517317,Red,,-0.14473146850791352
618785,4/6L Greenfield LudhianaRupnagar highway from Jn. with NE-5 village near to ManewalLudhiana to Jn. with NH-205 near Bheora Village Rupnagar from Km 66.0 to Km 91.0 i/c spur to Kharar from Km 0.0 to Km 19.5 with Ludhiana bypass of NH-205K Pkg-3,NHAI,Ministry of Road Transport & Highways,Roads & Highways,Punjab,1501.02,1815.13,80.25,2026-07,0.9180156416933353,8.690095519142718,0.8325023294927217,17.907679314063667,49.87329620361982,87.52589855930285,Red,,-1.9176886736257046
618669,4 -Laning of MP/UP Border to Kabarai section of NH-34&35 from km 197.000 to km 242.991 Length 45.991 Km Sagar-Kabrai Package-5 under Bharat Mala Pariyojana EC in MP & UP on HAM,NHAI,Ministry of Road Transport & Highways,Roads & Highways,Uttar Pradesh,1632.93,1425.43,61.77,2026-07,0.8397750567270301,7.919814175617444,0.9098762907524562,28.082883364514075,13.182865912622418,87.48256737397432,Red,,6.695692283523641
618677,6L Greenfield Kaliagura Baunsaguar Section of NH-130-CD Road from km 249000 to km 293000 Package OD-5,NHAI,Ministry of Road Transport & Highways,Roads & Highways,Odisha,1539.75,1918.49,97.8,2026-07,0.8712422969793914,7.718529236598201,0.8783114695320265,13.46165836039406,17.13976906256505,87.4776883255709,Red,,1.5112382739988703
618081,Construction of Mariahu Bypass with four lane paved shoulder configuration Km. 53.540 to Km.59.200 of NH-135A on EPC mode in the state of Uttar Pradesh,MoRTH,Ministry of Road Transport & Highways,Roads & Highways,Uttar Pradesh,438.24,362.39,55.0,2026-07,0.9587700619397547,7.802177505078888,0.790014234238767,-0.0022262249296718,5.478043761457507,87.4392148089261,Red,,1.482037939742085
619089,Balance work of 4L of NarimbangloJatinga Junction- Harangajoroad section from Km 0.000 to Km 49.230 of NH-27,NHAI,Ministry of Road Transport & Highways,Roads & Highways,Assam,1909.98,2745.74,98.0,2026-07,0.9078031969311214,11.775805513977323,0.8392393107960745,2.3994095241299185,30.781305043570935,87.35212538635979,Red,,-5.39715085047483
618476,Bangalore Chennai Expressway Phase-II Pkg-III from km.127.000 to Km 156.000 Bangarupalem to Gudipala section,NHAI,Ministry of Road Transport & Highways,Roads & Highways,Andhra Pradesh,1407.33,1407.33,99.46,2026-07,0.8119101020752445,10.246735265490663,0.9350027451004623,6.558310385175376,12.827407214367158,87.34564235878534,Red,,-1.183170217493796
618649,4 Lane with PS from Des. Ch 228.500 to Des. Ch. 273.400 of Belgaum-Hungund- Raichur Section of NH 748 A Package-6,NHAI,Ministry of Road Transport & Highways,Roads & Highways,Karnataka,1246.15,1012.78,53.8,2026-07,0.820267470641624,6.857499217581705,0.9242041226011299,32.419856068461456,57.441125124158894,87.2235796621377,Red,,-0.6716640417958217
615333,Transmission System for Evacuation of Power from Rajasthan REZ Ph-IV [Part-2 5.5 GW] [Jaisalmer/Barmer Complex] Part D [SPV Name POWERGRID Beawar Mandsaur Transmission Limited],Power Grid Corporation of India Limited [POWERGRID],Ministry of Power,Transmission & Distribution,"Multi-States (Madhya Pradesh, Rajasthan)",2227.0,2227.0,49.31,2026-07,0.9871921812485741,11.227645340014648,0.7561595984513618,0.0,14.981272937618508,87.1675889849968,Red,,7.29710236833219
709837,"Creation of Gas Dehydration Facilities, Tripura Asset",Oil and Natural Gas Corporation Limited [ONGC],Ministry of Petroleum & Natural Gas,Oil & Gas,Tripura,209.33,131.51,71.3,2026-07,0.7761771790991278,14.099807459129675,0.9647790380524465,16.141578780975383,105.9999127978089,87.04781085757871,Red,,0.31187048992700284
618610,6L of Jodhpur Romana Bathinda - Mandi Dabwali Punjab Haryana Border section of NH-54 from km. 0.000 to km. 27.400 of NH-54,NHAI,Ministry of Road Transport & Highways,Roads & Highways,Punjab,789.26,1318.91,99.0,2026-07,0.9324359379549477,10.514499035226034,0.807359246643404,13.90022740849139,57.94716407189355,86.98975922991758,Red,,-0.04600539304446727
705629,Narayangarh - Bhadrak - 3rd line 155 km,CAO/C/SER SER mor,Ministry of Railways,Railways,"Multi-States (Odisha, West Bengal)",2400.0,3425.32,84.0,2026-07,0.7992076813299155,6.520294322100622,0.9397322039104157,21.167915124546173,23.80894174643424,86.94699426201655,Red,,12.306827842703356
619099,6L Amritsar-Bathinda Greenfield section from Jn. with Moga Jalandhar road NH-703 near Dharamkot to Jn. with Bhagta Bhai Ka-Bhadaur Road near Dyalpura Bhai Ka from km 39.000 to km 93.000 of NH-754A Pkg-2,NHAI,Ministry of Road Transport & Highways,Roads & Highways,Punjab,1801.37,2172.71,66.53,2026-07,0.8184291358555796,7.885494368974625,0.9202166838114862,25.45152220558105,65.77582499766272,86.93229098335328,Red,,2.5202448223555223
618720,6L Access Controlled Greenfield Highway from Audireddipalle Ch. 160000 to Mallapalle Ch. 176000Package-07,NHAI,Ministry of Road Transport & Highways,Roads & Highways,Andhra Pradesh,987.1,848.06,73.78,2026-07,0.8597050809457157,6.25885705878123,0.8788159460912478,26.066744258934566,14.508363600666558,86.92605135184817,Red,,-1.6761526232745467
618586,Improvement and strengthening of existing 2 lane stretch to 2-Lane with PS 1.5m on both sides on Ghoti-Sinnar section of NH-160A using Thin White Topping 200mm thick in the State Of Maharashtra on EPC Mode,NHAI,Ministry of Road Transport & Highways,Roads & Highways,Maharashtra,254.78,147.64,77.0,2026-07,0.7502049769309344,9.04620409452469,0.9882166415055383,39.88692173696471,60.691214242897345,86.92108092182363,Red,,0.2317018510214126
618618,6L Amritsar-Bathinda Greenfield section from Jn. with Bhagta Bhai Ka-Bhadaur Road near Dyalpura Bhai Ka to Jn. with Mandi Dabwali Bathinda Road on NH-54 near Sangat Kalan from km 93.000 to km 154.866 of NH-754A Pkg-3,NHAI,Ministry of Road Transport & Highways,Roads & Highways,Punjab,2029.17,2677.23,74.0,2026-07,0.9309275965381136,8.79556542156009,0.8074316386767433,22.62296719629613,64.5216046110589,86.91796176074284,Red,,0.302697289292297
618907,2L/4L of Hoshiarpur to Una section including Hoshiarpur Bypass of NH 503A,NHAI,Ministry of Road Transport & Highways,Roads & Highways,"Multi-States (Himachal Pradesh, Punjab)",571.34,481.88,26.43,2026-07,0.7892074843349615,7.349621031039112,0.9472932662676878,23.983560271803363,83.31474022776172,86.82503753013246,Red,,-0.5090008867402673
618507,"Balance work of Six Laning of Shamlaji-Motachiloda from Km. 401.200 to Km.494.410 section Design Chainage Km.447.385 to Km 540.595, Length- 93.210 Km of old NH-8 NH-48 in the state of Gujarat on single Percentage Item Rate Contract",NHAI,Ministry of Road Transport & Highways,Roads & Highways,Gujarat,466.8,501.48,91.83,2026-07,0.8270554563996353,4.6152126877203505,0.9092534612537743,17.94776714606163,43.20352174226634,86.81544588267047,Red,,-0.15740331810890495
619318,4/6L Greenfield Ludhiana Rupnagar highway from Jn. with NE-5 village near to ManewalLudhiana to Jn. with NH-205 near Bheora Village Rupnagar from Km. 0.00 to Km. 37.7 including spur to Kharar with Ludhiana bypass of NH-205K Pkg-1,NHAI,Ministry of Road Transport & Highways,Roads & Highways,Punjab,1368.91,1382.48,15.31,2026-07,0.8470488332350838,2.6587762829416164,0.8875902315813696,21.40398605842073,54.31373284418746,86.73195324082268,Red,Stalled and Overdue,-0.20142598746930673
618595,6L of Chengala - Neeleshwaram from km. 56.200 to km. 93.468,NHAI,Ministry of Road Transport & Highways,Roads & Highways,Kerala,1746.45,2538.06,90.82,2026-07,0.8041562490692478,1.994308286986414,0.9277941247160106,12.712479514426665,16.74533730527132,86.59751868926293,Red,,-0.05019775668735349
616615,"Sewer Network, SPS and STP at Begusarai",National Mission for Clean Ganga,"Department of Water Resources, River Development & GR",Waste & Water,Bihar,230.06,230.06,97.0,2026-07,0.9489424546645766,9.82219193007381,0.7827422915953851,28.693847087999313,103.5847477079887,86.58423731299808,Red,,0.0
619166,Umagaon-Saharsa Package-V Bakaur-Parsarma-Bangaon-Bariyahi & Spur to Mahishi,NHAI,Ministry of Road Transport & Highways,Roads & Highways,Bihar,768.35,968.42,99.5,2026-07,0.7986386908297541,9.039973854729592,0.9326065524618767,8.789311500160688,41.39013646739002,86.56226216458154,Red,,-3.4542716353860214
618970,6L access control Greenfield highway of Vill-Lohadda to Vill-Karaunda Mahajan from Km. 27.000 to Km. 56.500 Pkg-2,NHAI,Ministry of Road Transport & Highways,Roads & Highways,Uttar Pradesh,1335.45,1335.38,98.06,2026-07,0.8920230014054292,10.191914011489553,0.8391543308015388,3.6973524502430064,11.703152104572519,86.55886661034839,Red,,-0.7383732441482778
618917,4L Greenfield starting from NH-30 near Saristabad Patna to Nathupur Project end point of Patna-Gaya-Dobhi Section of NH-83,NHAI,Ministry of Road Transport & Highways,Roads & Highways,Bihar,488.24,419.66,88.3,2026-07,0.7685305999873041,5.180082953576162,0.9624182726875827,17.692427933735427,43.10904059158679,86.54744363374434,Red,,-1.421144060392038
612139,Transmission system for Evacuation of Additional 7 GW RE power from Khavda RE park under Phase-III Part B [Vataman Transmission Limited],Power Grid Corporation of India Limited [POWERGRID],Ministry of Power,Transmission & Distribution,Gujarat,4231.0,4231.0,72.12,2026-07,0.9562129161793287,10.813958321435196,0.7731062633240569,0.0,24.351633043508635,86.46595897516927,Red,,-1.444239466158436
618761,4L Spur of Meerut-Garh-Mukteshwar section connecting NH-119 and NH-58 bypassing Meerut Town of NH 709 A,NHAI,Ministry of Road Transport & Highways,Roads & Highways,Uttar Pradesh,991.89,977.73,96.98,2026-07,0.879496079010926,7.727333573832633,0.8484860681647025,1.6112831683454938,16.203861397162804,86.39910735878142,Red,,2.236147576191854
618821,Rehabilitation and Up gradation from 4 to 8 laning of Chandikhole Paradip Section of NH-53 Old NH 5A from Km 18.00 to Km 39.00 in the State of Odisha on HAM mode Package-2,NHAI,Ministry of Road Transport & Highways,Roads & Highways,Odisha,920.47,950.4,98.22,2026-07,0.8663015064318595,10.295571173824026,0.8615099085012728,10.32525196125232,25.737475111292568,86.3905707466566,Red,,-1.586084077583962
618937,4L of Nagpur-Katol Section from Km. 13.00 to Km. 62.900 of NH-353J,NHAI,Ministry of Road Transport & Highways,Roads & Highways,Maharashtra,1166.96,1432.82,81.54,2026-07,0.8929711697505482,6.714316782990086,0.8327200073798149,23.939353243471256,46.456859904178515,86.28455885651816,Red,,0.022634327195746096
618651,4 Lane with PS from Des. Ch 43.800 to Des. Ch. 89.900 of Belgaum-Hungund- Raichur Section of NH-748A Package-2,NHAI,Ministry of Road Transport & Highways,Roads & Highways,Karnataka,1427.88,1293.94,58.7,2026-07,0.8223789344748672,8.161838193337712,0.903128653549699,18.133922404303135,40.241602895466826,86.27537940122832,Red,,6.221422179487718
619292,4L Medinipur to Ballupur from Km. 458.65 to Km. 487.65 of NH-07Pkg-2,NHAI,Ministry of Road Transport & Highways,Roads & Highways,Uttarakhand,1092.9,1072.5,93.9,2026-07,0.8021619551634679,8.014342564595285,0.9230385355145219,12.69680115299462,26.696225858292483,86.2600245338995,Red,,0.9302122906138379
618563,4L of Madurai Ring Road Phase 1 [Vadipatti-Thamrapatti] from km 0.00 - km 29.960,NHAI,Ministry of Road Transport & Highways,Roads & Highways,Tamil Nadu,900.05,900.05,99.42,2026-07,0.9581755823739544,13.874431190156159,0.7654201358915007,19.398764647992223,30.825534065863025,86.17978591327275,Red,,0.026485602767451155
612134,Transmission System for Evacuation of power from Rajasthan REZ Ph-IV [Part-1] [Bikaner Complex] Part A [Bikaner Neemrana Transmission Ltd],Power Grid Corporation of India Limited [POWERGRID],Ministry of Power,Transmission & Distribution,Rajasthan,4741.0,4741.0,79.39,2026-07,0.9594997892694034,8.137733036825452,0.763970593203361,0.0,22.124129145711436,86.17351912363821,Red,,-0.1783159889261583
618613,Deogarh near Dhandhaniya-Rajasthan/Gujarat Border Phase-I AJ/DRGB-Package-7,NHAI,Ministry of Road Transport & Highways,Roads & Highways,Rajasthan,662.08,597.77,99.2,2026-07,0.882542742634184,5.797660720707788,0.8394982393864452,16.46746970738109,35.42615811898874,86.10204910103145,Red,,6.448501409751884
618887,4L of Bettadahalli- Shivamogga section from Km.170.415 to km. 226.750 of NH-206 Tumkur- Shivamogga Pkg-IV,NHAI,Ministry of Road Transport & Highways,Roads & Highways,Karnataka,2082.98,2545.11,84.25,2026-07,0.9751185438465936,10.417858881537391,0.7433307541903187,16.428681851201006,36.92128341879749,85.92246490184561,Red,,1.7876136519968782
618880,Rehabilitation and Up-gradation to 4L configuration & Strengthening of Thanpuri to Paror section from Km 85.135 to Km 100.840 of NH-154 Pkg-IIC,NHAI,Ministry of Road Transport & Highways,Roads & Highways,Himachal Pradesh,815.68,666.79,56.61,2026-07,0.7280031852615639,7.567490503547572,0.990363664403949,30.264626228724754,41.146446922010135,85.91834248327565,Red,,-2.4131528944352425
618463,Vadodara Mumbai Expressway Kim to Ankleshwar Phase IA - Pkg V,NHAI,Ministry of Road Transport & Highways,Roads & Highways,Gujarat,1324.84,2807.48,91.34,2026-07,0.9766288248033185,13.049933691811269,0.7412969426366002,8.266442897014706,56.113540464584865,85.89628837199594,Red,,0.07563288609379981
618944,Hyderabad - Maneguda,NHAI,Ministry of Road Transport & Highways,Roads & Highways,Telangana,958.86,1218.49,24.2,2026-07,0.9612505877064335,8.44368651145619,0.7562151597506666,0.7738243441188162,36.304763466455924,85.873287372855,Red,,-1.2246239958840022
619118,Four Laning of Angul to Sambalpur from Km.112.000 to Km.265.000,NHAI,Ministry of Road Transport & Highways,Roads & Highways,Odisha,2510.04,2632.91,99.98,2026-07,0.9133660731672153,20.086191064421296,0.8039148950705298,10.172601679772132,17.83453465581717,85.86404841188727,Red,,0.06276419406208333
618782,4L of Bareilly-Pilibhit-Sitarganj from Km. 0.000 to Km. 32.500 of NH-30 Pkg-1,NHAI,Ministry of Road Transport & Highways,Roads & Highways,Uttar Pradesh,1394.14,1394.14,64.12,2026-07,0.9232566851739207,8.24810309772057,0.793684967998883,2.1823605420586505,18.587702105676417,85.84708265864019,Red,,7.146401610925423
618798,4L of Sonauli - Gorakhpur,NHAI,Ministry of Road Transport & Highways,Roads & Highways,Uttar Pradesh,2555.5,2275.43,89.0,2026-07,0.9395237473650295,9.3164438678439,0.7771876912047345,3.9552267667981336,16.01940094334768,85.8355719284882,Red,,2.739214614237568
618713,6L Access Controlled Greenfield Highway from Yerragudipadu Ch. 129000 to Audireddipalle Ch. 160000 of [NH 544G] Package-6,NHAI,Ministry of Road Transport & Highways,Roads & Highways,Andhra Pradesh,1200.42,1019.69,47.2,2026-07,0.8146589490988887,4.516580012941624,0.8995041527135069,19.826952357072898,30.033547884881937,85.70815509061977,Red,Stalled and Overdue,-3.4853574379071546
618438,"4-Laning of NH-37 Section between Demow to End of Moran Bypass From Km. 534.800 to Km. 561.700 including Emergency Landing Facility ELF under SARDP-NE, Phase 'A' in the State of Assam on EPC mode",NHIDCL,Ministry of Road Transport & Highways,Roads & Highways,Assam,385.57,385.57,100.0,2026-07,0.8164019907270149,9.899848962297037,0.8972152976275465,0.0,79.57231520102751,85.68086441772806,Red,,-0.5811362661089845
618623,4L Boregaon Buzurg to Shahpur Pkg I of Boregaon Buzurg to Muktainagar of NH 753L,NHAI,Ministry of Road Transport & Highways,Roads & Highways,Madhya Pradesh,1504.37,1132.34,90.1,2026-07,0.8021527186866111,8.533588506876916,0.9099678157555864,27.654553973422306,30.14422339416699,85.60602672210987,Red,,0.008033030061540103
611751,Aurangabad-Ankai 98.25 km,CAOCON/SCR SCR mor,Ministry of Railways,Railways,Maharashtra,960.64,960.64,0.0,2026-07,0.9240855102422952,17.677709067436446,0.7878220743755213,21.981162328450292,49.74196769949405,85.59537923089083,Red,Rapidly Deteriorating,39.661933131343154
618873,4L PS from near Yalachahalli village KR Nagara - Yelawala Road junction to Srirangapatna Bypass Near Paschima Vahini from km 195.550 to Km 214.535 of NH- 275 Pkg-V,NHAI,Ministry of Road Transport & Highways,Roads & Highways,Karnataka,1272.71,1203.2,17.36,2026-07,0.8412255534410936,5.326878379025459,0.8685567062698241,17.071080455443234,64.47008886025519,85.48911298554589,Red,,-0.3151691230039404
619132,4/6L of Gurgaon - Pataudi - Rewari from km. 0.00 to km.43.87 of NH-352W,NHAI,Ministry of Road Transport & Highways,Roads & Highways,Haryana,1810.04,1917.5,77.76,2026-07,0.9701495792059968,12.326123711805064,0.7394266150975763,12.313469657925287,28.8425597961873,85.47880971517866,Red,,4.481456919818129
619202,Dwarka Expressway from Km -0.600 to Km 5.300 - Pkg-I Shivmurti Chowk-RuB near Dwarka Sector 21,NHAI,Ministry of Road Transport & Highways,Roads & Highways,Delhi,2144.67,3929.5,98.8,2026-07,0.8966167271138336,10.467139723994942,0.81093699079896,23.305493345104804,63.36497640517797,85.37768589563967,Red,,0.7354557826499217
618820,Rehabilitation and Up gradation from 4 to 8 laning of Chandikhole Paradip Section of NH-53 Old NH 5A from Km.39.000 to Km.60.00 Package-3,NHAI,Ministry of Road Transport & Highways,Roads & Highways,Odisha,861.84,938.55,92.02,2026-07,0.8133433549444814,8.270071015231414,0.8909945839717354,11.355688021554181,19.039953487375676,85.21689694581084,Red,,-0.2893882796173415
618552,Development of 6L Greenfield Jalandhar Bypass starting from Kahlwan NH-03 ending at Kang Sahbu NH-703 via Sarmastpur NH-44 - Madara NH-03 - Khajurla NH-44,NHAI,Ministry of Road Transport & Highways,Roads & Highways,Punjab,1754.84,2167.39,56.7,2026-07,0.9515116398059751,10.529708238104368,0.7513673397957926,21.597894751290696,48.67869645548354,85.1439489800884,Red,,1.3975437815701497
618756,Melur - Pilayarpatti - Karaikudi from km 99.920 of NH 38 to km 12.9 of NH 383 Ext.,NHAI,Ministry of Road Transport & Highways,Roads & Highways,Tamil Nadu,1103.86,1085.41,98.12,2026-07,0.9705179200569306,13.298884608131331,0.7318644769244899,14.660819622551326,22.51485008552919,85.11911984907103,Red,,-0.994495814489639
618930,4L PS from Ch. 94.030 in Jabugam Village to Ch. 132.320 in Dhamasiya Village of NH-56 Pkg-III,NHAI,Ministry of Road Transport & Highways,Roads & Highways,Gujarat,1188.46,898.0,25.82,2026-07,0.7693751419999731,4.927222227623877,0.9316315831358623,27.738810323777056,49.731958324954704,85.05033625679177,Red,,2.0905262722461373
619210,Dharampuri-Lonand from km. 117.00 to 166.40 Pkg-IV on Mohol-Alandi Section,NHAI,Ministry of Road Transport & Highways,Roads & Highways,Maharashtra,1411.71,1358.68,97.4,2026-07,0.7407294666324123,0.3104163497317146,0.9592111334810225,32.628729255661156,60.64754628272575,84.99703000567173,Red,,-3.531803538508001
618617,6L Amritsar-Bathinda Greenfield section from village Tiba on NE-5A to Jn. with Moga Jalandhar road NH-703 near Dharamkot from km 0.000 to km 39.000 of NH-754A Pkg-1,NHAI,Ministry of Road Transport & Highways,Roads & Highways,Punjab,1229.38,1549.32,72.41,2026-07,0.9482395756669575,5.637664166977847,0.7516896521829983,25.52158278026813,42.81191212665726,84.99646139249779,Red,,-0.5357825658000053
619120,Nidagatta-Mysore Pkg II,NHAI,Ministry of Road Transport & Highways,Roads & Highways,Karnataka,2919.8,4113.89,99.19,2026-07,0.8522437429421569,9.885916421853251,0.8464403922519591,23.07762114512559,32.03473121231536,84.9342067597058,Red,,4.256339933245215
705632,Vijayawada19.50 km & Kazipet10.65 km -Byepass line,CAO/C/SCoR SCoR mor,Ministry of Railways,Railways,"Multi-States (Andhra Pradesh, Telangana)",647.0,827.46,90.0,2026-07,0.9003263649334471,11.938549758543795,0.79797161858713,40.77772936824912,27.769595325344707,84.91489917602885,Red,,8.000813527374802
612885,Construction and Developement of National Institute of Technology Meghalaya Permanent Campus at Sohra,"National Institute of Technology, Meghalaya",Department of Higher Education,Education,Meghalaya,494.52,429.7,97.5,2026-07,0.9327400231790245,4.558577969874272,0.7652357575148491,33.37216111980665,18.597264761621165,84.89878903469368,Red,,2.3189363659559064
705444,Gevra Road-Pendra Road New Railway Line [135 km],Indian Railway Construction International Limited [IRCON],Ministry of Railways,Railways,Chhattisgarh,4970.0,7448.52,83.36,2026-07,0.9638840249412868,13.227782068533177,0.7322376179762521,12.005811665058461,106.75688997087107,84.80608214587694,Red,,2.6202269807226486
618700,Renigunta - Poyya - Naidupeta km 124.60 to km 183.4 of NH 71,NHAI,Ministry of Road Transport & Highways,Roads & Highways,Andhra Pradesh,1863.09,2510.14,98.6,2026-07,0.790327698470587,8.903546041018517,0.90543158559079,15.922948306287912,12.69567856629715,84.78796420306884,Red,,-0.5745397338107523
618714,6L Access Controlled Greenfield Highway from Nallacheruvu palli Ch. 96300 to Yerragudipadu Ch. 129000 of [NH-544G] Package-5,NHAI,Ministry of Road Transport & Highways,Roads & Highways,Andhra Pradesh,1253.26,1095.78,67.05,2026-07,0.7899534466066727,4.265372158773601,0.9057584979611687,21.989178405077123,13.758976841668176,84.78559722839208,Red,,-2.511124623168584
619158,4 Laning of Duburi Chandikhole from km 388.376 to km 428.074 Pkg-III,NHAI,Ministry of Road Transport & Highways,Roads & Highways,Odisha,789.0,907.61,86.0,2026-07,0.774489391225581,5.593642736619498,0.9211616254662711,23.524394730533086,27.563642294908217,84.78255083459261,Red,,-3.7896313787574485
619098,Kozhikode Bypass Calicut Bypass Vengalam Jn. to Ramanattukara Jn.,NHAI,Ministry of Road Transport & Highways,Roads & Highways,Kerala,1424.77,2139.18,98.75,2026-07,0.8219058975139442,7.564212007848723,0.8733789480286748,18.856411674374076,29.711060057015047,84.76424227713095,Red,,-1.0437996525192403
618685,Outer Ring Road of Jabalpur Town from NH45 to Kushner Pkg-3,NHAI,Ministry of Road Transport & Highways,Roads & Highways,Madhya Pradesh,911.24,773.23,79.8,2026-07,0.8322400956984033,7.159152615564125,0.8623673675627048,26.28054690372364,39.85296881348331,84.7303731630554,Red,,-1.927372558715291
618766,Up-gradation to Four Lane with Paved Shoulder configuration of the highway starting from existing km 88.400 Savali Vihir to km 163.400 start of Ahmednagar bypass Design Length 75.000 km section of NH-160 in the State of Maharashtra under Bharatmala Pariyojana on EPC Mode,NHAI,Ministry of Road Transport & Highways,Roads & Highways,Maharashtra,862.0,617.93,48.55,2026-07,0.7046172212370446,6.029924028854882,0.9892231915996562,21.309914571049973,45.69361665094897,84.69202064183504,Red,,3.825813106149127
618885,Construction of Four Lane Highway from Ghazipur- Ballia-UP/Bihar State Border Greenfield section of NH-31 Package IV [from Buxur Spur of length km 17.270 on EPC Mode in the state of Uttar Pradesh.,NHAI,Ministry of Road Transport & Highways,Roads & Highways,Uttar Pradesh,617.88,549.02,90.57,2026-07,0.8985595895297863,8.711660479662976,0.7945053143459413,10.000982794961718,16.538079860351957,84.65324519378639,Red,,-3.1167826721679432
619220,Tumkur-Shimoga Pkg-III from Km 121.900 Banawara to Km 170.415 Bettadahalli of Old NH-206,NHAI,Ministry of Road Transport & Highways,Roads & Highways,Karnataka,1444.5,1834.81,98.0,2026-07,0.874746923134559,2.711876675627914,0.8178981277477144,20.823845254389006,39.2829167972312,84.63225254411367,Red,,1.8420047902600345
619214,4L of Channarayapatna Bypass and Hassan Bypass with structures in Devihalli - Hassan section,NHAI,Ministry of Road Transport & Highways,Roads & Highways,Karnataka,688.0,684.54,82.34,2026-07,0.7344867577038181,2.8668369933035716,0.9581113506583979,23.935455402408223,32.69645971204551,84.6299054181108,Red,,-2.2214968633547727
619125,6L Access Controlled Greenfield Highway from Somavarappadu Ch.314.600 to Muppavaram Ch.343240 of [NH-544G] Package-14,NHAI,Ministry of Road Transport & Highways,Roads & Highways,Andhra Pradesh,1103.9,943.66,44.56,2026-07,0.8185681135837987,5.256160586317746,0.8737704841833396,20.047973081875092,29.684291988497737,84.61692988835692,Red,Stalled and Overdue,-2.8621524578984605
617839,Capacity Augmentation of Kandla LPG Import Terminal [KLIT] from 0.6 MMTPA to 2.5 MMTPA,Indian Oil Corporation Limited [IOCL],Ministry of Petroleum & Natural Gas,Energy Storage,Gujarat,356.86,304.4,68.0,2026-07,0.9522470446562089,13.60484805340785,0.7394623961574879,24.91378149768409,53.62255949413238,84.58547204068483,Red,,-7.8890803160196015
619119,Cuttack-Angul Section of NH-42 New NH-55 from km 0.400 to km 60.200 Pkg-I in the State of Odisha,NHAI,Ministry of Road Transport & Highways,Roads & Highways,Odisha,999.32,1178.31,99.0,2026-07,0.7394731422201397,9.424009510575008,0.9509904848511843,16.654667617977694,35.76828848679379,84.5231813535662,Red,,-4.126125481927517
618790,Construction of four laning of Bakarpur- Manikpur road section starting from village Chitarsenpur km 0000 and terminating at SH-74 near Manikpur 38814 at NH-139W under Bharatmalapariyona,NHAI,Ministry of Road Transport & Highways,Roads & Highways,Bihar,1422.37,1537.99,49.0,2026-07,0.7105194942878615,4.856549614481108,0.9757671818167569,20.24505196456207,36.13721190593219,84.31433380523092,Red,,4.582844193521964
602582,Dhaulasidh Hydro Electric Project [66 MW],Satluj Jal Vidyut Nigam [SJVN] Thermal Limited,Ministry of Power,Electricity Generation,Himachal Pradesh,687.97,1763.31,80.69,2026-07,0.8485206930157558,4.7972522682958525,0.8374424695742076,-0.7523212419791159,39.9314431063096,84.29815812949816,Red,,2.4683440072136875
618856,"Improvement and Up-Gradation of Existing Road to 4L PS from Km 123.650 to 175.080, from Start of Shahabad Bypass to End of Hardoi bypass of NH 731 Pkg-2B",NHAI,Ministry of Road Transport & Highways,Roads & Highways,Uttar Pradesh,1101.79,1212.26,68.8,2026-07,0.9217993200455015,7.600821145465783,0.761205753755108,-0.461712199418807,11.273969150104875,84.15025369003047,Red,,2.7728473786515337
618721,6L Access Controlled Greenfield Highway from Chandrasekharapuram Ch. 228000 to Polavaram Ch. 260000of [NH-544G] Package-11,NHAI,Ministry of Road Transport & Highways,Roads & Highways,Andhra Pradesh,1292.65,1110.33,64.2,2026-07,0.7740206110621621,4.362528529526113,0.9080494607738242,22.424219158504226,13.399821726011922,84.10350359179932,Red,,0.330230331124028
619200,Delhi-Amritsar-Katra Expressway Phase-I Spur-III from Junction with Amritsar- Jalandhar road NH-3 near Bhishambarpura to Junction with Amritsar-Anjala road NH- 354 near Amritsar Airport [Km 71000 to Km 99000 of Amritsar connectivity],NHAI,Ministry of Road Transport & Highways,Roads & Highways,Punjab,1641.75,1951.7,33.85,2026-07,0.864238871196409,3.0502088609915385,0.8178077704249282,29.366122412416274,52.39418077601382,84.10233208106686,Red,Stalled and Overdue,-3.42107336628591
618508,Construction of Additional Structures including Approaches in Vadodara Surat Section of NH48 between existing Km. 108.000 to Km. 250.000,NHAI,Ministry of Road Transport & Highways,Roads & Highways,Gujarat,907.39,907.39,48.73,2026-07,0.8300443334908301,8.04952883743862,0.8508992178511161,5.198287575746646,17.288582680996793,84.04717756709731,Red,Rapidly Deteriorating,15.000834124703914
618863,Barhi-Koderma Section of NH31 km 0.00 - km 27.5,NHAI,Ministry of Road Transport & Highways,Roads & Highways,Jharkhand,662.44,826.59,98.5,2026-07,0.8070507470494919,4.16603183172718,0.8719507781065972,17.71891981277694,40.28095186434577,83.95007625780445,Red,,-1.5796810330502353
619094,Thorapalli - Agraharam - Jittandahalli Section from km 23.350 to km 60.100 [Hosur to Dhamrapuri Pkg-2],NHAI,Ministry of Road Transport & Highways,Roads & Highways,Tamil Nadu,1243.57,1272.11,77.57,2026-07,0.9651508535759378,11.093365735967295,0.7131937990179485,15.683395664831979,25.85004054893466,83.91723262969431,Red,,0.2447244828408941
705527,Sagauli - Valmikinagar 109.7 km,CAO/Con/North/MHX ECR mor,Ministry of Railways,Railways,Bihar,1216.0,1558.77,91.0,2026-07,0.7895107890027954,12.304937159921298,0.8878762592626056,26.211187734015972,36.612813366766915,83.86935241327005,Red,Rapidly Deteriorating,21.312499858887925
619129,Mahabalipuram - Pondicherry Pkg-I [Mamallapuram to Mugaiyur],NHAI,Ministry of Road Transport & Highways,Roads & Highways,Tamil Nadu,1360.54,1477.94,58.65,2026-07,0.9824233898798006,9.49407379291952,0.6925333102885919,22.960850297059096,32.76269623790599,83.74783500841963,Red,,-1.2717027533424101
707019,Establishment of new GMC Buxar,"Medical Education, Ministry of Health and Family Welfare",Ministry of Health & Family Welfare,Healthcare,Bihar,250.0,250.0,0.0,2026-07,0.9489904909535084,43.381153951993426,0.7213930433257537,38.61698692804321,95.42164069108048,83.5191767139631,Red,Stalled and Overdue,0.0
707016,Establishment of new GMC Sitamarhi,"Medical Education, Ministry of Health and Family Welfare",Ministry of Health & Family Welfare,Healthcare,Bihar,250.0,250.0,0.0,2026-07,0.9489904909535084,43.381153951993426,0.7213930433257537,38.61698692804321,95.42164069108048,83.5191767139631,Red,Stalled and Overdue,0.0
707017,Establishment of new GMC Jhanjharpur,"Medical Education, Ministry of Health and Family Welfare",Ministry of Health & Family Welfare,Healthcare,Bihar,250.0,250.0,0.0,2026-07,0.9489904909535084,43.381153951993426,0.7213930433257537,38.61698692804321,95.42164069108048,83.5191767139631,Red,Stalled and Overdue,0.0
707018,Establishment of new GMC Siwan,"Medical Education, Ministry of Health and Family Welfare",Ministry of Health & Family Welfare,Healthcare,Bihar,250.0,250.0,0.0,2026-07,0.9489904909535084,43.381153951993426,0.7213930433257537,38.61698692804321,95.42164069108048,83.5191767139631,Red,Stalled and Overdue,0.0
618796,Tanot -Ramgarh-Bhadasar-Jaisalmer NH-68 and BhadasarMokal-Sarkaritala up to Pakisthan Border NH-968 Pkg-BM/5,NHAI,Ministry of Road Transport & Highways,Roads & Highways,Rajasthan,828.58,830.37,100.0,2026-07,0.9162876664810853,3.7153624339650344,0.7528888756961682,6.069490302946942,20.786285204965203,83.45882710886268,Red,,1.8441297505328151
612855,Transmission System for Evacuation of Power from Potential Energy Renewable Zone in Khavda Area of Gujarat under Ph-IV [7GW] Part E2,Power Grid Corporation of India Limited [POWERGRID],Ministry of Power,Transmission & Distribution,Gujarat,697.0,697.0,82.0,2026-07,0.9645205936755896,9.437261097130811,0.70444008975584,0.0,25.126937476319615,83.44803417157148,Red,,1.8744922746141413
618786,4L of Phagwara - Hoshiarpur,NHAI,Ministry of Road Transport & Highways,Roads & Highways,Punjab,1196.38,1503.79,20.03,2026-07,0.8005139532148976,6.376046170595119,0.8670652944069985,20.890904050483755,41.73500821483271,83.37896238109481,Red,,1.5117469496177875
618590,Durg-Raipur-Arang Package - 2 from km. 44.50 to km. 92.23 near Khatti Village to near Aurang,NHAI,Ministry of Road Transport & Highways,Roads & Highways,Chhattisgarh,1958.9,1561.97,73.96,2026-07,0.9638673126819275,8.751372133404953,0.7028801203071332,28.675900174435984,20.45426424059607,83.33737164945303,Red,,2.727093104210496
619317,4L of Hajipur-Muzaffarpur Section of the existing NH-77 from Km. 0000 Ramashish Chowk to Km. 46300 and new bypass starting at Km. 46300 and connecting NH-28 of E-W Corridor at Km. 515045,NHAI,Ministry of Road Transport & Highways,Roads & Highways,Bihar,2723.39,2906.78,99.45,2026-07,0.7356896932530458,4.643577432389883,0.9300519580578445,15.384260042933024,97.62923919995623,83.28708256554451,Red,,4.106241793245687
618718,6L Access Controlled Greenfield Highway from Kavulakuntla Ch. 196000 to Narayanmpet Ch. 203500Package-09,NHAI,Ministry of Road Transport & Highways,Roads & Highways,Andhra Pradesh,1092.18,956.4,54.56,2026-07,0.7506229614878639,4.8819092845042675,0.9143481317736665,20.175571125689352,12.814790520964937,83.24855466307652,Red,,1.2716833404778072
618792,4L Bhiwani-Hansi road section of NH-148B,NHAI,Ministry of Road Transport & Highways,Roads & Highways,Haryana,1330.23,1144.21,99.5,2026-07,0.8631091174754411,10.866997339249243,0.7943502819818957,23.380935901088954,19.628828765477838,82.87296997286684,Red,,-2.5852909413760443
618945,4L of Kodad Design Km 0.00/Existing Km 185.00 of NH-65 to Khammam Design Km 31.800/Existing Km 29.400 of NH-365A,NHAI,Ministry of Road Transport & Highways,Roads & Highways,Telangana,1149.17,1606.99,99.98,2026-07,0.8477489533521129,4.646090858635,0.8088592222473149,8.743985882820818,16.370119735739436,82.83040877997139,Red,,-2.0324546138807307
618710,DL/UP Border - EPE Crossing Pkg-02,NHAI,Ministry of Road Transport & Highways,Roads & Highways,Uttar Pradesh,2002.79,1889.78,100.0,2026-07,0.9222992597412629,5.878129335806983,0.7341026348107575,7.717109245594383,22.99976552985148,82.82009472760102,Red,,5.239126372534102
618458,Delhi-Vadodara Greenfield Alignment NH-148N Pkg-15 Ch. 419.000 to Ch.427.300 [Junction with NH-12 near village Ummedpura to Major bridge over Takli river near Nayagaon Jageer village],NHAI,Ministry of Road Transport & Highways,Roads & Highways,Rajasthan,1854.68,1854.68,98.28,2026-07,0.9214047445877389,7.954468997498933,0.7338208914274196,4.680893126161322,37.42082844792231,82.76128180075793,Red,,-3.6702183279852107
618870,4L PS from near Hemmige Village Periyapatna - Hassan Road Jn. to near Hunsur - KR Nagar Jn section from Km. 144.900 to Km. 169.000 of NH-275 Pkg. III,NHAI,Ministry of Road Transport & Highways,Roads & Highways,Karnataka,883.62,1726.65,27.8,2026-07,0.8365592579030747,5.777234084278255,0.8178705126281489,6.216077560850092,32.93676818702461,82.72148852656119,Red,,0.9992883501764425
612133,Transmission System for Evacuation of power from Rajasthan REZ Ph-IV [Part-1] [Bikaner Complex] Part D [Neemrana Bareilly Transmission Ltd],Power Grid Corporation of India Limited [POWERGRID],Ministry of Power,Transmission & Distribution,"Multi-States (Rajasthan, Uttar Pradesh)",3271.0,3271.0,73.45,2026-07,0.9246047715156356,9.756810364041112,0.7296421305951553,0.0,32.794328700510576,82.71234510553954,Red,,-3.730633264807466
618337,Widening to 2 -Lane with Paved shoulder of Imphal to Jiribam section of NH-37 from Design Chainage 33.000 km to 66.390 Km Existing Chainage from km 33.395 to km 67.496 on EPC Mode in Manipur PKG-3,NHIDCL,Ministry of Road Transport & Highways,Roads & Highways,Manipur,467.0,467.0,86.33,2026-07,0.9498696559671373,5.174365672906071,0.7042001130735002,0.0,44.80328425726946,82.70348845203188,Red,,0.7653003642306544
706860,Barauni-Bachwara 16 km - 3rd & 4th line incl Barauni yard remodelling 32 km Umbrella work PB57/2019-20/NR,CAO/Con/North/MHX ECR mor,Ministry of Railways,Railways,Bihar,645.0,485.58,38.0,2026-07,0.7262780899727243,7.546275497875434,0.9265715289285573,24.799046998939268,50.00411876540258,82.64248094506408,Red,Rapidly Deteriorating,25.891169793226865
619107,4 Lane with PS from Des. Ch 136.100 to Des. Ch. 182.300 of Belgaum-Hungund- Raichur Section of NH-748A Package-4,NHAI,Ministry of Road Transport & Highways,Roads & Highways,Karnataka,1311.41,1123.35,15.0,2026-07,0.7387127045667474,4.916053498916182,0.9127569625563259,30.494967311604142,17.724560056666345,82.57348335615366,Red,,1.3208587254717514
618635,6L of Pondavakkam to Kannigaipair from km 96.040 to km 116.100 of NH 716B Pkg- IV,NHAI,Ministry of Road Transport & Highways,Roads & Highways,Tamil Nadu,1359.81,1359.81,44.53,2026-07,0.9526552594977662,3.871280643222726,0.6952919209878162,10.865342478179459,25.07882894855459,82.39735902427911,Red,Stalled and Overdue,-2.79684552027247
618511,Upgradation & rehabilitation of Service Roads on both sides in urban areas of Pune City on PuneSatara section of NH48,NHAI,Ministry of Road Transport & Highways,Roads & Highways,Maharashtra,604.59,388.78,24.08,2026-07,0.6603720769242424,5.4952290293098045,0.985846006528998,26.419922619491636,37.94345235708405,82.31090417266202,Red,,-0.3024052770986714
618579,6L of Anandapuram Pendurthi Anakapalli Section from km. 681.000 to km. 731.780 of NH-16,NHAI,Ministry of Road Transport & Highways,Roads & Highways,Andhra Pradesh,2527.0,2957.25,100.0,2026-07,0.7581587390249936,2.839471475712985,0.8879916744915489,10.512759234003054,26.05427898503955,82.30752067582713,Red,,-4.202168508590304
706966,Establishment of new GMC Samastipur,"Medical Education, Ministry of Health and Family Welfare",Ministry of Health & Family Welfare,Healthcare,Bihar,189.0,189.0,0.0,2026-07,0.9239359551013525,43.772689032694345,0.7213930433257537,38.56020499216351,95.42164069108048,82.26644992135532,Red,Stalled and Overdue,-0.4751342496140012
706965,Establishment of new GMC Saran [Chhapara],"Medical Education, Ministry of Health and Family Welfare",Ministry of Health & Family Welfare,Healthcare,Bihar,189.0,189.0,0.0,2026-07,0.9239359551013525,43.772689032694345,0.7213930433257537,38.56020499216351,95.42164069108048,82.26644992135532,Red,Stalled and Overdue,-0.4751342496140012
602593,Luhri Stage-I Hydro Electric Project [210 MW],Satluj Jal Vidyut Nigam [SJVN] Thermal Limited,Ministry of Power,Electricity Generation,Himachal Pradesh,1810.56,4345.31,52.13,2026-07,0.8398098784297463,5.159052803259464,0.8054185429903977,5.753516692388635,43.77861055608855,82.2614210710072,Red,,2.241759015224474
619145,Four Laning of Una to Kodinar from km. 180.478 to km. 221.610 Package-V,NHAI,Ministry of Road Transport & Highways,Roads & Highways,Gujarat,877.71,1126.66,100.0,2026-07,0.798748846371465,12.193173549146085,0.8460521766563082,23.79072000319024,45.755300274173564,82.24005115138866,Red,,-2.062680913179335
618678,6L Greenfield Baunsaguar - Baraja Section of NH-130-CD Road from km 293000 to km 338500 Package OD-6,NHAI,Ministry of Road Transport & Highways,Roads & Highways,Odisha,1265.59,1635.44,99.6,2026-07,0.8059205049333702,11.28002921159668,0.8386914607898192,10.63364633152117,18.86676261762327,82.23059828615946,Red,,-2.015760739651995
618682,6L Korlam-Kantakapalle Section of NH-130CD Road from Km 421.100 to Km 445.100 Pkg-3,NHAI,Ministry of Road Transport & Highways,Roads & Highways,Andhra Pradesh,1112.7,1127.63,99.5,2026-07,0.6768726479161313,2.886256308867875,0.9677324968530625,14.492163624961863,12.30957054773365,82.23025723845969,Red,,-1.2626632680829317
618757,6L access controlled Highway from Km 40080 to Km 86513 Mator to Barodameo Section,NHAI,Ministry of Road Transport & Highways,Roads & Highways,Rajasthan,2010.2,1565.88,37.27,2026-07,0.7800832843583347,6.875195956170448,0.8631760203554784,24.26179321241996,25.450231783901742,82.16296523569065,Red,,0.7910112152735849
618968,6L access control Greenfield highway of Vill-Khyawari to Vill-Latifpur at Saharanpur Bypass from Km. 82.000 to Km. 119.790 Pkg-4,NHAI,Ministry of Road Transport & Highways,Roads & Highways,Uttar Pradesh,1428.19,1439.35,99.24,2026-07,0.8499558534118913,9.686763663010993,0.7919547791452908,1.1466547868749257,16.364937846381082,82.0955316278591,Red,,-0.28924562827563705
619124,6L Access Controlled Greenfield Highway from Polavaram Ch. 260000 to Marripudi Ch. 285500 of [NH-544G]Package-12,NHAI,Ministry of Road Transport & Highways,Roads & Highways,Andhra Pradesh,747.29,626.83,70.2,2026-07,0.8188974879874952,3.8988189878297734,0.8200965774413946,21.538268727962627,30.42697975845516,81.94970327144449,Red,,-0.7766862032871416
618706,Bangalore-Nidagatta Pkg. I,NHAI,Ministry of Road Transport & Highways,Roads & Highways,Karnataka,3496.01,4087.42,99.19,2026-07,0.8749907066562983,15.49086257483774,0.7638520452904721,22.569502383642437,45.344293412818836,81.94213759733853,Red,,2.598287974531175
619197,Delhi-Vadodara Greenfield Alignment NH-148N Pkg-27 Ch.729.700 to Ch.756.052,NHAI,Ministry of Road Transport & Highways,Roads & Highways,Gujarat,1185.69,1259.27,98.9,2026-07,0.763172428382213,3.0121215772529513,0.8753596331062136,10.499831190637456,19.837325739668064,81.92660307442132,Red,,-7.416375625731234
616616,"Sewer Networks, SPS and STP at Hajipur",National Mission for Clean Ganga,"Department of Water Resources, River Development & GR",Waste & Water,Bihar,305.19,305.19,95.0,2026-07,0.928841955002516,10.650755847893455,0.7084539529851779,28.651633821225314,92.47455034180737,81.86479539938469,Red,,0.0
619136,Rehabilitation and Upgradation of Chorma - Bairgania Section of National Highway No 227F to 2 lane with paved shoulders from Design Ch.0.000 to Ch. 34.566,NHAI,Ministry of Road Transport & Highways,Roads & Highways,Bihar,610.78,628.65,100.0,2026-07,0.6714187194928092,4.7066856301417825,0.965594501061999,20.178259841299376,57.42009068298539,81.85066102774041,Red,,-1.0418547625481267
618541,4L Ring road/bypass around Srinagar city from km 0.000 to km 42.100 Phase-I,NHAI,Ministry of Road Transport & Highways,Roads & Highways,Jammu and Kashmir,2919.96,2604.76,89.0,2026-07,0.963950302096924,8.334291373433619,0.6715740375218081,16.80972662954725,20.701080593407728,81.7762169809366,Red,,1.767133255714839
618472,Vadodara Mumbai Expressway Phase II - Pkg XVI [Km. 43.000 to Km. 69.800 of Spur] Amne - Bhoj,NHAI,Ministry of Road Transport & Highways,Roads & Highways,Maharashtra,4051.8,4315.56,95.5,2026-07,0.9075792292965312,10.236050126930479,0.7263695372014315,16.755693721430198,56.07808701648277,81.69743832489813,Red,,0.32132429492163794
618478,Bangalore Chennai Expressway Phase-III Package II Walajahpet to Arakkonam from Km 180.000 to Km 204.500,NHAI,Ministry of Road Transport & Highways,Roads & Highways,Tamil Nadu,1106.65,1106.65,93.04,2026-07,0.960291113983843,10.748422193295854,0.6732060408686641,5.1646215028846,16.063632770080208,81.67485774262535,Red,,0.5638481229673289
619109,6L of Badakumari - Karki Section from Km 179.000 to km 226.500 of NH-130-CD Package OD-3,NHAI,Ministry of Road Transport & Highways,Roads & Highways,Odisha,1101.76,1374.43,99.7,2026-07,0.7342734603563895,13.197098183777566,0.8968050149413036,11.114788683719883,19.38007408976546,81.55392376488466,Red,,-4.454759861043172
618901,4L PS Divided Carriageway from Patan Near Rajpur to Gojariya From Km 52.000 to Km 128.940 of NH-68,NHAI,Ministry of Road Transport & Highways,Roads & Highways,Gujarat,1181.34,1098.23,87.12,2026-07,0.7038846318758488,4.478323596515521,0.9264672808099441,19.925663335781493,31.21814543758374,81.51759563428965,Red,,0.8090764082842412
618793,4L of Fazilka to Abohar section of NH-07 including construction of Greenfield Abohar & Fazilka Bypasses,NHAI,Ministry of Road Transport & Highways,Roads & Highways,Punjab,1409.88,1674.04,67.0,2026-07,0.7665457399065719,5.102152121379517,0.863795315137306,14.077465933247302,58.925570509024226,81.51705275219389,Red,,-2.147011983750218
618000,Widening to 2-Lane with Paved Shoulders from Km 116.800 to 149.070Design Changes on Hosadurga - Holalkere Section of NH-173 in the State of Karnataka on EPC mode under Annual Plan 2021-22 Job no. NH-173-KNT-2021-22-946,MoRTH,Ministry of Road Transport & Highways,Roads & Highways,Karnataka,170.34,147.39,100.0,2026-07,0.6706310548648114,-0.9646931561814123,0.9588663859778643,0.0,34.646115053793984,81.4748720421338,Red,,1.7209610242724693
618686,Outer Ring Road of Jabalpur Town from Kushner to Amjhar Road including Airport Connectivity Pkg-IV,NHAI,Ministry of Road Transport & Highways,Roads & Highways,Madhya Pradesh,612.94,509.82,79.63,2026-07,0.8606159292368113,7.45465258128482,0.7682468943816414,29.81171521392252,55.24586087028312,81.44314118092264,Red,,-1.981470456895309
618719,6L Access Controlled Greenfield Highway from Mallapalle Ch. 176000 to Kavulakuntla Ch. 196000 Package-08,NHAI,Ministry of Road Transport & Highways,Roads & Highways,Andhra Pradesh,909.02,751.81,65.92,2026-07,0.7317085762766751,4.1755463028079065,0.8970583139861955,21.913134638477445,30.24669826494444,81.43834451314353,Red,,-4.709871339964707
615332,Transmission System for Evacuation of Power from Rajasthan REZ Ph-IV [Part-2 5.5 GW][Jaisalmer/Barmer Complex] Part B [SPV Name POWERGRID Sirohi Transmission Limited],Power Grid Corporation of India Limited [POWERGRID],Ministry of Power,Transmission & Distribution,Rajasthan,3279.0,3279.0,56.15,2026-07,0.9897879811105489,9.912856356010998,0.6382217933515579,0.0,23.293945294269314,81.40048872310534,Red,,3.038271538670756
615345,Transmission System for Evacuation of Power from Potential Renewable Energy Zone in Khavda area of Gujarat under Phase-IV [7GW] Part B [SPV Name POWERGRID South Olpad Transmission Limited],Power Grid Corporation of India Limited [POWERGRID],Ministry of Power,Transmission & Distribution,Gujarat,4766.0,4766.0,38.26,2026-07,0.9796765073577341,8.61814915108303,0.6470896658257361,0.0,30.394883544238592,81.3383086591735,Red,,-4.101315727744449
619160,Balance works in AP Portion and punch list items in TN & AP portion of NH-205,NHAI,Ministry of Road Transport & Highways,Roads & Highways,Andhra Pradesh,166.52,113.46,100.0,2026-07,0.6340682949108116,5.628093324721312,0.9902469597855842,21.224474318465163,134.45722391195537,81.21576273481979,Red,,0.5042101431639168
705562,Chhapra-Ballia - Patch doubling 65 km,CAOC/NER NER mor,Ministry of Railways,Railways,"Multi-States (Bihar, Uttar Pradesh)",963.0,1010.84,95.0,2026-07,0.9520659216212544,9.416952759803781,0.6712249923279117,10.788577586856157,46.173567435642,81.1645456974583,Red,,13.064857832688858
618797,"Widening Strengthening of 2-Lane with Paved Shoulder from MyajlarJaisalmer from Design Chainage 0000 to 98350 Section of NH-11 & SundraMyajlarAmbasingh ki Dhani Road from Design Chainage 46000 to 81601, part of MunabaoTanot Road Section of NH-70 along with Strengthening/Widening of Existing Connection of NH-70 & NH-11 of length 0.914 km in the State of Rajasthan under NHO on Hybrid Annuity Mode",NHAI,Ministry of Road Transport & Highways,Roads & Highways,Rajasthan,1237.71,927.02,21.22,2026-07,0.7195742013751972,5.840865686041368,0.9021831169971254,21.945800134664843,47.782926802819325,81.08786591861613,Red,,6.552380700913005
705528,Muzaffarpur - Sagauli 100.6 km,CAO/Con/North/MHX ECR mor,Ministry of Railways,Railways,Bihar,1586.0,1744.84,99.0,2026-07,0.8819499943231202,9.755989004644224,0.7397839464836817,11.906824779137779,23.417542109031917,81.0866970403401,Red,,-0.16018516287959983
619108,4 Lane with PS from Des. Ch 0.000 to Des. Ch. 43.800 of Belgaum-Hungund-Raichur Section of NH-748A Package-1,NHAI,Ministry of Road Transport & Highways,Roads & Highways,Karnataka,1452.43,1256.55,40.21,2026-07,0.7084430281647439,7.320321410593165,0.9128625379021763,30.6159092949798,19.440855556237228,81.065278303346,Red,,-4.925779100802586
706724,Guwahati Airport New Integrated Terminal Building Construction Project,Adani Airport Holdings Limited,Ministry of Civil Aviation,Aviation & Aviation Infrastructure,Assam,1712.0,2520.0,99.5,2026-07,0.8537355023454523,7.679052077139572,0.7625150882962298,9.76843792036983,34.82607397920226,80.81252953208411,Red,,4.659379868223766
618666,4- Laning of Mohari to Satai Ghat section NH-934 from Km 50300 to Km 89875 Total length 39.575 km Package-2 in the State of Madhya Pradesh on EPC Mode,NHAI,Ministry of Road Transport & Highways,Roads & Highways,Madhya Pradesh,710.92,539.08,99.5,2026-07,0.8596474621900632,9.506074810789569,0.7557231738364514,25.50188566950236,53.83654584667753,80.76853180132572,Red,,-1.1993444098358452
618489,Delhi-Amritsar-Katra Expressway Phase-I Pkg-IX from Junction with Ludhiana-Moga road NH-5 near Mullanpur Dakha to Junction with Jalandhar - Moga road NH-703 near Kang Sahibu village Km 260860 to km 303900,NHAI,Ministry of Road Transport & Highways,Roads & Highways,Punjab,1851.47,2407.14,73.35,2026-07,0.9568826774193546,9.751148561461143,0.6554948048029727,26.93641080869381,45.23171400636051,80.61887411111637,Red,,2.072110406335483
619123,6L Access Controlled Greenfield Highway from Narayanmpet Ch. 203500 to Chandrasekharpuram Ch. 228000Package-10,NHAI,Ministry of Road Transport & Highways,Roads & Highways,Andhra Pradesh,813.66,678.21,66.12,2026-07,0.7445986856471806,3.141045433644495,0.8675921034265501,21.37877882916316,29.64639152140926,80.60953945368654,Red,,-4.154063419932427
706866,Sawaimadhopur - Bypass line 6.98 km Umbrella work PB57/2019-20/NR,CAOC/NWR NWR mor,Ministry of Railways,Railways,Rajasthan,304.0,239.0,72.0,2026-07,0.6535667596478315,9.831190486078052,0.9584488035140802,27.013528146601047,53.94994305446961,80.6007781580956,Red,Rapidly Deteriorating,36.186720213625826
618879,Rehabilitation and Upgradation to 2L PS configuration & Strengthening of Padhar to Bijni section from Km 180.000 to Km 202.815 of NH-154 Pkg-VA,NHAI,Ministry of Road Transport & Highways,Roads & Highways,Himachal Pradesh,930.86,930.86,99.86,2026-07,0.6320526939680531,7.906378650655833,0.9796217172078205,6.530870235521865,29.666794930318197,80.58372055879369,Red,,-4.190534346337472
618920,Access Controlled Highway of 4 Lane with Paved Shoulders from TN/AP Border Design Chainage Km 6151 to Puttur Design Chainage Km 81540 of NH-716 & 6 Lane with Paved Shoulders from Mallavaram to Renigunta,NHAI,Ministry of Road Transport & Highways,Roads & Highways,Andhra Pradesh,1346.82,1260.37,42.48,2026-07,0.8053754392425148,6.317084866963633,0.8057196405201992,0.2658834394053199,11.030214322884637,80.5547539881357,Red,,-5.665493290759741
618843,Construction of two lane with paved shoulders bypass to Mungrabadshapur town starting from near Kodahu at Km 47/225 of NH-319D and ending near Nauwadandi at Km 219/720 of NH-31 under NHO in the state of Uttar Pradesh on EPC mode,NHAI,Ministry of Road Transport & Highways,Roads & Highways,Uttar Pradesh,197.6,165.28,22.79,2026-07,0.6616925302670925,8.935101564586146,0.9478530890812717,18.787127223547852,45.651720674636024,80.47728096741822,Red,,-5.056688071788173
619090,8L of Dwarka Expressway Pkg-II RuB near Dwarka Sector 21-DL/HR Border from 5.300 Km.to 9.500 Km. of NH-248BB,NHAI,Ministry of Road Transport & Highways,Roads & Highways,Delhi,2067.67,2670.22,100.0,2026-07,0.9759104178408324,12.100539262560856,0.6320463337714755,18.648240963558266,62.36517581074733,80.39783758061539,Red,,0.42149195042971144
618788,4L Greenfield Jalbhera Shahbad section from km. 0.000 to km. 22.850 of NH-152G,NHAI,Ministry of Road Transport & Highways,Roads & Highways,Haryana,927.22,1173.66,87.05,2026-07,0.8782761243296651,7.571673763055033,0.7295535650364442,0.9200890548574218,21.851163765871853,80.39148446830546,Red,,-0.8916343002378255
618037,Rehabilitation and Up-gradation of existin of road from 2-lane to 2-lane with paved shoulders from km. 0.00 to km 53.590 total length-53.590 km of Raychoti to Vempalli section of NH-440 in the State of Andhra Pradesh on EPC mode.,MoRTH,Ministry of Road Transport & Highways,Roads & Highways,Andhra Pradesh,439.82,359.52,90.2,2026-07,0.8669085837371688,8.146275394865729,0.7403031444051099,-0.002221619361505644,10.748877702739831,80.36058640711394,Red,,0.31783444313322207
612096,Construction of Balurghat-Hilli new BG Line,Northeast Frontier Railway [NFR],Ministry of Railways,Railways,West Bengal,1209.0,1181.57,18.0,2026-07,0.9332927232861633,32.92253837870858,0.6721591215553631,39.37603398928641,73.45525123918245,80.27259224207633,Red,,4.379567957990403
618822,Rehabilitation and Up gradation from 4 to 8 laning of Chandikhole Paradip Section of NH-53 Old NH 5A from Km.0.00 to Km.18.00Package-1,NHAI,Ministry of Road Transport & Highways,Roads & Highways,Odisha,929.91,869.45,96.75,2026-07,0.6315902525283862,4.609137357864566,0.9720559490797376,20.306432913871923,35.91553940165612,80.1823100804062,Red,,-9.437158795664018
618479,Bangalore Chennai Expressway Phase-III Package III Arakkonam to Kancheepuram from Km 204.500 to Km 230.000,NHAI,Ministry of Road Transport & Highways,Roads & Highways,Tamil Nadu,1525.1,1525.1,53.56,2026-07,0.9104386940803809,5.043343200458626,0.6917822211609954,8.996549100757713,14.085608946008689,80.11104576206883,Red,,-0.4764936709709531
619131,Four Laning of Chettikulam to Natham section of NH-785,NHAI,Ministry of Road Transport & Highways,Roads & Highways,Tamil Nadu,837.61,823.93,99.75,2026-07,0.9522950261588801,10.283590448030736,0.6471129419605157,6.588032722396665,28.80503887143996,79.97039840596979,Red,,-0.26983385190516174
705793,Raising of speed to 160 kmph/200 kmph on existing New Delhi-Mumbai route incl. Vadodara-Ahmedabad,PCE/WR,Ministry of Railways,Railways,"Multi-States (Delhi, Gujarat, Madhya Pradesh, Maharashtra, Rajasthan)",6806.44,8095.12,66.32,2026-07,0.8018576223021473,10.878913437960787,0.7966226652661478,10.750856463592356,21.029424455878225,79.92401437841475,Red,,0.49616563759028054
618455,Development of External Trunk Connectivity and Internal Infrastructure Works at Multi Model Logistics ParkMMLP at Jogighopa in the State of Assam on EPC Mode Package-I Road and Utility Works,NHIDCL,Ministry of Road Transport & Highways,Roads & Highways,Assam,693.97,693.97,100.0,2026-07,0.7752916681973132,6.256434277292362,0.8227224914877795,0.0,26.96329764841116,79.90070798425464,Red,,-0.12878371834939628
618899,Kallagam km.38.700 to Meensurutti Km.98.433 of NH-227 in Tamil Nadu,NHAI,Ministry of Road Transport & Highways,Roads & Highways,Tamil Nadu,1499.12,1499.12,100.0,2026-07,0.8654683426548213,-5.936008085303331,0.7320836113608464,5.8706773844539075,23.303623159855167,79.87759770078338,Red,,0.9094623954618726
618954,Umagaon - Saharsa Package - I Combined Umagaon-Kaluahi0.000KM to 21.609Km of NH227LSaharghat-Rahika0.000 Km to 26.130KM of NH227JRahika-Rampatti 0.00 KM to 15.00KM of NH527ABideshwarsthan-Bheja0.000KM to 25.915KM of NH527A.,NHAI,Ministry of Road Transport & Highways,Roads & Highways,Bihar,1473.2,1703.02,23.78,2026-07,0.6375358468387275,7.920522443035968,0.9595284184795737,18.579798305113282,48.28357878952532,79.85321326591506,Red,,0.7680610127881664
618537,Construction of Ring Road around Kanpur from Km.000 to Km. 23.325 Chachendi Sachendi I to Maharajpur Package-I,NHAI,Ministry of Road Transport & Highways,Roads & Highways,Uttar Pradesh,1753.75,1311.7,62.15,2026-07,0.9554874061298929,8.245605655673895,0.6379405573284195,20.32253537374469,21.688171130129078,79.67139817291562,Red,,-0.6551048043133392
618564,6L with PS of Samakhiyali to Santalpur section from km. 339.700 to Km. 430.100 of NH-27,NHAI,Ministry of Road Transport & Highways,Roads & Highways,Gujarat,1553.76,34.34,64.52,2026-07,0.6327962790157023,13.28597920898438,0.959841378546581,30.128243262431827,37.14659327832822,79.63188287811417,Red,,-2.403643229295753
619142,Construction of 4-lane connectivity to Banbasa ICP at India Nepal border from NH-09 old NH-125 Sitarganj-Tanakpur at Km 40.00 near Jagbuda bridge under Bharatmala Priyojana of NH-109D on EPC mode in the State of Uttarakhand,NHAI,Ministry of Road Transport & Highways,Roads & Highways,Uttarakhand,216.97,237.01,75.24,2026-07,0.7928053330729338,5.082844143545906,0.7997765616393562,29.19423653528069,81.24786746539903,79.6290947356145,Red,,1.3252929593905662
618909,2L PS of JH / WB Border km. 70.524 - Purulia km.84.400 & Purulia km. 94.30 - Chandil Junction with NH-33 km. 153.705 of Old NH-32,NHAI,Ministry of Road Transport & Highways,Roads & Highways,"Multi-States (Jharkhand, West Bengal)",1652.4,1771.88,97.65,2026-07,0.9712638975891623,8.669600240741893,0.6213081293954176,19.96790250711167,21.575946611537425,79.628601349229,Red,,-1.5914103380011397
618591,"Construction of 6-lane flyover at Ainthapali junction and a 2-lane ROB LHS on NH-53 Earlier NH-6 in Sambalpur, on EPC mode in Odisha under NHO",NHAI,Ministry of Road Transport & Highways,Roads & Highways,Odisha,374.17,211.74,54.2,2026-07,0.6113196802693147,0.16160496255771245,0.9800322825490935,25.30476540895477,76.72807821908404,79.56759814092041,Red,,0.4981531186922865
618351,Widening & Upgradation to 2 lanes with paved shoulders road from Tamenglong to Mahur NH-137 in the State of Assam starting from km 156.489 near P. Leikul to km 176.410 near Borowapu on EPC mode under NHO-NE Assam portion Package-10,NHIDCL,Ministry of Road Transport & Highways,Roads & Highways,Assam,890.33,693.15,90.5,2026-07,0.6870881430897391,6.575783798278304,0.9035394347324918,0.0,9.475076621871546,79.53137889111154,Red,,3.0386728752612697
618521,Karaipettai to Walajapet from Km 71.015 to 107.091,NHAI,Ministry of Road Transport & Highways,Roads & Highways,Tamil Nadu,766.51,766.51,93.55,2026-07,0.9500072810913295,9.605865038647028,0.6387071293276694,7.483089907078835,23.12222592389592,79.43572052094994,Red,,0.198888135351595
618868,4L from Devinagar Bypass End Existing Km. 208.000 of NH 530B/Design Km. 66.000 to Kasganj Bypass End Existing Km.150.100 of NH 530B/ Design Km. 123.100 of NH 530B,NHAI,Ministry of Road Transport & Highways,Roads & Highways,Uttar Pradesh,2289.52,2223.71,77.0,2026-07,0.903319476225433,9.347578974770304,0.6853547703041959,-2.7247506638807644,10.439298738527324,79.43371232648144,Red,,-3.386919120943361
618543,4L of twin tube tunnel configuration including approaches from Marog to Digdol from Km.154.210 to Km.158.650 North Bound and from Km.155.940 to Km.160.260 South Bound of Ramban to Banihal Pkg-I of Old NH-1A New NH-44,NHAI,Ministry of Road Transport & Highways,Roads & Highways,Jammu and Kashmir,1912.17,1034.3,30.5,2026-07,0.964726875747298,8.37424923120609,0.6218663334919563,26.419774601800246,25.713916521520755,79.32966046196272,Red,Stalled and Overdue,-0.42808352209701184
619161,Access Controlled Highway of 4 Lane with Paved Shoulders from Tiruvallur Design Chainage Km 1756 to TN/AP Broder Design Chainage Km 6151 of NH-716 Chennai- Tirupati Package-1,NHAI,Ministry of Road Transport & Highways,Roads & Highways,Tamil Nadu,1376.1,1247.7,46.31,2026-07,0.9175401545694337,7.284022230623713,0.6687342664248084,8.167537111713097,16.188994599733274,79.3137210497121,Red,,-3.9174441679857495
618626,Four laning from Dive Ghat Km. 220.900 to Hadapsar Km. 234.150 of Mohol Alandi section Pkg VI of NH-965,NHAI,Ministry of Road Transport & Highways,Roads & Highways,Maharashtra,819.52,400.0,70.01,2026-07,0.6042666620649778,1.489884199677237,0.9808681914022279,29.907806356877387,63.03060847315897,79.25674267336029,Red,,-4.874397324548966
618924,2L PS of Najibabad Kotdwar section from 112.575 to Km. 138.635 of NH 119,NHAI,Ministry of Road Transport & Highways,Roads & Highways,Uttar Pradesh,188.87,99.2,55.9,2026-07,0.602909826795051,3.8651131401859766,0.9808586981186279,20.043946226990524,63.92273330202953,79.18842624568394,Red,,1.6564250785672243
618926,4L of Siwan- Masrakh section of Ram Janki Marg from Km 230.385 to Km 281.391 of NH-227A,NHAI,Ministry of Road Transport & Highways,Roads & Highways,Bihar,1431.36,1927.04,10.97,2026-07,0.6435731561725668,2.423706671037752,0.9401369702612538,13.556590580824986,45.87835379192793,79.18550632169104,Red,,-1.8803543147798791
618762,Itarsi Km. 63.000 to Betul Km. 137.000 of NH-69 in Madhya Pradesh,NHAI,Ministry of Road Transport & Highways,Roads & Highways,Madhya Pradesh,950.27,788.33,100.0,2026-07,0.6240339068327024,-4.901503921660376,0.9593327855240054,23.94411054182384,63.97129500772603,79.16833461783538,Red,,-3.750728787426212
618894,4L of Madathukulam - Pollachi from km. 74.38 to km. 116.95 of old NH-209 New NH- 83,NHAI,Ministry of Road Transport & Highways,Roads & Highways,Tamil Nadu,1772.13,1772.13,97.65,2026-07,0.9456328079103101,8.748376484501977,0.635632178758039,13.388142385703086,20.045176139455005,79.06324933341746,Red,,-3.3794580683929922
618519,Bangalore Ring Road STRR-NH-948A- Package-I of Phase-III from Belagondapalli TN to TN/KNT border from km 144.480 to 179.969,NHAI,Ministry of Road Transport & Highways,Roads & Highways,"Multi-States (Karnataka, Tamil Nadu)",1260.74,1218.47,92.95,2026-07,0.9296696394346627,8.37507911940323,0.6509846762501559,2.639454817679807,21.173044847546,79.03271578424093,Red,,-1.4985399868981801
618493,Delhi-Amritsar-Katra Expressway Phase-I Spur-I from Jn. with Kapurthala - Sultanpur Lodhi Road NH-703A near Isharwal village to Jn. with Kapurthala - Tarn Taran road NH-703AA near Goinwal Sahib [Km 24000 to Km 41000 of Amritsar connectivity],NHAI,Ministry of Road Transport & Highways,Roads & Highways,Punjab,2165.23,1519.6,34.79,2026-07,0.8725949912033926,6.982773420576415,0.7072858558801246,24.75362710943706,34.60938854793656,78.99404235417586,Red,Stalled and Overdue,2.369570489220763
618680,6L Greenfield Kandili - Aluru Section of NH-130-CD Road from km 342500 to km 365033 Package-OD-8,NHAI,Ministry of Road Transport & Highways,Roads & Highways,Odisha,1492.74,1912.84,99.9,2026-07,0.7595187507482852,5.350213533879184,0.819704878739755,7.5228574969641375,22.642649012478287,78.96118147440201,Red,,2.100673053674271
618580,Gohana - Sonipat PKG-2,NHAI,Ministry of Road Transport & Highways,Roads & Highways,Haryana,1275.31,1957.44,97.86,2026-07,0.8222211495998621,7.77887431147772,0.7557426696809513,10.78773034839187,24.23186597407756,78.89819096404067,Red,,0.080179598243447
618754,Upgradation of 2L/4L with Paved Shoulder of Shirwal-Lonand Section from KM 159900 To KM 188025 of NH-965DD Section I and 2L With Paved Shoulder of Lonand-Satara Section from KM 51500 To KM 96246 Of NH-965D Section II in Satara District in the State of Maharashtra on EPC Mode under NHO-,NHAI,Ministry of Road Transport & Highways,Roads & Highways,Maharashtra,538.11,307.24,43.57,2026-07,0.5889115746770801,1.0441002185131378,0.9879902116935352,29.15125426184356,42.29510976654053,78.84508931853075,Red,,3.4327359301991436
618728,6L Greenfield Varanasi-Ranchi-Kolkata Highway from junction with NH-19 & Varanasi Ring Road near Rewasa village to junction with Chandauli-Chainpur road near Khainti village from Km. 0.000 to Km. 27.000 - Pkg-1,NHAI,Ministry of Road Transport & Highways,Roads & Highways,"Multi-States (Bihar, Uttar Pradesh)",1433.39,1564.15,47.63,2026-07,0.9591356239469644,7.713947915705672,0.6176620839727428,-1.706638323995936,17.02332154764764,78.83988539598536,Red,,0.03665790290312998
618663,i 4L Vidisha to Hinotiya from km 0.000 to Km 27.000 Vidisha Mehulwa-Talbehat Pkg- I Section of NH- 346 and ii 4L Vidisha to Morikori from Km 39.000 to 59.476 section of NH-146,NHAI,Ministry of Road Transport & Highways,Roads & Highways,Madhya Pradesh,1003.87,941.12,90.04,2026-07,0.8716342287014409,9.93393421235698,0.7044745533432105,6.754961673179766,20.087284794924255,78.80543910223257,Red,,4.721987660249809
618881,4L PS bijni to mandi section from Km 202.815 to Km 208.000 of NH-20 New NH-154 of Pathankot-Mandi Package-VB,NHAI,Ministry of Road Transport & Highways,Roads & Highways,Himachal Pradesh,1113.02,1112.39,35.3,2026-07,0.585247871649599,4.349437238311694,0.9907360551379155,9.518680131163277,19.20899952031967,78.79919633937573,Red,,0.4490038896560975
619154,Construction of Four Lane Highway from Ghazipur- Ballia-UP/Bihar State Border Greenfield section of NH-31 Package III [from Pindari km 78.150 to Rawalganj Bypass Km 117.120] on EPC Mode in the state of Uttar Pradesh.,NHAI,Ministry of Road Transport & Highways,Roads & Highways,"Multi-States (Bihar, Uttar Pradesh)",1493.5,1493.59,86.11,2026-07,0.9012326152521559,8.780863277520693,0.6699841374769181,5.010573250805845,14.229761228848226,78.5608376364537,Red,,-2.747031188516857
619217,4L of Haridwar-Nagina section from km. 0.00 to km. 71.614 of NH-74,NHAI,Ministry of Road Transport & Highways,Roads & Highways,"Multi-States (Uttar Pradesh, Uttarakhand)",1659.12,1622.49,99.85,2026-07,0.8425401301444929,0.7339933469886304,0.7283926921857068,10.788844373186203,24.575500994480496,78.54664111650999,Red,,-4.066430981621039
709864,DCU Revamp Project,Numaligarh Refinery Limited,Ministry of Petroleum & Natural Gas,Oil & Gas,Assam,370.0,370.0,80.5,2026-07,0.7526242642247707,5.333253552457836,0.8158593516030437,4.264754362798025,43.24418194597442,78.42418079139073,Red,Rapidly Deteriorating,16.14140617878816
618776,4L of Greenfield section from Sirhind to Mohali,NHAI,Ministry of Road Transport & Highways,Roads & Highways,Punjab,1237.65,1301.15,98.66,2026-07,0.6795747100669847,6.076871580249264,0.8888483771921208,26.124822057798987,49.216724244141226,78.42115436295526,Red,,-12.255285579724983
707410,Integrated Multi Modal Logistics Hub at Nangal Chaudhary in Haryana - Other Trunk Infrastructure Development Phase 1,NICDC,"Ministry of Ports, Shipping and Waterways",Logistics Infrastructure,Haryana,763.0,763.0,60.0,2026-07,0.6342232634970429,3.6481770261164086,0.9335743883192187,10.264452069192831,57.52181946764401,78.38988259081307,Red,Rapidly Deteriorating,17.71548112577645
618627,Construction of 7 Nos of Standalone safety structures/works at different locations on various NHs,NHAI,Ministry of Road Transport & Highways,Roads & Highways,Maharashtra,168.52,112.03,33.35,2026-07,0.6805004447454359,7.856295105669644,0.8872866796905109,20.47583396583781,40.810856085048314,78.38935622179734,Red,,5.609264848278883
619130,Mahabalipuram - Pondicherry Pkg-II [Mugaiyur to Marakkanam],NHAI,Ministry of Road Transport & Highways,Roads & Highways,Tamil Nadu,1116.13,1463.75,53.41,2026-07,0.9708715729839547,9.899187200650122,0.5965174364192075,25.416123352602156,32.02517748660553,78.36945047015811,Red,,-5.0140350277191885
619128,Khammam-Devarapalle Pkg II [4L Access Controlled Greenfield from Somavaram village to Chintagudem village Design Chainage 33604 to 63117],NHAI,Ministry of Road Transport & Highways,Roads & Highways,Telangana,615.78,981.64,98.02,2026-07,0.8716833525915443,10.587621289341115,0.6953608871841619,5.840808075506487,24.004412315136033,78.3522119887853,Red,,-2.5616168332240505
618525,Construction of flyover at Gammon Junction at Km.903.265 on NH16 including vent at Diwancheruvu junction at Km.902.308 Blackspot ID No.AP03299 in Andhra Pradesh on EPC mode under NHO,NHAI,Ministry of Road Transport & Highways,Roads & Highways,Andhra Pradesh,326.61,223.29,18.9,2026-07,0.5909893354926659,3.3847442586344707,0.9752466636447205,17.88576672208151,67.77453428094418,78.31179995686932,Red,,-8.80771440875472
619157,4 Laning of Talcher to end of Kamakhyanagar Bypass km 8.844 - km 15.725 of NH- 149 and km 301.875 - km 335.946 of NH-53 Pkg-I,NHAI,Ministry of Road Transport & Highways,Roads & Highways,Odisha,795.18,810.71,99.0,2026-07,0.814015442436631,9.257155913777662,0.7463692818042355,18.640362048022304,28.15466462588443,78.01923621204332,Red,,0.0004943321013257673
619105,6L Access Controlled Ludhiana-Bathinda Greenfield highway from Jn. with Moga- Barnala Road NH-703 near village Tallewal to Jn. with Delhi-Katra Expressway NE-5 near Ludhiana village Ballowal from Km 30.300 to Km 75.543 of NH-754AD Pkg-2,NHAI,Ministry of Road Transport & Highways,Roads & Highways,Punjab,1555.13,1564.66,25.55,2026-07,0.796344238689788,4.801297088963595,0.7636257236071748,42.473933632533374,50.8313118745947,77.99849811484813,Red,,-0.3952039100092861
619199,Bangalore Chennai Expressway Phase-II Pkg-I from km.71.000 to Km 96.000 Bethamangala in the state of Karnataka to Byreddypalli,NHAI,Ministry of Road Transport & Highways,Roads & Highways,"Multi-States (Andhra Pradesh, Karnataka)",1410.01,1410.01,99.2,2026-07,0.7159715480522486,4.427288701024709,0.8418406276538551,27.191915947566137,39.17142662696242,77.89060878530518,Red,,-10.139285002971064
702833,Kalyan-Dombivali Water Supply Infrastructure Project,Ministry of Housing & Urban Affairs,Ministry of Housing & Urban Affairs,Waste & Water,Maharashtra,194.2,194.2,75.0,2026-07,0.899109812454741,11.951273942398952,0.6541481568190309,15.994292631556997,76.41860045876362,77.66289846368859,Red,,0.0
705493,Hubli-Ankola 167 km,CAOC/SWR SWR mor,Ministry of Railways,Railways,Karnataka,5174.0,533.32,10.0,2026-07,0.6015628073824136,16.732675318225528,0.9476124417947052,27.719581139231,117.8293334390321,77.45876245885594,Red,Rapidly Deteriorating,43.024694105438606
618622,4L of Indore - Boregaon Pkg-III [Balwara to Dhangaon] from km. 42.260 to km. 82.660 of NH347BG & 753L,NHAI,Ministry of Road Transport & Highways,Roads & Highways,Madhya Pradesh,1001.69,888.81,92.5,2026-07,0.8882232715871353,7.457895448092082,0.6568598532222581,13.63430821320013,22.591563844836624,77.25415624046967,Red,,-6.668803934522998
617836,Coke Drum Structure Package,Numaligarh Refinery Limited,Ministry of Petroleum & Natural Gas,Oil & Gas,Assam,635.28,635.28,72.0,2026-07,0.6706907909987342,10.383856039153075,0.874240360811077,3.243990075090184,59.36996236126875,77.24655759049057,Red,,-16.3977462040084
619208,Kadambattukonam-Kazhakuttom,NHAI,Ministry of Road Transport & Highways,Roads & Highways,Kerala,3635.64,3526.33,44.34,2026-07,0.8107996460385998,5.595767727587507,0.7335101927251606,4.267044788345523,27.578378991925792,77.21549193818802,Red,Rapidly Deteriorating,16.292716871729766
618496,Delhi-Amritsar-Katra Expressway Phase-II Pkg-XVI Existing Jakh Vijaypur-Kunjwani section of NH-44 including spur Connectivity to Jammu Airport NH-144A [Km 503500 to km 514500],NHAI,Ministry of Road Transport & Highways,Roads & Highways,Jammu and Kashmir,1821.72,2522.56,94.14,2026-07,0.9499976871913017,9.14240287010139,0.5939509074323542,5.996116373492086,18.40690788042519,77.1974297311828,Red,,0.28957084479287687
618891,4L PS from Kalar Bala Village to Nauni Chowk of NH 205 from Km 41.000 to Km 58.450,NHAI,Ministry of Road Transport & Highways,Roads & Highways,Himachal Pradesh,1244.43,786.91,31.46,2026-07,0.694293121997651,6.536773176236513,0.8495627018777137,18.82140124616489,47.403064872628875,77.19279119376823,Red,,2.9845391327416877
619065,4L Expressway from Km 26.400 to km 53.500 of Malur to Bangarpet section of Bangalore-Chennai Expressway Phase-I Package-II,NHAI,Ministry of Road Transport & Highways,Roads & Highways,Karnataka,1745.0,1729.63,99.8,2026-07,0.6627025073052935,4.059931082716039,0.8798702904185426,15.934209099280706,35.282213445844214,77.1286398861918,Red,,0.7362642707070819
618883,Construction of Four Lane Highway form Ghazipur- Ballia-UP/Bihar State Border Greenfield section of NH-31 Package I [from Hridaipur km 0.000 to Shahapur km 42.500] on EPC Mode in the state of Uttar Pradesh.,NHAI,Ministry of Road Transport & Highways,Roads & Highways,Uttar Pradesh,1706.47,1579.59,100.0,2026-07,0.8885330959945866,3.809752663461956,0.6538843179865226,4.174314912081736,25.188681254054323,77.12087069905547,Red,,-4.0958566861719135
618628,Strengthening of Existing Alignment of Pandharpur Town Part Bypassed Section of NH 965 from KM 36.230 to KM 44.230 from Chh. Shivaji Maharaj Chowk to Wakhari,NHAI,Ministry of Road Transport & Highways,Roads & Highways,Maharashtra,150.21,87.59,69.25,2026-07,0.5632611701119082,6.387329987575268,0.9772223302122646,25.816787108142773,83.24770872894875,77.02417501620864,Red,,0.7050198825987763
618872,4L PS from near Hunsur - KR Nagar Junction to near Yalachahalli village KR Nagara - Yelawala Road Junction fcrom Km 169.000 to Km 195.550 of NH-275 Pkg-IV,NHAI,Ministry of Road Transport & Highways,Roads & Highways,Karnataka,1062.76,952.03,19.58,2026-07,0.7883308239611767,6.361989689877176,0.7504102969061396,9.491361210194324,33.46715260860004,76.93705604336581,Red,,-0.7056384047531168
618956,Construction of Major Bridge over Baghmati and Lakhandei River along with Approaches from Design km.16.500 to km.21.500,NHAI,Ministry of Road Transport & Highways,Roads & Highways,Bihar,498.97,380.3,26.84,2026-07,0.5480110304334126,2.7747255414454264,0.9897990879888529,13.047071292305043,39.02392229010646,76.89050592111327,Red,,4.004664633640971
705368,Araria-Supaul 92 km,CAO/Con/North/MHX ECR mor,Ministry of Railways,Railways,Bihar,1605.0,2621.05,40.0,2026-07,0.8916995853197999,9.07847213936789,0.6450462048632589,16.41945148586639,65.3741303202255,76.83728950915294,Red,Stalled and Overdue,6.646665226623739
619086,Chengapalli km 102.035 to Neelambur Km144.680 and Madukkarai Km 170.880 to Walayar K183.010 Package No. NS-2/BOT/TN-08,NHAI,Ministry of Road Transport & Highways,Roads & Highways,Tamil Nadu,1247.43,285.55,100.0,2026-07,0.6808834192004887,7.597954259356225,0.8556549052136674,23.809839135179622,74.76476777549233,76.8269162207078,Red,,2.9923761647889364
618815,4L Access Controlled Greenfield Highway section on NH-163G Warangal-Khammam from Venkatpur village in Warangal District at Design Ch. 150.240 Km to Thallasenkesa village in Mahabubabed District at Design Ch. 189.650 kmPackage-II,NHAI,Ministry of Road Transport & Highways,Roads & Highways,Telangana,1092.88,1083.11,77.65,2026-07,0.9328260850645186,8.281684792895234,0.6029855827552141,7.247726757288869,46.75154978030229,76.79058339098663,Red,,9.831716731657224
618506,"Construction of Additional Structures, Improvement of Service Road & Maintenance of Six Lane Gurgaon-Jaipur Section of NH-48 old NH-8 between km 42700 to km 107100 in the State of Haryana",NHAI,Ministry of Road Transport & Highways,Roads & Highways,Haryana,401.74,240.02,61.38,2026-07,0.5847076816400103,4.960683792575293,0.9493046491828457,19.182460657808015,50.48974188477558,76.7006165411428,Red,,1.976450161324891
618470,Vadodara Mumbai Expressway Phase II - Pkg XIV [Km. 3.000 to Km. 20.200 of Spur] Shirsad - Akloli,NHAI,Ministry of Road Transport & Highways,Roads & Highways,Maharashtra,2058.79,2324.72,98.0,2026-07,0.929173802839821,11.540255065474703,0.602965183325326,17.50997027936886,70.03041569171704,76.60694930825736,Red,,5.111751044791205
705237,Western Dedicated Freight Corridor,DFCCIL,Ministry of Railways,Railways,"Multi-States (Gujarat, Haryana, Maharashtra, Rajasthan, Uttar Pradesh)",51101.0,124005.0,96.0,2026-07,0.9460646837143315,22.7894716439183,0.5846667561487638,112.58112759301801,193.50012428157524,76.53657199315477,Red,,0.0
619074,6-laning of Krishnagiri Km.0.000 to Walajahpet Km.148.300 section on NH-46 under NHDP-V,NHAI,Ministry of Road Transport & Highways,Roads & Highways,Tamil Nadu,1673.17,781.74,99.99,2026-07,0.6924391228829703,1.3573851413864593,0.8352325107806249,19.416319245154,64.39070865719194,76.38358168317976,Red,,0.11287867207072111
619068,Construction of Greenfield Connectivity to Jewar International Airport from DND- Faridabad-Ballabhgarh Bypass KMP Link - Spur to Delhi Mumbai Expressway,NHAI,Ministry of Road Transport & Highways,Roads & Highways,"Multi-States (Haryana, Uttar Pradesh)",2920.69,3485.77,76.3,2026-07,0.9594877360347851,10.331728451356774,0.567658687089411,2.279612970547118,17.629823479604458,76.3573211562098,Red,,-1.0718575471432388
618736,4L Elevated corridor of Kalimandir-Dimna Chowk-Baliguma Jamshedpur Section of NH-33 New NH-18 from km 241940 to km 251961 Length 10.021 km,NHAI,Ministry of Road Transport & Highways,Roads & Highways,Jharkhand,936.26,832.2,49.5,2026-07,0.8511843839472361,7.280495492438327,0.6727362971425945,4.488713167333518,14.894729008369346,76.19603405449153,Red,,6.884971093825001
618969,4/6L of Spur to Haridwar Greenfield from Km. 0.000 to Km. 50.70,NHAI,Ministry of Road Transport & Highways,Roads & Highways,"Multi-States (Uttar Pradesh, Uttarakhand)",2155.95,2612.3,92.98,2026-07,0.9478890529660747,9.29145194312359,0.575541870077646,6.922411829725409,19.567024331264875,76.17154615218604,Red,,-3.631551665755353
618217,Improvement/construction of existing Class-5 Road to NH Intermediate lane specification with hard shoulder from existing Km 76/340 to 134/940 Design chainage from Km 76/300 to 133/000 net Length 56.700 kms of NH-505 Sumdo-Kaza- Gramphoo road in the state of Himachal Pradesh Package I,MoRTH,Ministry of Road Transport & Highways,Roads & Highways,Himachal Pradesh,314.67,244.15,62.28,2026-07,0.6746245998255354,8.084353391218967,0.8458620290181248,0.0,7.766815259523987,76.02433144218301,Red,,-2.595375514639315
618655,2L PS of Roshni to Ashapur Section of NH-347B from Design KM Ch. 89.900 to 114.000 KM Package III of Betul Khandwa,NHAI,Ministry of Road Transport & Highways,Roads & Highways,Madhya Pradesh,200.99,120.75,98.85,2026-07,0.6231296149795983,9.229467415678505,0.8960794622991856,20.973971304161598,65.71568669581441,75.9604538639392,Red,,-8.171627623172455
705506,3rd Line Manmad - Jalgaon [160 Kilometres],Central Railway [CR] - II,Ministry of Railways,Railways,Maharashtra,1035.16,1870.0,100.0,2026-07,0.9716436066012246,8.976889948885129,0.5471870260588643,-2.3645895860851702,44.51871916566127,75.94153163300444,Red,,4.890349980568104
618596,6L of Taliparamba to Muzhappilangad from Km 134.650 to Km 170.6 of NH-66,NHAI,Ministry of Road Transport & Highways,Roads & Highways,Kerala,2714.6,3557.65,83.7,2026-07,0.743559242594764,2.179197130282793,0.7741552533228839,14.588024168617103,16.72071203288743,75.8857247958824,Red,,5.604389050987265
705356,Ahmednagar - Beed - Parli - Vaijnath New Broad Gauge Line Railway Project [261.3 km],CAOC/CR CR mor,Ministry of Railways,Railways,Maharashtra,2538.67,5942.48,93.0,2026-07,0.9324277527113829,8.533579378444703,0.5851323765849865,79.74729309666213,102.56334967968786,75.87800646481847,Red,,-6.642777938613349
618931,4L PS from Ch. 179.780 in Bitada/Movi Village to Ch. 208.900 in Nasarpore Village of NH-56 Pkg-V,NHAI,Ministry of Road Transport & Highways,Roads & Highways,Gujarat,764.02,566.96,10.08,2026-07,0.564345764799861,5.186084495562169,0.9524251786674904,33.85659879300959,48.35999857656788,75.83854717336757,Red,,-6.670247834635333
604859,Integrated Para Xylene [PX] and Purified Terephthalic Acid [PTA] Project at Paradip Refinery,Indian Oil Corporation Limited [IOCL],Ministry of Petroleum & Natural Gas,Oil & Gas,Odisha,13805.0,11783.0,94.9,2026-07,0.6836704471788396,7.438665266412798,0.8322802362800256,23.344040631235018,36.116900526149266,75.79753417294326,Red,,-12.7850824335639
617934,Nasratpur to Barasgaon section of NH-61 2L / 4L PS from Km.514/00 to 558/200,MoRTH,Ministry of Road Transport & Highways,Roads & Highways,Maharashtra,406.54,406.54,95.84,2026-07,0.7376447968175619,13.512991202462072,0.7752838761986375,0.5538550356467516,12.437533382777149,75.64643365080997,Red,Rapidly Deteriorating,30.35437818137627
618406,Up-gradation to 4-lane with Paved Shoulder of Jammu-Akhnoor road section of NH- 144A from Ganesh Vihar Km 6.000 to Khati Chowk Km 26.350 in UT of Jammu and Kashmir on EPC basis Pkg-3A,NHIDCL,Ministry of Road Transport & Highways,Roads & Highways,Jammu and Kashmir,322.49,322.49,92.5,2026-07,0.8560890651928054,0.7875659083372912,0.6545499692938416,0.0,36.81563190210296,75.53195172433234,Red,,1.1249596645713211
705358,Khurda Road-Bolangir 301 km,CAO/C/ECOR ECoR mor,Ministry of Railways,Railways,Odisha,3792.0,6221.98,93.0,2026-07,0.7944214796786818,2.9649864826718284,0.7160476830045454,40.47222521155562,134.77207033997942,75.52345813416136,Red,,2.9854515433424496
703057,Patiala Water Supply Infrastructure Part-2 Project,Ministry of Housing & Urban Affairs,Ministry of Housing & Urban Affairs,Waste & Water,Punjab,287.0,287.0,99.0,2026-07,0.9155176307006155,12.687472435537625,0.5933396445895007,22.273487761074428,69.86462226876874,75.44286376450582,Red,,7.207430709247973
618629,Nandigama Bypass and Kanchikacherla bypass,NHAI,Ministry of Road Transport & Highways,Roads & Highways,Andhra Pradesh,416.07,444.58,98.47,2026-07,0.8699362460755322,8.002865306455362,0.6367967773916792,13.85105118257831,38.55980480828942,75.33665117336056,Red,,-0.32018137711737893
705497,Wardha - Yavatmal Nanded Railway Line Project,Central Railways,Ministry of Railways,Railways,Maharashtra,3445.34,4030.69,47.0,2026-07,0.8397098805332731,9.788705327237361,0.666759500131192,55.510699669152125,70.53497620618695,75.32346903322326,Red,,6.632314034539178
618198,Balance work of Rehabilitation and Up-gradation to 2-lane road with paved shoulders configuration for NH- 965DD from Pacharal-Mandangad-Mhapral-Rajewadi Upto Junction of NH-66 Ch-22700 to 75100 Km and Ambadave connector Birth place of Dr. Babasaheb Ambedkar Ch-0000 to 7325 Km length Km 59.725 in the state of Maharashtra on EPC mode. Balance Work,MoRTH,Ministry of Road Transport & Highways,Roads & Highways,Maharashtra,388.93,341.69,93.07,2026-07,0.8276648620976818,8.436030932924313,0.6786999293280461,0.0,23.291637205673997,75.3182395712864,Red,,9.518505530738452
618729,6 Lane Greenfield Varanasi- Ranchi- Kolkata Highway from Donoreshan village to junction with NH-20 in Bongabar village from km 288.600 to km 325.500 Pkg -11,NHAI,Ministry of Road Transport & Highways,Roads & Highways,Jharkhand,1856.12,1856.12,0.0,2026-07,0.5427229246466909,6.459443497812826,0.9628580697316704,8.232501917235318,48.20919289840175,75.27904971891807,Red,,12.181735233730393
619167,4 Laning with PS of Pathrapalli-Katghora km 53.3 to km 92.6 Pkg-II of Bilaspur Kathghora,NHAI,Ministry of Road Transport & Highways,Roads & Highways,Chhattisgarh,865.1,1275.26,93.1,2026-07,0.7982319523728698,1.3048956592230827,0.7065372088255195,18.94524903824721,19.760792898630378,75.23845805991947,Red,,-6.174868439921141
619203,Vadape to Thane from km 539.202 to km 563.000 section of NH-3 new NH-848,NHAI,Ministry of Road Transport & Highways,Roads & Highways,Maharashtra,1252.92,1371.27,87.0,2026-07,0.5614417850539789,3.709341127779317,0.941396754011549,25.920600494763548,69.05771698278318,75.1419269532764,Red,,1.4712629244991149
618233,Construction of 6-lane bridge on Ganga on NH-96 and its approaches in Phaphamau Allahabad on EPC mode,MoRTH,Ministry of Road Transport & Highways,Roads & Highways,Uttar Pradesh,1948.25,1465.41,91.0,2026-07,0.9201138911417361,4.921896705606115,0.5821513799377288,-0.0022262249296718,4.508521255864039,75.11326355397325,Red,,1.1889996795248408
618708,Widening/Development of Existing NH-85 from Km 0.000 to Km 124.636 section to 2L/LPS section in the state of Kerala on EPC Mode under Bharatmala Pariyojana,NHAI,Ministry of Road Transport & Highways,Roads & Highways,Kerala,1187.47,1265.47,81.98,2026-07,0.860857460786058,8.435599815011965,0.6395956191112533,5.364986643618186,48.09814733730564,75.02265399486556,Red,,1.26207513152103
618471,Vadodara Mumbai Expressway Phase II - Pkg XV [Km. 20.200 to Km. 43.000 of Spur] Akloli - Amne,NHAI,Ministry of Road Transport & Highways,Roads & Highways,Maharashtra,2610.88,2918.39,94.6,2026-07,0.9153275724118896,10.986611451332102,0.583533062426148,16.81941916803656,67.84493399054274,74.94303174190188,Red,,-11.563700987202537
602195,Vishnugad Pipalkoti Hydro Electric Project [444 MW],THDC India Limited,Ministry of Power,Electricity Generation,Uttarakhand,3860.35,6405.08,81.5,2026-07,0.9327442634261354,8.41002616424428,0.5656106531686256,45.468551126664664,58.47002337558902,74.91774582973805,Red,,-1.0246881104196177
619117,Hassan km 184.912 to Maranahally km 230.060 of NH - 75 in Karnataka,NHAI,Ministry of Road Transport & Highways,Roads & Highways,Karnataka,1021.57,1091.4,97.8,2026-07,0.8425510676235735,10.887179582718886,0.6555732438522905,23.37735781039433,37.39104334038021,74.9062155737932,Red,,-2.332768210611434
617422,Bodwad Parisar Sinchan Yojna,Department of Water Resources-MH,"Department of Water Resources, River Development & GR",Water Resources,Maharashtra,1923.81,1923.81,49.6,2026-07,0.7149239622688152,12.058006450544632,0.7828866793342955,10.571714272340222,58.80504053912676,74.89053208015552,Red,,8.906767323447667
618923,4L Behsuma at Km 39.250 Ex. Km 39240 To Bijnor at Km 78.810 Ex. Km 86590 Design Length 39.560 Km of NH-119 Pkg-II,NHAI,Ministry of Road Transport & Highways,Roads & Highways,Uttar Pradesh,2158.2,2553.12,70.12,2026-07,0.9735597850788552,11.276201346327435,0.5209683605201726,1.285115075876134,10.112526957021165,74.72640727995139,Red,,1.2367517869383136
618859,"Improvement and Up-Gradation of Existing Road to 4L PS from Km 229.070 to 260.800, End of Hardoi District to Lucknow Ring road of NH 731 Pkg-4",NHAI,Ministry of Road Transport & Highways,Roads & Highways,Uttar Pradesh,575.66,553.61,99.33,2026-07,0.9049953339113509,9.374161205806713,0.587376166500237,3.474258852700568,16.68969179903842,74.6185750205794,Red,,3.4043017565660563
618524,Construction of 6 lane elevated corridor including its approaches from Km. 629880 to Km. 634470 Design Chainage of NH-16 in Ranasthalam Town portion in the state of Andhra Pradesh on EPC Mode under NHO.,NHAI,Ministry of Road Transport & Highways,Roads & Highways,Andhra Pradesh,257.98,192.85,39.1,2026-07,0.5045610791927201,5.240802344910602,0.977077823953976,16.790963957498818,60.61859917329318,74.0819451573348,Red,,-1.1136116900509307
618733,6L Greenfield Varanasi- Ranchi- Kolkata Highway from junction with NH-20 in Bongabar village to junction with NH-30 in Lepo village from km 325.500 to km 358.500 Pkg -12,NHAI,Ministry of Road Transport & Highways,Roads & Highways,Jharkhand,1525.52,1525.52,0.1,2026-07,0.5125568062709478,5.445243844390092,0.9656792389346635,7.792564514838116,47.428787394147776,73.91180226028055,Red,,10.025893045997698
618530,Six Laning of Varanasi to Aurangabad from km. 786.00 to km. 978.40 of Old NH-2,NHAI,Ministry of Road Transport & Highways,Roads & Highways,"Multi-States (Bihar, Uttar Pradesh)",3241.56,3241.56,99.92,2026-07,0.9812405415561406,17.91080992394117,0.4962568743619198,11.43205838849795,55.803714038070076,73.87487079590302,Red,,-5.534185209515513
619069,Satara Km 725.000 to Pune Km 865.350 of NH - 4 New NH - 48 in Maharashtra,NHAI,Ministry of Road Transport & Highways,Roads & Highways,Maharashtra,361.72,425.51,99.05,2026-07,0.6567674826698485,-1.425077117654295,0.8194008764966881,32.71215350726403,104.28707932158338,73.80841795832683,Red,,1.287375878693581
618603,6L of Kodugallur to Edapppally section from km 397.750 to km 423.780 of NH - 66 old NH-17,NHAI,Ministry of Road Transport & Highways,Roads & Highways,Kerala,3465.82,3606.2,71.11,2026-07,0.8721891914337601,8.402433008898845,0.6002282313040692,3.132671763507765,13.317360751823163,73.62087113689147,Red,,1.1331801429794552
619064,Vadodara Mumbai Expressway Talsari to Karvad Phase IB - Pkg X [Km 103.400 to Km 128.000],NHAI,Ministry of Road Transport & Highways,Roads & Highways,"Multi-States (Dadra & Nagar Haveli and Daman & Diu, Gujarat, Maharashtra)",1909.74,2652.24,36.23,2026-07,0.9551100787217894,11.506737185023812,0.517075780918785,15.18559190679722,18.34241045496916,73.60929298202872,Red,Stalled and Overdue,-3.0929058383916157
618962,4L of Budhni to Shahganj Bypass End Package-III of NH-146B from Km. 73.750 to Km. 102.000,NHAI,Ministry of Road Transport & Highways,Roads & Highways,Madhya Pradesh,1102.97,770.21,28.28,2026-07,0.9074301983726176,6.82255684814413,0.5623464944339059,20.195724859849882,45.4199055068821,73.48883464032619,Red,,-6.519907572455651
619165,Thanamcherla-Jamandlapally 2LPS,NHAI,Ministry of Road Transport & Highways,Roads & Highways,Telangana,177.18,18.65,100.0,2026-07,0.5058406345981766,5.967874541916578,0.9634268105239869,22.927233136933914,160.47888802594164,73.46337225610817,Red,,0.6506655677898152
400121,"Construction of Screening Plant-II for Donimalai and Kumaraswamy Iron Ore Mining Complex of NMDC Limited at Ballari Dt, Karnataka.",National Mineral Development Corporation Limited [NMDC],Ministry of Steel,Steel,Karnataka,1043.63,1043.63,70.33,2026-07,0.9419368897485606,12.695898479806951,0.523712051435435,8.088123230921557,19.64192949249678,73.28244705919977,Red,,1.6949252754526754
618533,Barwa Adda Km. 398.240 to Panagarh Km. 521.120,NHAI,Ministry of Road Transport & Highways,Roads & Highways,"Multi-States (Jharkhand, West Bengal)",1560.39,1568.22,100.0,2026-07,0.9789864290256511,-7.566898602264944,0.4855783276343827,20.930975332151725,51.01810416418314,73.2282378330017,Red,,-0.008522191184596295
618469,Vadodara Mumbai Expressway Phase II - Pkg XIII [Km. 26.582 to Km. 50.700] Shirsad - Masvan,NHAI,Ministry of Road Transport & Highways,Roads & Highways,Maharashtra,3536.9,4679.54,98.2,2026-07,0.8601489023991206,7.570499226693847,0.6039272442496754,21.682163964685742,66.42199695636609,73.2038073324398,Red,,-6.958998061993654
612138,"Transmission Scheme for Solar Energy Zone in Bidar [2500 MW], Karnataka [Bidar Transmission Ltd]",Power Grid Corporation of India Limited [POWERGRID],Ministry of Power,Transmission & Distribution,"Multi-States (Karnataka, Telangana)",1368.0,1368.0,96.84,2026-07,0.9767861006107227,10.15090980939638,0.4872847544351678,0.0,21.27514632603714,73.20354275229452,Red,,-1.182337870428782
618454,"Earthwork in Formation, Road Work, Construction of Bridges, Blanketing, P. Way Linking works including Supply of P. Way Fittings and Track Ballast in connection with Construction of Railway Siding from Jogighopa Railway Station to MMLP at Jogighopa from Ch. 00 to 3760 on Item Rate basis Package -3, Railway Siding from Jogighopa Railway Station to MMLP",NHIDCL,Ministry of Road Transport & Highways,Roads & Highways,Assam,693.97,693.97,93.23,2026-07,0.7874663639600522,9.723824940048878,0.6756311139235346,0.0,6.56186841563987,73.15487389417935,Red,,-0.1881369369826018
618298,Widening/Improvement of existing 2-Lane road to 4-Lane Divided Highway from Sekmai to Nilakuthi section of Imphal-Kohima Road Design Chainage from Km 297700 to Km 308729 of NH-39 New NH-02 in state of Manipur on EPC mode Pkg-5B,NHIDCL,Ministry of Road Transport & Highways,Roads & Highways,Manipur,211.7,211.7,94.71,2026-07,0.960714769709735,6.332852349324954,0.5001596130862436,0.0,79.52426120842163,73.04371913979892,Red,,4.81305748480429
618084,Widening to 2-lane with paved shoulder from km 0.00 to 44.00 Kuru-Ghaghra section of NH-143A including re-construction of culverts and bridges.,MoRTH,Ministry of Road Transport & Highways,Roads & Highways,Jharkhand,153.01,133.67,95.0,2026-07,0.8095888528867761,7.226452710021651,0.6500217286019705,0.0,19.81999580747261,72.98052907443733,Red,,-0.10311882534330152
619205,Six Laning of KT/KL Border Thalapaddy -Chengala from Km. 17.200 to Km. 57.20,NHAI,Ministry of Road Transport & Highways,Roads & Highways,"Multi-States (Karnataka, Kerala)",1981.07,2681.48,100.0,2026-07,0.7890870514405026,-0.21016534952198848,0.670293228878744,8.891302310947951,26.742712488786005,72.96901401596233,Red,,-0.7807781496531447
618725,6L Greenfield Varanasi-Ranchi-Kolkata Highway from Pachmon village to Anarbansalea village From KM. 116000 to KM. 151200 Package-6,NHAI,Ministry of Road Transport & Highways,Roads & Highways,Bihar,1915.99,1920.21,24.8,2026-07,0.7301613374263269,5.613611273506323,0.7281428448203664,10.808652841574862,18.865824315634754,72.91520911233467,Red,,11.877217703664684
618352,Widening & Upgradation to 2 lanes with paved shoulders road from Tamenglong to Mahur NH-137 in the State of Assam starting from km 136.500 near Hejaichak to km 156.489 near P. Leikul Package-9 on EPC mode under NHO-NE Package-9,NHIDCL,Ministry of Road Transport & Highways,Roads & Highways,Assam,860.37,614.43,87.5,2026-07,0.704239906969523,8.79447368210849,0.7534848416608371,0.0,9.475076621871546,72.88623743151801,Red,,-3.4264780944148754
619162,4L of Najibabad Bypass from Km. 105.423 to Km. 118.373 excluding 2.45 Km. of NH- 74 Bypass of NH-119,NHAI,Ministry of Road Transport & Highways,Roads & Highways,Uttar Pradesh,578.02,566.9,100.0,2026-07,0.8950230508066008,7.70902971073339,0.5591917908804095,0.6034981737697586,21.199561220702247,72.71074208435051,Red,,0.04686582460382738
618800,Construction of New Double Tier 4L Elevated Corridor from Chennai Port to Maduravoyal in Chennai District from km -0.342 to Km 20.593 and Package II from Km 4.604 to Km 9.700,NHAI,Ministry of Road Transport & Highways,Roads & Highways,Tamil Nadu,1616.97,1616.97,18.13,2026-07,0.830543898114768,4.654899769246426,0.6218966636295594,7.399667017561045,15.699506587934582,72.62202808721638,Red,Stalled and Overdue,0.0925147549447729
618637,Bal. Works of Fagne Km. 510.000 to Maharashtra/Gujarat Border Km. 650.794,NHAI,Ministry of Road Transport & Highways,Roads & Highways,"Multi-States (Gujarat, Maharashtra)",1654.07,1672.89,99.7,2026-07,0.9027168757087456,10.125151548973387,0.5485629489678178,5.348640414945824,35.05546750038313,72.56399123382818,Red,,-5.996887101456693
618593,Balance work of Rehabilitation and Upgradation to four laning of Baharagora Singhara section of NH-49 from Km.229.727 to Km.238.990 Length 9.263 Km. including construction of five nos. of Elephant Underpasses EUP and fourteen nos. of Animal Underpasses AUP inside the buffer zone of Similipal Tiger Reserve Area in Bangriposi Ghat section in the State of Odisha on EPC Mode,NHAI,Ministry of Road Transport & Highways,Roads & Highways,Odisha,263.32,163.07,9.95,2026-07,0.46330969166098607,2.023697820886535,0.9876854579685125,24.659644709601654,65.71295182176621,72.54975748147493,Red,,-3.93145485241223
619207,Start of Kollam Bypass - Kadambattukonam,NHAI,Ministry of Road Transport & Highways,Roads & Highways,Kerala,2641.37,3309.06,81.8,2026-07,0.6593771994747132,5.3131141613209945,0.7878347459012615,6.115846024165869,15.453383496209275,72.36059726879873,Red,,6.7254514809176555
618737,Grade separated Interchanges at Km. 113.730 junction with Ranchi Hazaribagh Road & Km. 139.225 junction with Ranchi Jamshedpur road on 4L Ranchi Bypass of NH-33,NHAI,Ministry of Road Transport & Highways,Roads & Highways,Jharkhand,303.53,5.58,0.0,2026-07,0.4784531592374467,18.18775088879745,0.968727864932597,20.424620295808314,73.68490747160409,72.3590512085022,Red,,4.256765389039174
616612,Sewage Treatment Plant 50MLD and Sewerage Network 150 km in Kankarbagh Patna under Hybrid annuity based PPP mode Namami Gange Programme,NMCG1,"Department of Water Resources, River Development & GR",Waste & Water,Bihar,578.89,578.89,55.0,2026-07,0.8578852328569482,16.281406998701872,0.5871312770654519,7.802950773237181,76.79340335419224,72.25082549612,Red,,-1.7052583047753558
619066,Delhi-Amritsar-Katra Expressway Phase-II Pkg-XIV from Junction with Pathankot- Gurdaspur road NH-54 near Balsua to Junction with Hiranagar Road near village Gurha Baildaran km 423500 to km 468100,NHAI,Ministry of Road Transport & Highways,Roads & Highways,"Multi-States (Jammu and Kashmir, Punjab)",3044.02,3707.91,87.3,2026-07,0.9128795713795075,10.86227381418497,0.5286959923231607,5.130622520242768,22.08554118585768,72.0787781851334,Red,,-7.158629263838407
705583,Anand Vihar-Tilak Bridge - 3rd & 4th line 9.77 km,CAOC/NR NR mor,Ministry of Railways,Railways,Delhi,667.0,701.88,23.0,2026-07,0.7916913355712225,8.258406410741749,0.6460226241545624,14.396720916974356,101.35027805963787,71.88569798628924,Red,Rapidly Deteriorating,31.993856333762785
618607,Kottankulangara- Start of Kollam Bypass,NHAI,Ministry of Road Transport & Highways,Roads & Highways,Kerala,2842.14,3680.49,73.89,2026-07,0.8982014787109924,8.723654641804771,0.5378854981563481,3.2214229409599215,16.568126450616173,71.80434884336702,Red,,6.018941199652318
618674,Development of 6L Sargi Basanwahi Section from km 42.800 to km 99.500 of NH- 130CD Pkg-CG-2,NHAI,Ministry of Road Transport & Highways,Roads & Highways,Chhattisgarh,1470.73,1461.81,100.0,2026-07,0.9396131798899605,5.218999936095788,0.49440220767716664,0.33721636436444175,13.829405838629336,71.70076937835636,Red,,2.052405842893336
619215,Cuttack-Angul Section of NH-42 New NH-55 from Km.60.200 to Km. 112.000 Pkg-II in the State of Odisha,NHAI,Ministry of Road Transport & Highways,Roads & Highways,Odisha,991.41,1168.82,99.66,2026-07,0.5135920637417121,-1.4710315536138638,0.9196085666981072,13.96492830352021,32.91599055204834,71.66003152199096,Red,,-6.288949146396305
618574,Balance Works of 4L of NH-31D from Km. 113.200 to Km. 154.854 Package-II A Ghoshpukur-Salsalabari Section,NHAI,Ministry of Road Transport & Highways,Roads & Highways,West Bengal,1818.46,962.31,61.1,2026-07,0.46665751955750295,1.6297233922409429,0.9660826400323587,24.026282412259693,27.188464574285987,71.63700797949308,Red,,-0.3971092295343084
619295,Four/Six laning of Bhaniyawala-Jollygrant-Rishikesh spur section of NH-07 from Km. 0.000 to Km 19.780,NHAI,Ministry of Road Transport & Highways,Roads & Highways,Uttarakhand,742.43,664.92,0.0,2026-07,0.6406796020908855,5.537744935446098,0.789795491289888,14.242087826415172,14.455687740147559,71.52375466903868,Red,,7.198505680071278
618697,4LPS Access Controlled Highway of Bellary Bypass Balance work from Ch. 254750 to Ch. 266837 and construction of 4LPS from Ch. 277.690 to Ch. 278.690 at D. Hirehal Village Balance work of NH 150A of Bellary Byrapura Section,NHAI,Ministry of Road Transport & Highways,Roads & Highways,Karnataka,626.01,284.05,38.97,2026-07,0.46243303074617365,-1.261413935698028,0.9668410424678393,25.795112630673053,60.5146258184428,71.46370366070065,Red,,-0.6873025579954657
702734,Sewerage Management Scheme Part-3 Implementation,Ministry of Housing & Urban Affairs,Ministry of Housing & Urban Affairs,Waste & Water,Haryana,278.01,278.01,88.0,2026-07,0.7423850180365495,4.725823079319379,0.6862236438182512,1.3899074982155624,20.50601879003786,71.43043309274005,Red,,0.0
618730,6 Lane Greenfield Varanasi- Ranchi- Kolkata Highway from Deoria village to Donoreshan village from km 253.000 to km 288.600 Pkg -10,NHAI,Ministry of Road Transport & Highways,Roads & Highways,Jharkhand,1546.27,1546.27,5.65,2026-07,0.5179831023375054,4.049740306176411,0.9105751526269359,3.9000934768795155,39.311596003351546,71.42791274822207,Red,,7.86967642903339
618436,4-Laning of Jamugurihat to end of Biswanath Chariali By-Pass from Km 182.000 to Km 208.000 of NH-52 on EPC mode in state of Assam under SARDP-NE,NHIDCL,Ministry of Road Transport & Highways,Roads & Highways,Assam,599.0,599.0,100.0,2026-07,0.6769725378073768,18.638309343083456,0.7498256516216711,0.019453194008804544,36.5493330606062,71.33990947145239,Red,,-4.186987327868238
618494,Delhi-Amritsar-Katra Expressway Phase-II Pkg-XV [Junction with Hiranagar Road near village Gurha Baildaran to Junction with Jammu Ring Road NH-244A near Jakh village from Km 468100 to Km 503250],NHAI,Ministry of Road Transport & Highways,Roads & Highways,Jammu and Kashmir,2714.95,3716.56,90.01,2026-07,0.9193050562564766,8.739003299237277,0.5069514927467849,9.48679087911108,20.03623017731163,71.31282745016307,Red,,-3.2697485746288635
618808,6L Elevated Kona Expressway from Km. 0.145 to Km. 7.337 of NH-117,NHAI,Ministry of Road Transport & Highways,Roads & Highways,West Bengal,1212.56,1203.11,39.99,2026-07,0.606506924708736,5.414151380439211,0.8186659120516914,2.0582641276722695,37.774589806184956,71.25864183802138,Red,,-4.7912753825092835
618671,4-lanning of Rahatgarh to Berkhedi section of NH-146 from Design Ch 124470 to Ch. 134.549,NHAI,Ministry of Road Transport & Highways,Roads & Highways,Madhya Pradesh,618.33,342.69,14.6,2026-07,0.5505762572754069,5.93574028830548,0.874478142245177,19.957021221179623,64.02939298557177,71.2527199760292,Red,,1.3443728359669365
618592,"Balance work of 8 nos. of Elephant Underpasses EUPs, 1 no. of Vehicular Underpass VUP, 1 nos. of Light Vehicular Underpass LVUP, 1 nos. of Pedestrian Underpass PUP, 1 nos. of Foot Over Bridge FOB and A2 side approach of Jharpokharia Flyover at Km.215.270 in Baharagora-Singhara section of NH-49",NHAI,Ministry of Road Transport & Highways,Roads & Highways,Odisha,320.64,244.85,25.04,2026-07,0.5134423168006729,0.4157854515065421,0.9083097786702399,26.057762099895832,71.43703893249464,71.08760477354564,Red,,-1.3760829786760667
618791,4L PS under NH configuration of Manikpur-Sahebganj of NH-139W,NHAI,Ministry of Road Transport & Highways,Roads & Highways,Bihar,1538.76,1538.76,27.5,2026-07,0.5150414234257464,4.5745040623831015,0.9047212941955163,16.77256415348942,33.30735647552855,70.98813588106314,Red,,6.268246171444744
619076,Six Laning of Vijayawada Bypass from Chinna Avutapalli to Gollapudi in Vijayawada - Gundugolanu Section from km. 0.00 to km. 30.00 Pkg-III,NHAI,Ministry of Road Transport & Highways,Roads & Highways,Andhra Pradesh,1581.24,1883.71,98.2,2026-07,0.4747230182272564,3.8139966248710655,0.9437902698737781,14.643001186272462,19.383776890971095,70.92566440505172,Red,,-7.395291430987072
705507,Itarsi-Nagpur bal. 280 km,CAOC/CR CR mor,Ministry of Railways,Railways,"Multi-States (Madhya Pradesh, Maharashtra)",2449.91,2509.24,55.0,2026-07,0.6003525243836846,8.903599990943327,0.8176247883820351,11.01672487005187,44.262011030905676,70.89886563828598,Red,,-19.85356809950369
618481,4L Bangalore-Chennai Expressway from Km. 230.000 to Km. 261.705 of Kanchepuram to Sriperumbudur Section Phase-III/Package-IV,NHAI,Ministry of Road Transport & Highways,Roads & Highways,Tamil Nadu,3605.73,3605.73,89.97,2026-07,0.9732013006967584,7.599320270746991,0.4438768570708104,3.0456899831297,15.633076173198152,70.85390788837844,Red,,-2.158653449735681
616671,Transmission System under ISTS for evacuation of Power from Kudankulam Unit-3&4 [2x1000 MW] [SPV Name POWERGRID Kudankulam Tarnsmission Limited],Power Grid Corporation of India Limited [POWERGRID],Ministry of Power,Transmission & Distribution,Tamil Nadu,548.0,548.0,23.78,2026-07,0.9723804738602513,10.870630203323415,0.44224275203228997,-0.18851327224659842,18.99051637464489,70.73116129462707,Red,,3.1561678058977236
618929,4L of Moradabad western side spur connecting NH-734 & NH-24 from Km. 0.000 to Km. 33.200 Pkg-I,NHAI,Ministry of Road Transport & Highways,Roads & Highways,Uttar Pradesh,1841.92,1843.54,83.06,2026-07,0.7812346615883056,5.45635015036474,0.6329973461447653,3.042605362077208,11.05363324673191,70.71160038665354,Red,,-1.2097642350000228
618801,Construction of New Double Tier 4-lane Elevated Corridor from Chennai Port to Maduravoyal in Chennai District from Km -0342 to Km 20223 Package 1 from Km - 0342 to Km 4604,NHAI,Ministry of Road Transport & Highways,Roads & Highways,Tamil Nadu,1388.59,1388.59,22.8,2026-07,0.830543898114768,4.8499201948516335,0.5831528501361676,12.269608486687767,16.32951874964802,70.68483741254678,Red,Stalled and Overdue,0.14464431907651942
617069,Augmentation of Transformation Capacity at KPS1 [GIS] and KPS2 [GIS] [Phase-V Part B1 and Part B2 Scheme] [SPV Name- POWERGRID KPS1 and 2 Augmentation Transmission Limited],Power Grid Corporation of India Limited [POWERGRID],Ministry of Power,Transmission & Distribution,Gujarat,466.0,466.0,37.0,2026-07,0.9336773552749091,8.06979724862258,0.47573512391356076,0.0,16.653866655008116,70.47062395942349,Red,,0.901429164247773
618927,4L of Moradabad-Thakurdwara-Kashipur Section from Km. 0.000 to Km. 38.77 of NH- 734 Pkg-II,NHAI,Ministry of Road Transport & Highways,Roads & Highways,Uttar Pradesh,2006.82,1890.05,54.55,2026-07,0.8682680736074048,6.235093813168879,0.5406266581312001,5.343671784252448,22.13048765388584,70.44473658693025,Red,,-0.19759552109454148
618335,Widening to 2 Lane with Paved shoulder of lmphal to Jiribam section of NH-37 from Design Ch. from Km 101280 Near Khongsang Village to Km 131280 near Puilon Kambiron Village on EPC Mode in Manipur PKG-5,NHIDCL,Ministry of Road Transport & Highways,Roads & Highways,Manipur,410.68,410.68,91.02,2026-07,0.9884303876026711,7.015360382711646,0.4189891949711802,0.0,16.87930588183971,70.37097912869257,Red,,9.384645295691485
618641,4 Lane of CG/JH Border-Gumla from km 0.000 to km 32.370 of NH-43 in the State of Jhrkhand,NHAI,Ministry of Road Transport & Highways,Roads & Highways,Jharkhand,1325.8,1325.8,9.76,2026-07,0.46754133182569463,5.214532426813042,0.9382655379748296,6.497837386070369,20.208577070318352,70.2903434900262,Red,,1.788260579499294
618585,6L of Gonde Km. 439.038 to Pimpri Sado Km. 459.905 section of NH-848 Old NH-3,NHAI,Ministry of Road Transport & Highways,Roads & Highways,Maharashtra,856.93,718.84,40.5,2026-07,0.4463133407925533,3.2064037175276066,0.9557483575471589,27.10250593498354,28.28531347854665,70.10308491698561,Red,,6.496336423187579
618407,Jammu-Akhnoor Road Pkg-I,NHIDCL,Ministry of Road Transport & Highways,Roads & Highways,Jammu and Kashmir,245.3,245.3,75.29,2026-07,0.9085959806042799,4.315657303182493,0.4910343473557868,0.0,31.619765044421964,69.98151639800334,Amber,,9.632976647287592
602579,Buxar Thermal Power Project [1320 MW],Satluj Jal Vidyut Nigam [SJVN] Thermal Limited,Ministry of Power,Electricity Generation,Bihar,10439.09,13756.56,95.01,2026-07,0.9838141859888367,9.14961006376485,0.41353505126487666,18.369259897092867,20.493880609816436,69.86746186268566,Amber,,0.0
616697,3rd & 4 th line Vadlapudi-Gate Jn. incl. tie line between Gangavaram Port- Visakhapatnam Steel Plant12.04 km PB73/2023-24/NR,CAO/C/SCoR SCoR mor,Ministry of Railways,Railways,Andhra Pradesh,154.28,154.28,87.0,2026-07,0.9030953373669913,13.590812680454555,0.49421607668145545,7.1490750955071505,72.12522370940825,69.86557070242235,Amber,Rapidly Deteriorating,17.26644552383248
618336,Widening to 2 -Lane with Paved shoulder of Imphal to Jiribam section of NH-37 from Design Chainage 66.110 km to 101.280 Km Existing Chainage km 67.496 to km 103.557 on EPC Mode in Manipur PKG-4,NHIDCL,Ministry of Road Transport & Highways,Roads & Highways,Manipur,579.63,579.63,86.05,2026-07,0.9748580812804246,7.499488333696209,0.4198113469888746,0.0,7.323006974162762,69.73347141346497,Amber,,2.3503040891169036
619314,Pipeline Replacement Project- PRP-IX,Oil and Natural Gas Corporation Limited [ONGC],Ministry of Petroleum & Natural Gas,Oil & Gas,Offshore,6684.0,6175.0,23.5,2026-07,0.7888300220700755,4.0201047045428915,0.6044143950194382,3.2942616179227375,37.21956753247815,69.66222085447569,Amber,,4.586855192911841
611735,Transmission system for evacuation of power from REZ in Rajasthan 20GW under Phase-III Part J,Power Grid Corporation of India Limited [POWERGRID],Ministry of Power,Transmission & Distribution,"Multi-States (Delhi, Rajasthan)",331.0,331.0,68.9,2026-07,0.945536446562595,10.138594445256818,0.4432209106236361,0.0,18.45203478037015,69.43786785931155,Amber,,0.4896380575300441
606112,Tezpur University Projects,Tezpur University,Department of Higher Education,Education,Assam,153.71,153.71,97.98,2026-07,0.9106839739592958,9.702509555433872,0.47728196800890776,6.8388666903337025,109.7932668316384,69.39829709841018,Amber,Rapidly Deteriorating,16.85988588851172
618483,Delhi-Amritsar-Katra Expressway Phase-I Pkg-II from Junction with Rohtak-Panipat road NH-709 near Rukhi Paani village to Junction with Jind-Panipat road NH-352A near Gangana village Km 34000 to Km 60800,NHAI,Ministry of Road Transport & Highways,Roads & Highways,Haryana,1533.87,1792.53,99.89,2026-07,0.5765086878484483,-4.320819884396195,0.8093361468985717,14.947824575147001,26.716696822691773,69.292241737351,Amber,,-4.795349120549304
701658,Krishnapatnam Node - Phase 1 - Roads and Services Development,National Industrial Corridor Development Corporation,"Ministry of Ports, Shipping and Waterways",Real Estate,Andhra Pradesh,2139.44,2139.44,47.77,2026-07,0.8844507653170561,7.405749527983204,0.5001446225841353,8.039939829305334,12.184671020966846,69.22976939505958,Amber,,-6.949801019046475
705424,Chandigarh-Baddi 33.23 km,CAOC/NR NR mor,Ministry of Railways,Railways,"Multi-States (Haryana, Himachal Pradesh)",1540.0,1942.17,47.0,2026-07,0.8501530695542989,11.672102128366776,0.5340098511292181,22.465957077598585,27.884437633125373,69.20814603417584,Amber,Rapidly Deteriorating,29.374397376894557
619218,4L Tumkur-Shimoga Pkg-I from Mallasandra to Karadi village of NH-206 from Km. 12.300 to Km. 65.195,NHAI,Ministry of Road Transport & Highways,Roads & Highways,Karnataka,1364.14,1692.12,100.0,2026-07,0.8047810931743387,4.935090704925505,0.5782449141995065,16.138403177762065,44.71337759167623,69.15130036869226,Amber,,-5.633126824682506
709849,PRP-VIII Group B [NH & BS Asset],Oil and Natural Gas Corporation Limited [ONGC],Ministry of Petroleum & Natural Gas,Oil & Gas,Offshore,2546.9,3348.6,98.7,2026-07,0.7811911620919408,6.938189361849746,0.598481501824143,4.782206822749202,55.404552121663414,68.98363319580419,Amber,,-11.659262091073217
400254,Sakri-Hasanpur 79 km,CAO/Con/North/MHX ECR mor,Ministry of Railways,Railways,Bihar,735.2,802.45,80.0,2026-07,0.7782874577387071,3.9974456506951226,0.5983016090145402,21.24054529892995,54.80786371084929,68.82945333766237,Amber,,-6.107096189229509
618650,4 Lane with PS from Des. Ch 89.900 to Des. Ch. 136.100 of Belgaum-Hungund- Raichur Section of NH-748A Package-3,NHAI,Ministry of Road Transport & Highways,Roads & Highways,Karnataka,1363.9,1219.62,24.5,2026-07,0.7691815847575758,6.840261467969384,0.6061653830654029,8.118123975943774,21.57146520970664,68.76734839114893,Amber,,0.5662231291987183
619073,4L of 42.000 to km 80.00 of Dodaballapur Bypass to Hoskote section of NH-648 Old NH-207 [Bangalore Ring Road Pkg 2],NHAI,Ministry of Road Transport & Highways,Roads & Highways,Karnataka,1317.74,1846.52,99.2,2026-07,0.5505084683817699,6.804267170902198,0.8246726725994861,14.039370544777329,44.60799303871096,68.7590570490628,Amber,,-2.320105150779085
618631,6L of MH/KN Border Nimbal Village to KN/TS Border Singnodi Village from Km. 162.5 to Km. 203.100 in Raichur of NH-150C Pkg-IV,NHAI,Ministry of Road Transport & Highways,Roads & Highways,"Multi-States (Karnataka, Telangana)",1499.73,1457.48,99.51,2026-07,0.6818552314288503,6.845608239234494,0.6915038057777196,0.8407378491356772,19.913582679158147,68.6679518603285,Amber,,-1.9840904569647222
618389,Construction of 2-laning with Hard shoulder road of Ukhrul - Tolloi - Tadubi section of NH-102A from Design Chainage 81.870 km to 105.825 km in the State of Manipur on EPC mode under NHO-TSP Package -4,NHIDCL,Ministry of Road Transport & Highways,Roads & Highways,Manipur,310.76,310.76,97.0,2026-07,0.9880286896614517,6.790674737253446,0.3844665889051774,0.0,48.99310771749587,68.62476392833146,Amber,,9.399231137248833
618437,"Construction of Balance Work of 4-Laning of NH-37 Section between End of Moran Bypass to Bogibeel junction near Lapetketa Km. 561.700-Km. 580.875 under SARDP- NE, Phase 'A' in the State of Assam on EPC mode Pkg-I Road works & Toll Plaza",NHIDCL,Ministry of Road Transport & Highways,Roads & Highways,Assam,274.34,274.34,100.0,2026-07,0.6699550554329328,14.668777142475708,0.702385808598341,1.5066560900513946,39.04391149245995,68.61704320156369,Amber,,2.747679553848698
615335,Transmission System Strengthening for Interconnections of Bhadla-III & Bikaner III Complex [SPV Name POWERGRID BHADLA BIKANER TRANSMISSION LIMITED],Power Grid Corporation of India Limited [POWERGRID],Ministry of Power,Transmission & Distribution,Rajasthan,1382.0,1382.0,57.31,2026-07,0.9871902503408557,9.56962457225361,0.3844601555327965,0.0,19.403157809902947,68.58252029368262,Amber,,0.6018140640015162
618440,"Construction of Balance Work of 4-Laning of the Section from Jhanji to Demow of NH- 37 Old from Km 490.800 to Km 534.800, under SARDP- NE on EPC Mode in the state of Assam Pkg- IV Structures & Toll Plaza",NHIDCL,Ministry of Road Transport & Highways,Roads & Highways,Assam,187.09,100.22,58.19,2026-07,0.5019629896645073,1.9063965162486765,0.8657917378466793,1.5066560900513946,27.836818526284965,68.38773637555933,Amber,,-6.068190819444055
619096,Goa / Karnataka Km.93.700 to Kundapur Km.283.30,NHAI,Ministry of Road Transport & Highways,Roads & Highways,Karnataka,1644.92,1990.99,97.94,2026-07,0.941121377564884,1.5710116328219907,0.4255931895256775,14.706053862289759,32.6683736648182,68.33572835452809,Amber,,3.978101082531012
618289,Construction and up gradation to 4-Lane of existing two lane with paved shoulder from Hapachara to Tulungia road of NH-117 of existing Km 0.00 to km 14.050 and Design Km 0.000 to km 14.660 under BMP on EPC mode,NHIDCL,Ministry of Road Transport & Highways,Roads & Highways,Assam,224.85,224.85,97.76,2026-07,0.4247125824892068,7.022255456605454,0.9390575233198489,0.0,41.83369026183186,68.18850529045278,Amber,,1.316099602405444
617188,"Sipat Super Thermal Power Project, Stage-III [1x800 MW]",National Thermal Power Corporation [NTPC],Ministry of Power,Electricity Generation,Chhattisgarh,9791.0,9791.0,22.31,2026-07,0.9243404596605607,1.9123740097488378,0.43930646425042313,0.1538407087736543,9.39461152913487,68.18234619554919,Amber,,0.0
618925,Bijnor-Kotawali,NHAI,Ministry of Road Transport & Highways,Roads & Highways,Uttar Pradesh,300.58,334.48,99.02,2026-07,0.801155804967456,5.986287324193203,0.561379184227765,5.7234852173793636,25.434820062069246,68.12674945976104,Amber,,-0.40697156317141037
701324,Barauni Refinery Capacity Expansion from 6.0 to 9.0 MMTPA,Indian Oil Corporation Limited [IOCL],Ministry of Petroleum & Natural Gas,Oil & Gas,Bihar,14810.0,16724.0,91.8,2026-07,0.6038574651519237,3.458753972583638,0.7583313332137124,20.307067148609843,35.079468187591175,68.1094399182818,Amber,,-23.909329628235227
705504,Daund - Manmad 247.50 km,CAOC/CR CR mor,Ministry of Railways,Railways,Maharashtra,2081.27,3554.74,95.0,2026-07,0.6274534934562538,9.492647710169981,0.7347328642053829,13.852935202205497,21.201347297851598,68.10931788308183,Amber,Rapidly Deteriorating,22.84638277294316
619222,"Balance works of four lane from km 43.950 Thiruvallur Bypass to km 61.470 Veppampattu Bypass passing through Thannerkulam, Thozur and Sevapet Bypass 17.520 kms of Tirupathi- Tiruttani- Chennai section of NH 205",NHAI,Ministry of Road Transport & Highways,Roads & Highways,Tamil Nadu,467.99,699.68,97.92,2026-07,0.8655093696186743,4.547469555667092,0.4952415469962447,14.825444464117355,31.727290807649272,68.03754583074596,Amber,,-4.0285709985287355
618672,4-lanning of Gyaraspur to Rahatgarh section of NH-146 from Design Ch. 88361 to Ch 124470 in the state of MP on HAM mode,NHAI,Ministry of Road Transport & Highways,Roads & Highways,Madhya Pradesh,903.44,592.44,35.25,2026-07,0.5336049265657571,5.512517167522876,0.8267518900660822,18.79029557419048,45.649019552679846,68.01784083159197,Amber,,-3.085362100895921
619077,6 laning of Balance Work of Chennai - Tada from km. 21.40 to km. 54.40,NHAI,Ministry of Road Transport & Highways,Roads & Highways,"Multi-States (Andhra Pradesh, Tamil Nadu)",464.62,472.37,100.0,2026-07,0.6332044946583802,-4.933396917850687,0.7262843760519643,6.513828095769557,36.19541690711108,67.97444353551722,Amber,,-2.152701251540975
701410,Relining of Rajasthan feeder and Sirhind Feeder canal,Department of Water Resources-PB,"Department of Water Resources, River Development & GR",Water Resources,Punjab,1441.26,2462.16,95.0,2026-07,0.9541641007103293,7.350334138602027,0.4047822349500552,16.473254834921548,55.390733078689166,67.94731678301923,Amber,,0.5320717899093381
612132,Transmission Scheme for Evacuation of power from REZ in Rajasthan [20 GW] under Phase-III Part D Phase I [Sikar Khetri Transmission Ltd],Power Grid Corporation of India Limited [POWERGRID],Ministry of Power,Transmission & Distribution,"Multi-States (Delhi, Haryana, Rajasthan)",2423.0,2423.0,92.47,2026-07,0.9581456193282176,7.909642489535694,0.3985698994330586,0.0,36.055054531601854,67.83577593806382,Amber,,-12.572710260094993
618668,4L of Chowka to Kaimaha near MP/UP Border section NH-34 from D. Ch. 145.000 to D. Ch. 197.266 excluding existing Chhatarpur bypass from D. Ch. 160.307 to D. Ch. 168.630 Package-4,NHAI,Ministry of Road Transport & Highways,Roads & Highways,"Multi-States (Madhya Pradesh, Uttar Pradesh)",996.5,846.68,49.18,2026-07,0.8789918703211469,12.435180528761466,0.47666562671254026,14.115531320747428,30.159123500870614,67.78287485168435,Amber,Rapidly Deteriorating,33.05119023502116
602538,Installation of FGD for 4x210 & 2x250 MW MTPS U 1-6,Damodar Valley Corporation,Ministry of Power,Electricity Generation,West Bengal,1037.0,1106.0,97.0,2026-07,0.9824538828336881,12.39840502489292,0.3716589699096881,20.13168904608553,21.750401846586936,67.70564263716881,Amber,,0.07109178178345132
702760,Belgavi Improvement in Sewerage System Project,Ministry of Housing & Urban Affairs,Ministry of Housing & Urban Affairs,Waste & Water,Karnataka,162.73,162.73,80.0,2026-07,0.636224354542301,9.48648557225942,0.7174187413998023,2.9575703734029903,91.99240061416724,67.68215479710517,Amber,,-1.7023968637677314
619080,4L PS of Ambala Ring Road of New NH-44,NHAI,Ministry of Road Transport & Highways,Roads & Highways,Haryana,1093.35,1225.41,92.97,2026-07,0.7930907970046069,8.38850457887492,0.5592647872294457,5.040114590080085,33.26881149073479,67.61777921170264,Amber,,3.336861743509772
619206,6L of Perole Nileshwar town to Taliparamba from Km 94.248 to Km 134.650 of NH-66,NHAI,Ministry of Road Transport & Highways,Roads & Highways,Kerala,3041.65,3867.66,86.65,2026-07,0.6451302283977021,-0.7163118909183798,0.7058430033994607,9.440798362902314,16.006968221630743,67.54866158985814,Amber,,3.9231956207734697
619198,Vadodara Mumbai Expressway Phase II - Pkg XII [Km. 50.700 to Km. 77.000] Masvan - Ganjad,NHAI,Ministry of Road Transport & Highways,Roads & Highways,Maharashtra,1711.38,2388.52,99.87,2026-07,0.47492693445626494,1.6483923388801696,0.8733928685164143,22.565742645139828,58.718207769490675,67.41599014863397,Amber,,-3.1228869698305317
618111,Improvement and upgradation to two lane with paved shoulder configuration from existing km 90.00 to 130.00 Design length 39.15 of NH-227A near Sikriganj to Barhalganj in the State of UP on EPC Mode.,MoRTH,Ministry of Road Transport & Highways,Roads & Highways,Uttar Pradesh,403.36,345.34,96.0,2026-07,0.5227138299835062,5.983083806644173,0.8251674574147938,-0.0022262249296718,9.300575350325259,67.394064369915,Amber,,-0.5104908518958524
604863,Development of Surface Facilities for production and evacuation of Crude Oil and Natural Gas from Nadua and East Khagorija,Oil India Limited,Ministry of Petroleum & Natural Gas,Oil & Gas,Assam,682.9,726.93,94.4,2026-07,0.7534764494052143,1.2194628224205537,0.5908860646599299,10.59846537041961,55.983290942626034,67.2181257032572,Amber,,-3.9008114461409207
709847,Pipeline Network Project Rudrasagar,Oil and Natural Gas Corporation Limited [ONGC],Ministry of Petroleum & Natural Gas,Oil & Gas,Assam,481.03,481.03,55.4,2026-07,0.8063380155336874,8.056746004069728,0.5357689837357487,4.502168270112544,33.65568450790716,67.10534996347181,Amber,,-2.403194481330516
617994,Rehabilitation and upgradation of NH-167 from design km 113.900 to 154.479 Mallepally Haliya section to two lane with paved shoulders on EPC mode in the stte of Telangana,MoRTH,Ministry of Road Transport & Highways,Roads & Highways,Telangana,294.13,257.61,88.22,2026-07,0.806397660483228,10.592963125447321,0.5349673075375659,0.016279386604117495,15.357558714027125,67.0682484010397,Amber,,-6.1437613920618475
706836,Dedicatedtest track for RDSO Phase-2 34 km Umbrella work PB22/2019-20/NR,CAOC/NWR NWR mor,Ministry of Railways,Railways,Rajasthan,466.42,619.19,98.0,2026-07,0.7540049724301714,9.214618794347956,0.5861256462853419,10.124824972602367,33.81611686041931,67.00653093577567,Amber,,-7.164169022708634
615342,Augmentation of Transformation Capacity at jam Khambhaliya PS [GIS] [SPV Name POWERGRID Jam Khambhaliya Transmission Limited],Power Grid Corporation of India Limited [POWERGRID],Ministry of Power,Transmission & Distribution,Gujarat,329.0,329.0,33.0,2026-07,0.9784538915909039,10.907548340404674,0.3616258675922919,0.0,15.830229581746025,67.0039879591598,Amber,,3.0813988128637533
619097,Thalassery Mahe Bypass Km 170.600 to Km 189.200 of NH-17New NH-66 in Kerala,NHAI,Ministry of Road Transport & Highways,Roads & Highways,"Multi-States (Kerala, Puducherry)",1181.12,1573.18,100.0,2026-07,0.76086578666347,-3.8576535982343,0.5774674960146217,10.077775269466752,37.3752595955496,66.91666413390458,Amber,,3.738284377571553
701400,Thoubal Multipurpose Project,Water Resources Department-MN,"Department of Water Resources, River Development & GR",Water Resources,Manipur,1449.44,1822.24,99.0,2026-07,0.7841695454377904,6.244959389760232,0.5526827992533506,20.46399617556644,109.35100862786406,66.84261723455704,Amber,,0.0
619213,6L of Hatibena - Badakumari Section from Km 146.50 to km 179.00 of NH-130-CD Package OD-2,NHAI,Ministry of Road Transport & Highways,Roads & Highways,Odisha,791.17,1070.63,99.99,2026-07,0.4289223717636994,1.4176611372995063,0.9036973787051102,14.38707495981685,25.507843848669186,66.63098752344048,Amber,,-0.46828856682707
400012,Kandla Gorakhpur LPG Pipeline,Indian Oil Corporation Limited [IOCL],Ministry of Petroleum & Natural Gas,Energy Storage,Uttar Pradesh,10088.0,10088.0,96.0,2026-07,0.9531011646534492,13.334139864704351,0.37425679155676267,3.3354690349219265,14.685605292026333,66.36789781051058,Amber,,14.603603899355427
618499,6L Elevated Kanpur - Lucknow Exeressway Pkg-1 from Km. 10980 to Km. 28500,NHAI,Ministry of Road Transport & Highways,Roads & Highways,Uttar Pradesh,1972.94,1943.27,100.0,2026-07,0.9055281689219196,6.962389662442405,0.421432587958911,-4.627219299886508,21.512525632291585,66.34803784404153,Amber,,3.4635322534611106
618589,Durg-Raipur Bypass Section Package - 1 from km. 0.00 to km. 44.50 near Tendesara to near Khatti Village,NHAI,Ministry of Road Transport & Highways,Roads & Highways,Chhattisgarh,1828.0,1656.73,75.39,2026-07,0.9470110752530881,9.163135351093977,0.37974194015086965,8.865186638857825,13.9934185463525,66.33765077019788,Amber,,0.6319740568002032
400223,Tiruchchirappalli-Nagore-Karaikal with extension of Nagapattinam-Velankani- Tiruthiraipundi incl. new material modification of Karaikal - Peralam 23 km new line,CAOC/SR SR mor,Ministry of Railways,Railways,"Multi-States (Puducherry, Tamil Nadu)",713.0,1748.55,80.0,2026-07,0.8316519796108487,9.472609913668704,0.4947541227106739,16.799100765228406,104.50083448703896,66.32030511607613,Amber,,-11.032065106777893
618568,4/6L Southern Ayodhya Bypass from Km 5.000 to Km 37.172 starting near Km. 112.540 and ending at Km. 153.281 of NH-27,NHAI,Ministry of Road Transport & Highways,Roads & Highways,Uttar Pradesh,2541.13,1983.05,39.5,2026-07,0.45203697548271327,6.078745800405252,0.8718461796917842,15.595000256394362,19.98157851582655,66.19415775872488,Amber,,2.4523684652586866
705663,Bangalore-Whitefield-Bangalore City-Krishnarajapuram 23.08 km - Quadrupling,CPM/GS/SBC SWR mor,Ministry of Railways,Railways,Karnataka,493.0,717.54,70.0,2026-07,0.6987408298896369,14.447822998050679,0.6214536391699851,10.364176656665254,27.411551579184618,66.0097234529811,Amber,,2.3175815301750475
701411,Shahpur Kandi Dam Project,Department of Water Resources-PB,"Department of Water Resources, River Development & GR",Water Resources,Punjab,2285.81,2715.7,88.0,2026-07,0.9365560208397492,9.66247087741947,0.3791578262500581,21.73417554782243,77.45209830748193,65.78569235449037,Amber,,0.5354468774818315
618742,"Construction of 6-lane Greenfield corridor from Ramnagar to Kacchi Dargah NH-119D from Km 109700 to Km 122300, including widening of the existing NH-31 from Km 196700 to Km 198600, as part of the Amas-Darbhanga.",NHAI,Ministry of Road Transport & Highways,Roads & Highways,Bihar,1113.46,1113.46,0.8,2026-07,0.42193413529310897,4.901883391301682,0.8935668277387616,6.391027614311986,20.062165757383458,65.77504815159352,Amber,,3.122188093559103
615338,TRANSMISSION SYSTEM FOR EVACUATION OF POWER FROM RAJASTHAN REZ PH -IV [PART-2 5.5 GW] [JAISALMER/BARMER COMPLEX] PART F [SPV Name POWERGRID BARMER I TRANSMISSION LIMITED],Power Grid Corporation of India Limited [POWERGRID],Ministry of Power,Transmission & Distribution,Rajasthan,2735.0,2735.0,47.28,2026-07,0.9890155944377651,8.75936891002028,0.3233389916676545,0.0,26.790410186578246,65.61772930527098,Amber,,-0.5414591597381246
705496,Tumkur-Chitradurg-Davangere 199.7 km,CAOC/SWR SWR mor,Ministry of Railways,Railways,Karnataka,1876.0,1801.01,22.0,2026-07,0.4618361797339685,-1.8231917228934758,0.849183768468603,29.59148131868539,57.210382201886276,65.55099741012857,Amber,Rapidly Deteriorating,33.504223765578686
619293,Construction of 4 Lane Access Controlled Bypass for Dehradun on NH307 from Design Chainage km 0050 Jhajra on NH-07 to Design Chainage km 12220 Asharori on EPC Mode in the State of Uttarakhand under NHO,NHAI,Ministry of Road Transport & Highways,Roads & Highways,Uttarakhand,715.97,337.11,62.79,2026-07,0.4937590101754362,1.5580556911770018,0.81618063572661,21.15810782129677,45.961494079058305,65.49698229510231,Amber,,-1.5423054712764213
618500,Construction of 4L Connector from Delhi Meerut Expressway Km 50.000 of Pkg IV to Km 8.520 of NH-235 Pkg-5,NHAI,Ministry of Road Transport & Highways,Roads & Highways,Uttar Pradesh,1081.39,1116.19,78.0,2026-07,0.9837235505229234,11.920522404001494,0.32547269001833923,2.8371660804219565,15.612828487190818,65.45981202706312,Amber,,-4.755183611548844
618832,4L from Km 55.00 Kuru to Km 95.400 Udaipura on NH-75 Sec-I,NHAI,Ministry of Road Transport & Highways,Roads & Highways,Jharkhand,1274.82,1274.82,11.1,2026-07,0.41186955674515596,4.966470101951629,0.895696895419725,4.417173585433814,14.561972295319226,65.37832260824405,Amber,,-2.625602528401984
618621,Indore - Edlabad Pkg-II [Tejajinagar to Balwara],NHAI,Ministry of Road Transport & Highways,Roads & Highways,Madhya Pradesh,1162.8,1530.82,87.3,2026-07,0.8552771361250756,8.86294574549193,0.45129625850781907,3.0909602283257156,18.919143025737835,65.32866973164472,Amber,,-0.6997599439788331
618961,4 Lane Inner Ring Road around Allahabad City Pkg-1 Prayagraj Southern Bypass 34.400 43.200,NHAI,Ministry of Road Transport & Highways,Roads & Highways,Uttar Pradesh,775.94,498.97,24.55,2026-07,0.35146487489273226,3.8999449248396725,0.9524463002787239,22.561151437486814,44.77919078422898,65.19555875857282,Amber,,2.669450666872123
618232,Rehabilitation and Upgradation to 2-lane configuration of Karnohal- Kalwahn Section km 181.00 to 208.950 of NH-70 in the State of Himachal Pradesh under Green National Highways Corridor Project GNHCP with the loan assistance of World Bank on EPC mode.Package-2,MoRTH,Ministry of Road Transport & Highways,Roads & Highways,Himachal Pradesh,251.62,190.02,58.0,2026-07,0.7088768678149641,8.755577321469028,0.5943853613884604,0.0,7.331909679429568,65.16311146017122,Amber,,0.8713529579113413
618286,Construction of New 2-Lane Bridge with its approaches from km 0000 to Km 4385 across River Brahmaputra on NH-17 at Jogighopa in Assam on EPC mode,NHIDCL,Ministry of Road Transport & Highways,Roads & Highways,Assam,746.76,746.76,81.07,2026-07,0.7408418872782427,5.206288054460288,0.5607100088908684,0.0,7.989673193731904,65.07759480845556,Amber,,8.264975705510743
618536,Construction of Ring Road around Kanpur from Ch.68.650 to Ch.93.209 Jarkala to Pakari Package-IV in State of Uttar Pradesh.,NHAI,Ministry of Road Transport & Highways,Roads & Highways,Uttar Pradesh,1603.53,1192.16,39.2,2026-07,0.4544863981589573,5.507214122371664,0.843909511574989,20.8339863502676,20.604973891314636,64.91979548669731,Amber,,0.391936768918157
609424,"Development of Container Terminal at Tuna-Tekra, Deendayal Port on BOT Basis Under PPP Mode",Deendayal Port Trust,"Ministry of Ports, Shipping and Waterways",Shipping,Gujarat,4243.64,4243.64,60.0,2026-07,0.7625605522775156,8.91793401877331,0.5349844297437442,2.8184961541830518,25.508638759075346,64.87724910106299,Amber,,-3.8941633022655537
618639,4L of Bilaspur to Urga km 0.00 to 70.2 of NH-130A,NHAI,Ministry of Road Transport & Highways,Roads & Highways,Chhattisgarh,1855.59,2523.86,94.81,2026-07,0.9598894618793217,4.212555083769954,0.3333733730995107,10.42378606637365,13.457056597403268,64.66314174894163,Amber,,-0.9934122040084503
619156,4 Laning of Paramakudi to Ramanathapuram Section of NH-87 Old NH-49,NHAI,Ministry of Road Transport & Highways,Roads & Highways,Tamil Nadu,1853.16,1853.16,0.0,2026-07,0.5820466609694832,5.759286514582635,0.7112024421520773,7.3283897745655375,47.31100384849103,64.66245515607802,Amber,,4.662039779709403
617955,Widening to two lane with paved Shoulders from Km 40.00 to Km 75.00 Existing chainages of Mangalore - Tumkur section of NH-73 in the State of Karnataka on EPC Mode under Annual Plan 2021-22 Job No NH-73-KNT-2021-22-945,MoRTH,Ministry of Road Transport & Highways,Roads & Highways,Karnataka,718.52,718.52,85.0,2026-07,0.8387879196380837,7.653552937310712,0.454381886311036,0.0,9.270274164361052,64.65849029745598,Amber,,0.1547047767465557
705253,Kurnool Coach Midlife Rehabilitation Project,South Central Railway [SCR] - II,Ministry of Railways,Railways,Andhra Pradesh,563.0,560.72,75.01,2026-07,0.493844602709332,4.051962779547494,0.7982201487744112,16.92501001523445,46.82103322800648,64.60323757418716,Amber,,-1.4162477850019854
618731,6 Lane Greenfield Varanasi- Ranchi- Kolkata Highway from Chatra to junction with NH- 100 in Deoria village from km 222.000 to km 253.000 Pkg -9,NHAI,Ministry of Road Transport & Highways,Roads & Highways,Jharkhand,1418.16,1418.16,0.0,2026-07,0.37197955578830993,4.796935785940206,0.9166964760305694,7.628818190501627,43.16291834915737,64.43380159094396,Amber,,
617801,Provision of ICT Augmentation & Bus Reactor at Bhuj-II PS,Power Grid Corporation of India Limited [POWERGRID],Ministry of Power,Transmission & Distribution,Gujarat,581.74,581.74,7.2,2026-07,0.9706198622941868,8.782403190815089,0.31726840751721425,0.0,13.325398216343574,64.39441349057006,Amber,,1.0811386536515926
618535,Construction of Six lane elevated flyover including reconstruction/rehabilitation of existing pavement from Km 406100 to Km 411150 Length 5.05 Km at Gobindpur area in the Barwa Adda Panagarh section of NH-19 from Km.398.240 to Km.521.120 including Panagarh Bypass in the State of Jharkhand on EPC Mode.,NHAI,Ministry of Road Transport & Highways,Roads & Highways,Jharkhand,687.77,442.52,19.91,2026-07,0.2970356649703208,2.0654185584219977,0.9867848257171592,17.39198951824038,64.60510908826616,64.191024534374,Amber,,0.2390514792008247
618597,6L of Azhiyur-Vengalam from km. 189.200 to km. 230.400 of NH-66,NHAI,Ministry of Road Transport & Highways,Roads & Highways,Kerala,3205.77,3898.46,60.07,2026-07,0.7176376649749694,5.5533354434338325,0.5631722597013028,13.047746248997347,18.048718888766256,64.0404962338136,Amber,,10.538589608059205
618611,Sangariya near Chautala-Rasisar near Bikaner section of NH-754K Phase-I AJ/SR- Package-7,NHAI,Ministry of Road Transport & Highways,Roads & Highways,Rajasthan,520.63,548.42,100.0,2026-07,0.6337566532010792,-6.388671118336261,0.6469546188965304,12.019791675425784,32.66833172596383,64.03556360488048,Amber,,-1.7055017651077975
617302,Durgapur - Haldia Pipeline [Section-3B of JHBDPL Project],Gas Authority of India Limited [GAIL],Ministry of Petroleum & Natural Gas,Oil & Gas,West Bengal,1740.0,2583.0,95.7,2026-07,0.7251187134702098,2.41496945257386,0.5553648265300666,23.091375580491487,45.7838908872996,64.02417700001382,Amber,,-23.078363304190702
618886,Road Safety Improvement of Critical Junctions on MuzaffarnagarHaridwar Section of NH-334 from Km 143000 to Km 196000,NHAI,Ministry of Road Transport & Highways,Roads & Highways,"Multi-States (Uttar Pradesh, Uttarakhand)",238.66,0.1,22.64,2026-07,0.32633430889878146,16.549650624912644,0.9539607273519403,24.03998304868532,64.61775717315504,64.01475181253609,Amber,,1.8612684547565337
705765,Gomoh - Flyover for down trains 20 km,CAO/Con/South/MHX ECR mor,Ministry of Railways,Railways,Jharkhand,686.0,686.03,65.0,2026-07,0.9327208765558594,13.94050363665067,0.34529360361029354,13.259605593123709,67.18148096159402,63.900724008307655,Amber,,4.499162845807199
705780,Bhatni - Aunrihar with electrification 125 km excl Indara - Mau 116.95 km,CMD / RVNL RVNL mor,Ministry of Railways,Railways,Uttar Pradesh,2529.0,2529.46,94.0,2026-07,0.838428651334423,7.156566527851745,0.43939929721372667,5.974623325374708,17.451667803020513,63.89139742740748,Amber,Rapidly Deteriorating,16.14596776674737
703021,Jalandhar Water Supply Infrastructure Project,Ministry of Housing & Urban Affairs,Ministry of Housing & Urban Affairs,Waste & Water,Punjab,258.53,266.64,90.0,2026-07,0.9355320026599201,9.360495181755285,0.340334925576366,18.914939108146868,73.06647206341276,63.79334641181431,Amber,,0.0
618967,Upgradation and Strengthening of Chenani to Nashri Section via Patnitop of NH244 from Km 0.000 to Km 39.100,NHAI,Ministry of Road Transport & Highways,Roads & Highways,Jammu and Kashmir,295.06,295.06,64.88,2026-07,0.7303704067795335,6.084154250357624,0.545306317969499,3.6424836079561076,24.17461609323505,63.78383623745163,Amber,,3.236422516318406
618357,Construction of 2 -Lane with paved shoulders road from Tamenglong to Mahur NH- 137 in Manipur starting from km 54.180 near Azuram to km 80.630 near Mandeu on EPC Mode Package 5,NHIDCL,Ministry of Road Transport & Highways,Roads & Highways,Manipur,477.86,477.86,84.87,2026-07,0.9802878612258515,11.9384941497828,0.2932024271263775,0.0,7.147704200226599,63.67451441761145,Amber,,0.0
618522,Balance Works for six laning of Sriperumbudur to karaipettai section of NH-4 New NH- 48 from 37000 Existing Km 37000 to Km 71015 Existing Km 71000 in Tamilnadu on EPC mode underNHDP Phase-V,NHAI,Ministry of Road Transport & Highways,Roads & Highways,Tamil Nadu,411.16,411.16,38.26,2026-07,0.902961454881497,9.460554674573551,0.36985539486369706,6.362790201645163,12.164778619100922,63.64084248725971,Amber,,-1.380028035639178
611949,Transmission system for evacuation of power from REZ in Rajasthan 20 GW under Phase-III part C1,Power Grid Corporation of India Limited [POWERGRID],Ministry of Power,Transmission & Distribution,Rajasthan,1160.0,1160.0,99.87,2026-07,0.9633670371796779,6.239624300686779,0.3067495815271952,0.0,24.70342493158114,63.50583093534365,Amber,,-1.6178349507725756
618735,4L of Chandesara to Khedakhajuriya from Km. 0.000 to - 750 & Km 0.000 to km 41.400 of NH-148NG Pkg-I,NHAI,Ministry of Road Transport & Highways,Roads & Highways,Madhya Pradesh,909.84,976.55,99.0,2026-07,0.787116452138919,13.833208588882277,0.4806293522165212,3.1280889220389416,18.832751211144668,63.387290217772005,Amber,,-0.8971520640242829
618518,Davanagere - Haveri of NH-48 Old NH-4 from km. 260.00 to km. 338.923,NHAI,Ministry of Road Transport & Highways,Roads & Highways,Karnataka,1454.67,1805.84,98.87,2026-07,0.6306092568374335,3.215493248300881,0.6358565993806008,8.461698264692975,32.375912169601186,63.32329281090172,Amber,,-3.45439501185443
618328,4-Laning of Balance work of Dimapur-Kohima Road from design km 152.490 to km 166.700 Existing km 156.000 to km 172.900 Excluding Dimapur & Kohima Bypass under SARDP-NE Package-III,NHIDCL,Ministry of Road Transport & Highways,Roads & Highways,Nagaland,562.98,794.75,84.32,2026-07,0.7483663984590224,6.898226700882608,0.5149812286083012,8.301921067067637,27.494969332453007,63.16738135336618,Amber,,-10.934251236159469
619181,Rehabilitation and Up gradation from 4 to 8 laning of Chandikhole Paradip Section of NH-53 Old NH 5A from Km.60.000 to Km.76.646 Package-4,NHAI,Ministry of Road Transport & Highways,Roads & Highways,Odisha,882.45,1009.92,36.02,2026-07,0.42284143926266815,0.5764783693420801,0.8386471381751328,6.914706854071109,26.246117962848196,63.074428871890056,Amber,,-6.808067420651547
618818,4L Access Controlled Greenfield Highway section on NH-163G Khammam Vijayawada from Remidicherla village at Design Ch. 280.200 Km to Jakkampudi village on NH-16 at Design Ch. 309.909 Km Package-III,NHAI,Ministry of Road Transport & Highways,Roads & Highways,"Multi-States (Andhra Pradesh, Telangana)",1183.23,1225.14,5.8,2026-07,0.8792034341627984,5.186243092588561,0.3821994845953656,25.375833521688183,16.1635114098955,63.07014593790821,Amber,,0.3926993666476548
705659,Satna - Rewa 50 km,CE/C-4/WCR WCR mor,Ministry of Railways,Railways,Madhya Pradesh,500.0,646.1,88.0,2026-07,0.6309884936695479,11.638848882676527,0.6271754907654989,6.302700781410377,55.27913225255269,62.90819922175235,Amber,,12.382682873621441
619045,Construction of New Double Tier 4L Elevated Corridor from Chennai Port to Maduravoyal in Chennai District from km -0.342 to Km 20.593 and Package IV from Km 14.185 to Km 20.593,NHAI,Ministry of Road Transport & Highways,Roads & Highways,Tamil Nadu,1205.4,1210.21,8.58,2026-07,0.6053422631282717,7.290318744750929,0.6498367930042533,12.253052795547186,15.4467156709704,62.75895280662625,Amber,,-1.2871477061264827
618882,Construction of additional 3-Lane Bridge over River Ganga for connection between Buxar and Bharauli on NH-922 in the State of Uttar Pradesh and Bihar on Hybrid Annuity Mode,NHAI,Ministry of Road Transport & Highways,Roads & Highways,"Multi-States (Bihar, Uttar Pradesh)",531.61,444.92,22.26,2026-07,0.3910216129331947,2.7857103607357447,0.8623231182272221,21.681449736820703,71.56866391479858,62.667236558020846,Amber,,2.084828278249006
618664,Berkhedi to Godpehra on NH-44 Sagar link road,NHAI,Ministry of Road Transport & Highways,Roads & Highways,Madhya Pradesh,524.84,471.31,93.05,2026-07,0.8290754970743912,7.648324852152892,0.4228613289697791,8.74714094669909,29.185252204874292,62.59684130220852,Amber,,4.300965638462529
617391,Augmentation of Transformation Capacity at Bhuj-II PS [GIS],Power Grid Corporation of India Limited [POWERGRID],Ministry of Power,Transmission & Distribution,Gujarat,488.29,488.29,7.2,2026-07,0.9769427929693292,8.846007338232326,0.2733511520375503,0.0,13.54591497805517,62.51469725034398,Amber,,-0.22629938299639463
705610,"Renigunta 9.60 km, Wadi 7.60 km & Gooty 3.8 km - Bypass",CAO/C/SCoR SCoR mor,Ministry of Railways,Railways,"Multi-States (Andhra Pradesh, Tamil Nadu)",302.0,850.74,50.0,2026-07,0.8031398067662642,5.198360348939021,0.44617479498827883,24.639235217697614,86.1391808127669,62.46573008772715,Amber,,3.1979726191213302
705511,Jagdalpur-Koraput 110.22 km,CAO/C/ECOR ECoR mor,Ministry of Railways,Railways,"Multi-States (Chhattisgarh, Odisha)",1547.0,1547.38,90.0,2026-07,0.974232382602831,7.908911894090378,0.27053485193654,26.74450681740055,18.54861697286925,62.23836172696855,Amber,,12.750199567446863
617271,Eastern Region Expansion Scheme-43 [ERES-43],Power Grid Corporation of India Limited [POWERGRID],Ministry of Power,Transmission & Distribution,"Multi-States (Bihar, Odisha, West Bengal)",342.69,342.69,29.75,2026-07,0.9856892834847427,12.86316842659197,0.2588528606139918,0.0,20.329546494652988,62.22710720493673,Amber,Stalled and Overdue,0.8971128791282723
618939,Construction of Standalone Flyover cum ROB from Design Ch.66.600 to Design Ch.68.800 in Gadchandur Town on NH-353B,NHAI,Ministry of Road Transport & Highways,Roads & Highways,Maharashtra,191.31,107.76,40.11,2026-07,0.3834132408190759,0.46595393441570165,0.8587722515846467,23.868676323506875,40.39870752576522,62.10927462018613,Amber,,1.6892375513574223
705500,Wardha Sevagram-Nagpur - 3rd line 76.3 km,CAOC/CR CR mor,Ministry of Railways,Railways,Maharashtra,540.02,899.52,88.0,2026-07,0.7825682058624471,9.76261415809243,0.4591796049138131,29.231794602798544,46.85988632955584,62.08739053881301,Amber,,-30.790957634446897
619201,Karnal ring road Lot-4/Pkg-1,NHAI,Ministry of Road Transport & Highways,Roads & Highways,Haryana,1741.45,2041.54,96.66,2026-07,0.6674374566804551,5.119822945828919,0.5738988497375216,6.003463519151376,21.579152462947814,62.06681532089884,Amber,,-1.7437741482198845
705495,Bagalkot-Kudachi 142 km,CAOC/SWR SWR mor,Ministry of Railways,Railways,Karnataka,1378.0,1710.44,35.0,2026-07,0.891982706827088,8.20258051402454,0.3485067367763724,13.223489119719757,27.822997867337772,62.02447218017302,Amber,,-1.0966301681443156
617961,Gaya-Hisua-Rajgir-Nalanda-Biharsharif section km0.00 to 92.935 NH-82,MoRTH,Ministry of Road Transport & Highways,Roads & Highways,Bihar,1408.85,2138.16,97.0,2026-07,0.9564895194288209,16.312425554728993,0.28309900042251057,20.910840883138718,5.124355890849801,61.979425992566576,Amber,,0.0
618738,6L Bridge and its approaches across River Ganga as Part of Patna Ring Road NH- 131G starting from Km 8.480 near Sherpur to Km 23.000 near Dighwara,NHAI,Ministry of Road Transport & Highways,Roads & Highways,Bihar,6291.69,3351.62,22.05,2026-07,0.3707627553983664,0.01979227519503278,0.8686804485439741,13.778313369968853,42.588058105434946,61.97216019711702,Amber,,7.167218768860813
615343,Provision of Dynamic Reactive Compensation at Khavda pooling Station 1 [KPS1] and Khavda Pooling station 3 [KPS3],Power Grid Corporation of India Limited [POWERGRID],Ministry of Power,Transmission & Distribution,Gujarat,501.0,501.0,8.67,2026-07,0.9701053980051463,11.398910826834483,0.2682853872358353,0.0,13.186576776494782,61.91953926204907,Amber,,-1.6938028658531152
618358,Construction of 2 -Lane with paved shoulders road from Tamenglong to Mahur NH- 137 starting from km 80.630 near Mandeu to km 96.870 near Jiri River on EPC Mode Package-6,NHIDCL,Ministry of Road Transport & Highways,Roads & Highways,Manipur,311.18,311.18,86.87,2026-07,0.9712450457690557,10.56226022277104,0.2666045321329037,0.0,19.227266243189487,61.892478895097966,Amber,,2.585971924232595
618303,Widening/Improvement to 2-lane with earthen shoulder of Yaingangpokpi - Finch corner road section of NH-202 from Km 0.000 to Km 16.900 of NH-202 in the state of Manipur on EPC mode Package-1,NHIDCL,Ministry of Road Transport & Highways,Roads & Highways,Manipur,222.77,222.77,88.96,2026-07,0.9069827090251104,12.803142638569444,0.3304362317943033,0.0,22.179935237274435,61.870947040970684,Amber,,6.750126488375585
618654,4L Greenfield Rudhi to Deshgaon Pkg V of Betul-Khandwa/Deshgaon,NHAI,Ministry of Road Transport & Highways,Roads & Highways,Madhya Pradesh,521.21,469.68,63.79,2026-07,0.9129986004016376,7.2475612324529255,0.32418761534699714,5.294593479685612,28.104953608764387,61.859310787431745,Amber,,3.174614655591725
618194,Rehabilitation and upgradation of New NH 544DD from design Chainage Km. 56/000 to 102/20 of Kalyandrg - Molakalmuru Section,MoRTH,Ministry of Road Transport & Highways,Roads & Highways,Andhra Pradesh,294.13,285.29,98.52,2026-07,0.8430680472198188,6.001633420504664,0.3941078260876498,-0.008029504746239723,12.407445824787816,61.85879366537343,Amber,,0.0
705490,Gadag - Wadi 252 km,CAOC/SWR SWR mor,Ministry of Railways,Railways,Karnataka,2842.0,3668.17,35.0,2026-07,0.42146928104103104,10.509611134496373,0.8115306630397879,35.21150097746429,95.43406747823342,61.64999720404095,Amber,,1.4486009087195981
618893,Varanasi Gorakhpur Section Packege IV from km. 149.540 to km. 215.160 Mau- Gorakhpur,NHAI,Ministry of Road Transport & Highways,Roads & Highways,Uttar Pradesh,2966.63,3475.65,97.35,2026-07,0.9160435212999641,7.616887635304432,0.3149450755316716,8.774174826926314,28.124012177282648,61.549429841581784,Amber,,5.144748606783821
615340,TRANSMISSION SYSTEM FOR EVACUATION OF POWER FROM RAJASTHAN REZ PH-IV [PART-3/ 6 GW] [BIKANER COMPLEX] PART B [SPV Name POWERGRID Siwani Transmission Limited],Power Grid Corporation of India Limited [POWERGRID],Ministry of Power,Transmission & Distribution,"Multi-States (Haryana, Rajasthan)",5357.0,5357.0,36.53,2026-07,0.9882791833192781,11.668673890155409,0.24198070951172196,0.0,20.744392588884676,61.51299464155,Amber,,4.081265551600822
618561,Improving the Alignment of Thoppur Ghat Section from Km 158.500 to Km 165.100 in Dharmapuri - Salem Section of NH-44,NHAI,Ministry of Road Transport & Highways,Roads & Highways,Tamil Nadu,904.99,731.09,47.84,2026-07,0.4040302066587689,4.362414882484907,0.8253134887622875,26.707236503331277,32.55827067590288,61.46718477105282,Amber,,-0.7411957700810774
619219,4L of Tumkur-Shimoga Pkg-II from Km 65.195 Karadi to Km 121.900 Banawara of NH-206,NHAI,Ministry of Road Transport & Highways,Roads & Highways,Karnataka,1505.85,1989.89,99.98,2026-07,0.7947765545948802,0.9232324212298054,0.43381312316376724,15.416268574117993,35.54152715281732,61.42948388793237,Amber,,-2.7435241762069964
618726,6L Greenfield Varanasi-Ranchi-Kolkata Highway from junction with Chandauli- Chainpur Road near Khainti village to junction with Bhabhua-Adhaura road near Palka village from Km. 27.000 to Km. 54.000 Pkg-2,NHAI,Ministry of Road Transport & Highways,Roads & Highways,Bihar,1240.93,1341.52,26.77,2026-07,0.531483108087557,5.352531256841541,0.6970783963019367,10.330363814284379,20.180343771050975,61.428075219474685,Amber,,2.1264502812025086
705450,Jogbani-Biratnagar New Rail Line project,Indian Railway Construction International Limited [IRCON],Ministry of Railways,Railways,Bihar,402.0,486.0,86.5,2026-07,0.8432401438581257,9.39508620923721,0.3837274081695936,24.721269342112766,70.97114156133,61.34837760138596,Amber,,0.0
618300,Improvement/Up-gradation of existing 2-Lane Road to 4-Lane Divided Highway from Taphukuki to Daili section of Imphal-Kohima road NH-02 Design Chainage from Km 262175 to Km 274610 in the state of Manipur on EPC mode Pkg-4A,NHIDCL,Ministry of Road Transport & Highways,Roads & Highways,Manipur,379.39,379.39,91.39,2026-07,0.9682059077466124,10.081309610704686,0.2583351636817099,0.0,13.367764656194751,61.327053571416116,Amber,,5.290957908335109
619143,4L Access Controlled Greenfield Highway section on NH-163G Khammam Vijayawada from BrahmanapalliK village at Design Ch. 250.400 Km to Remidicherla village at Design Ch. 280.200 KmPackage-II,NHAI,Ministry of Road Transport & Highways,Roads & Highways,"Multi-States (Andhra Pradesh, Telangana)",826.01,862.58,25.78,2026-07,0.7677134540450058,5.937091293248512,0.4582611091016159,28.588356372245926,16.34075068806862,61.298728157331084,Amber,,1.4948065905546954
618538,Construction of Ring Road around kanpur from Ch.51.200 to Ch. 68.650 Badarka to Harbanch-Uchti Pkg-III,NHAI,Ministry of Road Transport & Highways,Roads & Highways,Uttar Pradesh,1792.68,1126.75,34.8,2026-07,0.41451528056934517,5.01684135997419,0.8107580854576495,20.831049169557904,20.300442283877917,61.263668301349725,Amber,,0.7820424289480812
615346,Transmission System for Evacuation of Power from Rajasthan REZ Ph-IV [Part-2 5.5 GW] [Jaisalmer/Barmer Complex] Part C [SPV Name POWERGRID Mandsaur Transmission Limited],Power Grid Corporation of India Limited [POWERGRID],Ministry of Power,Transmission & Distribution,Madhya Pradesh,2708.0,2708.0,72.39,2026-07,0.9802866249563,10.513188801621093,0.2439954505993652,0.0,23.913548784689446,61.21410377778326,Amber,,-0.2633785537037099
705505,Wardha-Nagpur - 4th line 78.70 km,CAOC/CR CR mor,Ministry of Railways,Railways,Maharashtra,637.95,1194.59,88.0,2026-07,0.8146471516411207,10.332920228104998,0.40757302486733993,0.842470314339379,36.53259433297221,61.11100882542303,Amber,,-10.331622931805583
618688,Outer Ring Road of Jabalpur Town from Amjhar Road including Airport Connectivity to barela Pkg-V,NHAI,Ministry of Road Transport & Highways,Roads & Highways,Madhya Pradesh,794.7,539.9,32.38,2026-07,0.6341747293745135,5.422612083475146,0.5874466903221282,18.91424942835115,45.85856717274303,61.08107098483209,Amber,,-1.9762226178761537
618957,4 laning of Champa - Korba from km 0.00 to km 38.2,NHAI,Ministry of Road Transport & Highways,Roads & Highways,Chhattisgarh,1002.33,1304.47,98.75,2026-07,0.8635197560046732,2.4136930163843373,0.35551608021298303,3.1378367461610543,13.453851463944401,60.95179181088282,Amber,,-4.481845706000023
702949,Jhansi Water Supply Infrastructure Phase-II Project,Ministry of Housing & Urban Affairs,Ministry of Housing & Urban Affairs,Waste & Water,Uttar Pradesh,561.74,561.74,95.0,2026-07,0.8618250760819687,6.269241247031089,0.3569333303438223,4.150366603891541,11.882986506294056,60.93792032128955,Amber,,-1.0590088685843213
619149,4L of Ratnagiri - Kolhapur section of NH-166 from km 0.000 to km 19.769 and km 31.000 to km 67.140 Pkg I,NHAI,Ministry of Road Transport & Highways,Roads & Highways,Maharashtra,1774.03,2108.41,97.4,2026-07,0.8645948133834417,9.484862653699615,0.351537407282615,18.040068409126395,40.26520404132592,60.806611033302836,Amber,,-5.325409103297069
618416,"Improvement of existing road to 2 laning with Hard Shoulders of Maram -Peren section Package-1A, length- 22.340Km from Design Chainage 0.000 km to 22.340 km on NH-129A in the State of Manipur on EPC mode",NHIDCL,Ministry of Road Transport & Highways,Roads & Highways,Manipur,226.32,226.32,75.08,2026-07,0.9062648572666127,8.919346350584814,0.3061857530823135,-0.0015356830334386992,21.291664001329597,60.62253051744631,Amber,,6.112758183600157
611752,Doubling between Gooty-Pendakallu 29.225 km PB73/2023-24/NR,CAO/C/SCoR SCoR mor,Ministry of Railways,Railways,Andhra Pradesh,351.83,351.83,0.0,2026-07,0.5584218948059992,5.042496283810726,0.6530718666356033,12.19375792381655,27.387186587731104,60.57468807208013,Amber,,
611754,South Central Railway - Rail road over double line between Guntakal West-Mallapa Gate 9.64 km PB34/CR/2023-24,CAO/C/SCoR SCoR mor,Ministry of Railways,Railways,Andhra Pradesh,293.3,293.3,0.0,2026-07,0.8028318663663488,13.943512262289659,0.40646150433485734,6.552622422411608,27.728044178586867,60.464668535060305,Amber,,6.884551131340501
618356,Construction of 2 -Lane with paved shoulders road from Tamenglong to Mahur in the state of Manipur from km 31.430 at Old Tamenglong to km 43.480 ending near Phelong on EPC Mode Package-3,NHIDCL,Ministry of Road Transport & Highways,Roads & Highways,Manipur,234.08,234.08,98.5,2026-07,0.9528531264034211,7.151829602302616,0.25365930527827296,0.0,45.9338506162673,60.3256215840847,Amber,,0.4206526278128351
617280,"Construction of Basement + Ground Floor+ 10 Storeyed building for State of the Art Director General, GSI Building at plot No.GN-40, Sector-V, Salt Lake, Kolkata",Central Public Works Department [CPWD],Ministry of Mines,Construction,West Bengal,255.37,255.37,64.0,2026-07,0.8491135580914883,11.302078938677445,0.3519908465390562,5.675912015733796,77.16241042627196,60.05522023152723,Amber,,0.0
618362,Construction of 2-laning with hard shoulder of Lunglei to Chhumkhum from Design Chainage Km 0.000 to Km 37.420 of NH-302 [Lunglei-Tlabung] Package-A,NHIDCL,Ministry of Road Transport & Highways,Roads & Highways,Mizoram,698.45,698.45,64.78,2026-07,0.8538420578143155,2.3632593960763235,0.3452012353777247,-0.26444062140637675,4.1182773189158155,59.95216465960201,Amber,,7.448423078891416
615344,Transmission System for Evacuation of Power from Rajasthan REZ Ph-IV [Part-2 5.5GW] [Jaisalmer/Barmer Complex] Part H1 [POWERGRID KURAWAR TRANSMISSION LIMITED],Power Grid Corporation of India Limited [POWERGRID],Ministry of Power,Transmission & Distribution,Madhya Pradesh,3674.0,3674.0,47.9,2026-07,0.9540592848356358,12.691549639115753,0.2447390273001431,0.0,20.087542921404847,59.93991560678895,Amber,,-1.343150964087556
612877,Establishment of NIT Puducherry Permanent Campus [Phase-I and Phase-II],"National Institute of Technology, Puducherry",Department of Higher Education,Education,Puducherry,618.34,544.34,99.5,2026-07,0.9093330021229796,7.590107480260814,0.2853932038632025,13.063773296851725,107.34269199163866,59.7363102993091,Amber,,0.39490211375042605
617326,Implementation of Transmission Systems in the State of Jharkhand consisting of 400/220/132/33 kV transmission lines and substations under Jharkhand Consultancy Project,Power Grid Corporation of India Limited [POWERGRID],Ministry of Power,Transmission & Distribution,Jharkhand,1842.25,1842.25,96.4,2026-07,0.9369124893940695,8.769140480114874,0.25763432785868184,0.0,69.08264596586244,59.72734086263757,Amber,,-1.5312697401408641
702664,Kochi Metro Rail Phase 2 Development Project,CSPCC Projects,Ministry of Housing & Urban Affairs,Urban Public Transport,Kerala,1957.05,1957.05,41.2,2026-07,0.5465474667616332,5.674598688987599,0.6439325963574813,-0.6133299270044336,10.667551544997954,59.52400315595573,Amber,,-0.36611769299633323
705526,Samastipur-Darbhanga 38 km,CAO/Con/North/MHX ECR mor,Ministry of Railways,Railways,Bihar,519.0,973.56,92.0,2026-07,0.8642455502118063,15.384953008420615,0.3249499284648102,2.1336930944731884,47.00810855433482,59.45977393383082,Amber,,4.223154683068216
618751,2L PS of Hinotiya-Mehulwa section of NH-346 from Km. 27.000 to Km 75.700 Vidisha Mehulwa-Talbehat Pkg-II Section of NH- 346,NHAI,Ministry of Road Transport & Highways,Roads & Highways,Madhya Pradesh,581.65,592.71,69.04,2026-07,0.910803341232225,9.126012645925792,0.2740873016433008,4.8645087351920955,20.696936905700838,59.24453214377628,Amber,,0.49077210853005226
705616,Jharsuguda - Bilaspur - 4th line 206 km,CAOC/SECR SECR mor,Ministry of Railways,Railways,"Multi-States (Chhattisgarh, Odisha)",2140.0,2978.55,88.0,2026-07,0.6462046157320545,7.337205370954124,0.5370763285597688,33.97019970106548,46.20007415109079,59.164047214591164,Amber,,0.14863104853366593
617966,Rehabilitation and Upgrading to 2 lanes/2-lane with paved shoulders configuration and strengthening of of Birpur and Bihpur Section from km 0.0 to Km 106 of NH 106 under phase I of National Highways Interconnectivity Improvement Projects NHIIP ICB No. NHIIP-BR-106-7 [NHIIP-BR-106-7],MoRTH,Ministry of Road Transport & Highways,Roads & Highways,Bihar,780.77,961.33,99.74,2026-07,0.9099789511170502,16.50435308485749,0.2732522987923552,23.94363383776749,13.006057142668277,59.161562495470264,Amber,,0.0
705492,Kadur-Chickmagalur-Sakleshpur 93 km,CAOC/SWR SWR mor,Ministry of Railways,Railways,Karnataka,825.0,1043.15,83.0,2026-07,0.8445200107647566,8.386884437496537,0.33836114243752274,8.939856050410294,25.258708043818327,59.14405766011397,Amber,,-22.024096864098965
400298,Nadikude-Srikalahasti 308.7 km,CAO/C/SCoR SCoR mor,Ministry of Railways,Railways,Andhra Pradesh,2312.0,5906.03,2.0,2026-07,0.5069302819923928,8.16361051066819,0.6754254500850886,38.576111814008875,71.87076982520365,59.117786603874066,Amber,,-3.707024995721646
705782,Barabanki-Malhaur - 3rd & 4th Line 32.84 km,CAO/C-II/NR NR mor,Ministry of Railways,Railways,Uttar Pradesh,407.0,480.13,77.0,2026-07,0.8397960959360009,6.812157753450452,0.34185690616940084,9.239715573985608,41.27848609516363,59.08265010527008,Amber,,2.1040277323208016
618355,"Construction of of 2 -Lane with paved shoulders road from Tamenglong-Tousem- Lisang-Mahur Road NH-137 starting near Dialong Village from km 10.000 at Dialong to km 31.430 near Old Tamenglong , near Barak River on EPC Mode Package-2",NHIDCL,Ministry of Road Transport & Highways,Roads & Highways,Manipur,483.87,483.87,95.28,2026-07,0.9658414362251965,8.350697970329403,0.21476342061166048,0.0,19.609541133248914,59.03024284184285,Amber,,3.3671484739097437
707215,National Maritime Heritage Complex [NMHC] Phase-I,Indian Port Rail & Ropeway Corporation Ltd. [IPRCL],"Ministry of Ports, Shipping and Waterways","Tourism, Hospitality & Wellness",Gujarat,573.0,1238.05,79.87,2026-07,0.96041377609614,13.746324931217519,0.21886811851238422,2.956089361305064,19.026399216766322,58.96409473042621,Amber,,-15.442433283569216
707052,Establishment of new GMC Handwara [Distt. Kupwara],"Medical Education, Ministry of Health and Family Welfare",Ministry of Health & Family Welfare,Healthcare,Jammu and Kashmir,325.0,325.0,0.0,2026-07,0.9634805406505587,40.9564235925076,0.21578800437259205,7.373810160436914,97.66865682537315,58.963427251157526,Amber,Stalled and Overdue,0.0
602525,"Pakal Dul [Drangdhuran] Hydroelectric Project, 1000 MW",National Hydroelectric Power Corporation Limited [NHPC],Ministry of Power,Electricity Generation,Jammu and Kashmir,8112.12,12728.0,82.05,2026-07,0.9649326492484446,6.611293121849031,0.21352701460617787,21.2325527962885,76.97521151722553,58.922983192731124,Amber,,0.9882621007607497
611927,Kurnool - Setting up facilities for coach midlife rehabilitation workshop,WPO/Patna,Ministry of Railways,Railways,Andhra Pradesh,560.72,560.72,65.0,2026-07,0.9331592843616082,31.335425523440694,0.24349019727230398,20.45129346891525,16.432784609125118,58.83247408169561,Amber,,0.0
618495,4/6L Access Control Expressway from Design Chainage Km 515.000 to 528.300 Kunjwani to Sidhra Section of NH-44 and from Design Chainage Km 550.900 to Km 566.520 Domel to Katra Section Phase II-Package XVII,NHAI,Ministry of Road Transport & Highways,Roads & Highways,Jammu and Kashmir,2894.74,2894.74,66.74,2026-07,0.9089559553453429,9.824068656395225,0.26599405535761456,5.21847090433345,30.178007178016724,58.74750053514788,Amber,,4.454133173737837
617935,"Construction of Elevated corridor from Km. 135.650 to 136.300 on 63, from Km. 249 to Km. 250.050 on old NH-4 and from Km. 192.910 to Km. 193.350 on NH-218 from decongestion of traffic in Ranichennamma circle in Hubli city in the state of Karnataka on EPC basis",MoRTH,Ministry of Road Transport & Highways,Roads & Highways,Karnataka,298.0,349.49,65.0,2026-07,0.9089432288474137,9.920906915519277,0.2655444815396709,-2.2619456242238103,6.740761057244959,58.724385519354236,Amber,,1.199427650094961
617936,Widening to two/four lane with paved shoulder from Km.180.600 to Km.223.000 of NH-63 on Nizamabad-Jagadalpur road on EPC mode under NHO in the state of Telangana.,MoRTH,Ministry of Road Transport & Highways,Roads & Highways,Telangana,253.99,183.26,100.0,2026-07,0.7483559512132771,51.258979591644696,0.4254991920070521,-0.5608576515177539,7.3323552737922455,58.69275716101646,Amber,,0.0
618813,4L Access Controlled Greenfield Section Mancherial Warangal from Narva village at Design Ch. 3.834 Km to Puttapaka village at Design Ch. 35.300 Km Package-I,NHAI,Ministry of Road Transport & Highways,Roads & Highways,Telangana,1127.9,1104.27,11.28,2026-07,0.9148675589704136,10.811439631082367,0.25815904427839487,-4.735526980806381,23.41419090089305,58.651330162440416,Amber,,1.5343994546662856
612213,"Construction of 200 Bedded ESIC Hospital at Butibori, Nagpur, Maharashtra.",Employee's State Insurance Company [ESIC],Ministry of Labour and Employment,Healthcare,Maharashtra,194.93,196.7,67.0,2026-07,0.8203584974519584,7.3752283324755155,0.351642026919519,12.469428763259815,77.40378934878702,58.60002621857387,Amber,,2.2833038067167024
618858,"Improvement and Up-Gradation of Existing Road to 4L PS from Km 88.750 to 123.650, from Start of Shahjahanpur Bypass to start of Shahabad bypass of NH 731Pkg.-2A",NHAI,Ministry of Road Transport & Highways,Roads & Highways,Uttar Pradesh,955.34,955.34,70.56,2026-07,0.6669624168386296,6.41995381980043,0.5035706316178642,-1.9711017707722809,18.741022115098453,58.52665242282469,Amber,,12.548655391626816
617224,Gorakhpur-Valmikinagar Doubling project,NER,Ministry of Railways,Railways,"Multi-States (Bihar, Uttar Pradesh)",1120.0,1120.0,32.0,2026-07,0.9107140759795235,11.875383375818378,0.258690955159318,1.8102102031077552,18.312216406105417,58.470251556942074,Amber,,-4.429481909584254
619029,Transmission System for Reliable Power Supply to Dholera,Power Grid Corporation of India Limited [POWERGRID],Ministry of Power,Transmission & Distribution,Gujarat,319.42,319.42,35.2,2026-07,0.9810047970391227,11.273588469981277,0.1858348632700699,0.0,15.994127858705745,58.34198301545963,Amber,Stalled and Overdue,1.6696166507549393
615339,Transmission system for evacuation of power from Rajasthan REZ Ph-IV [Part- 3/6GW] [Bikaner complex] Part A [SPV Name POWERGRID Bikaner IV Transmission Limited],Power Grid Corporation of India Limited [POWERGRID],Ministry of Power,Transmission & Distribution,"Multi-States (Haryana, Punjab, Rajasthan)",5969.0,5969.0,33.3,2026-07,0.986663721704964,11.488154492543561,0.17568383526462136,0.0,20.575337490053535,58.117377848479265,Amber,,-4.5548464047104815
619092,4L of Jind-Gohana road Package-1 from km. 0.00 to km. 40.601 of NH-352 A under NHO,NHAI,Ministry of Road Transport & Highways,Roads & Highways,Haryana,994.22,1606.82,99.97,2026-07,0.3848877865652162,-1.8045936549368347,0.7746327307649363,17.80098492711286,22.32885204918918,57.97602586650763,Amber,,-4.036988510093622
618727,6L Greenfield Varanasi-Ranchi-Kolkata Highway from junction with Bhabhua-Adhaura road in Bhairopur village to Konki village From KM. 54.000 to KM. 90.000Pkg-3,NHAI,Ministry of Road Transport & Highways,Roads & Highways,Bihar,1576.94,1711.44,26.31,2026-07,0.5395985539818047,4.975713811725692,0.6196845312986,11.22445061676374,20.01561461728524,57.96415426402024,Amber,,-5.349041409353575
705772,Mughalsarai - Allahabad - 3rd line 150 km,CAO/C/NCR NCR mor,Ministry of Railways,Railways,Uttar Pradesh,2649.0,2649.44,77.0,2026-07,0.6532683582557094,7.617905712247412,0.505992367574851,7.305741924874383,15.653528252481172,57.96303629152801,Amber,,4.679775218075896
706763,Rajkot-Kanalus 111.20 km,CAOCWR WR mor,Ministry of Railways,Railways,Gujarat,1080.58,1205.18,90.0,2026-07,0.980686950478062,9.2427886732816,0.17830363396709753,4.824051122432991,28.771505484858547,57.94952922225798,Amber,,7.713724325051999
618429,Construction & upgradation of existing road to 2-lane with paved shoulder including geometric improvement of sect. from Pedong bypass to Reshi Border km 79.700 to km 96.254 of NH-717A under SARDP-NE-A on EPC as part of Alternate connectivity to Gangtok Lava More-Reshi Border Pkg-VB,NHIDCL,Ministry of Road Transport & Highways,Roads & Highways,West Bengal,345.38,395.59,97.22,2026-07,0.9144088407083178,7.336846683992866,0.2441539444583178,6.477329162609508,30.319704735717433,57.92813925833178,Amber,,-2.7634776692037164
705588,Janghai - Pratapgarh - Amethi 87 km,CAO/C-II/NR NR mor,Ministry of Railways,Railways,Uttar Pradesh,722.0,1528.83,80.0,2026-07,0.624268708303314,7.966797447516349,0.5325561679156283,1.4675596320818205,55.62810000538661,57.84124381094712,Amber,,-7.19549080645379
705764,Nimach-Badi Sadri NL Project 48 km,CAOC/NWR NWR mor,Ministry of Railways,Railways,"Multi-States (Madhya Pradesh, Rajasthan)",495.0,895.67,60.0,2026-07,0.8427616041128017,12.839458481851533,0.31365495507062,7.856536583937359,33.84247394373859,57.82082795917108,Amber,,-24.07604238059575
617409,Railway Manufacturing Unit,RVNL - II,Ministry of Railways,Railways,Telangana,521.36,521.36,91.0,2026-07,0.9788439544333507,11.005831698058639,0.17510299489257858,6.7239220926137975,11.657374443644267,57.69734746629646,Amber,,-0.29788434756026305
618866,"Four Lane Highway from Chandan Nagar Existing Km. 59.025 of NH 530B/Design Km. 179.5000 to Bareilly BypassStartExisting Km. 59.025 of NH 530B/Design Km. 218.000 Section of NH 530B, in the State of Uttar Pradesh on HAM Mode under NH0",NHAI,Ministry of Road Transport & Highways,Roads & Highways,Uttar Pradesh,2077.0,1112.44,34.5,2026-07,0.3534422387078468,0.6645386361150478,0.7999266237139356,16.817894259377272,19.794237868216694,57.66844312108912,Amber,,-2.6906127018133645
618963,Construction work of 4-laning of Shahganj bypass end to Badi Package-IV of NH-146B from design km 102.000 to design km 142.357 Design length 40.357 km,NHAI,Ministry of Road Transport & Highways,Roads & Highways,Madhya Pradesh,784.14,836.64,52.15,2026-07,0.822180061546876,7.234160420524625,0.32969806026212206,2.2058282840203103,14.958096012139134,57.5939060904499,Amber,,-1.5044326044628349
611586,Sunni Dam Hydro Electric Project [382 MW],Satluj Jal Vidyut Nigam [SJVN] Thermal Limited,Ministry of Power,Electricity Generation,Himachal Pradesh,2614.51,4555.49,34.66,2026-07,0.7772450826979038,16.95209559635923,0.37370287771748506,0.915421026834659,30.685941145291547,57.54739802076945,Amber,,4.7951939266971735
618871,4L PS from Near Guddehosur to Start of Kushalnagara Bypass to near Hemmige Village Periyapatna - Hassan Road Jn from Km. 122.200 to Km. 144.900 of NH-275 Pkg. II,NHAI,Ministry of Road Transport & Highways,Roads & Highways,Karnataka,909.86,896.42,14.53,2026-07,0.6570653351114017,4.47309510120392,0.49091110391974474,9.050260131714039,44.7599803423489,57.39882195155732,Amber,,7.089023336978983
618029,Widening to 4 lane from Km. 133.00 to 158.04 design Chainage Km. 130.88 to 155.145 Shirur Cross to Gaddankeri of NH-367 in the State of Karnataka on EPC mode. Job No. NH-367-KNT-2021-22-930,MoRTH,Ministry of Road Transport & Highways,Roads & Highways,Karnataka,350.69,312.06,83.33,2026-07,0.8969894868009264,8.193353642164855,0.2508673910841323,0.0,21.93215218557968,57.392843894252934,Amber,,1.2645889047811778
618239,"Rehabilitation & Upgradation of NH214 New NH-216 from Km 34/230 to Km 84/550 Losari to Machavaram Section to two lane with paved shoulder in the state of Andhrapradesh under NHDP-IV through Engineering, Procurement& Construction EPC mode.",MoRTH,Ministry of Road Transport & Highways,Roads & Highways,Andhra Pradesh,445.22,459.37,98.6,2026-07,0.6740818450691323,16.337730532670328,0.470799982704475,5.214964422476776,12.677283352267947,57.24409138868036,Amber,Rapidly Deteriorating,24.590412886116738
701107,Construction of New Integrated Terminal Building and associated works including apron to park 3 code E type of aircraft or 6 code C type of aircraft at Vijayawada Airport.,Airport Authority of India [AAI],Ministry of Civil Aviation,Aviation & Aviation Infrastructure,Andhra Pradesh,611.8,824.28,89.7,2026-07,0.8592035445682588,5.41726071809331,0.27559206846506856,4.655403551436807,19.594278854369186,56.73978065166636,Amber,,-11.043079156251288
616670,Transmission System for evacuation of Power from Rajasthan REZ Ph-IV [Part-4 3.5 GW] Part A [SPV name POWERGRID Ghiror Transmission Limited],Power Grid Corporation of India Limited [POWERGRID],Ministry of Power,Transmission & Distribution,"Multi-States (Rajasthan, Uttar Pradesh)",5846.0,5846.0,40.71,2026-07,0.9797298966082323,9.991934501212652,0.15350473199587666,0.0,21.05822714880511,56.66173143020545,Amber,,-1.649122582536883
705766,Lalitpur - Birari with flyover at Lalitpur 15.80 km,CAO/C/NCR NCR mor,Ministry of Railways,Railways,Uttar Pradesh,304.44,356.1,85.0,2026-07,0.8689011643095248,6.16549860392451,0.26313795248991706,6.635264986645255,49.154221736543576,56.60195583997209,Amber,,6.8289045324799105
612128,Hostel blocks & dining hall block,"Indian Institute of Technology, Mandi",Department of Higher Education,Education,Himachal Pradesh,166.66,166.66,93.0,2026-07,0.8869837116573288,8.779307145451762,0.24136060158447648,-2.8075328726382747,41.971072683188304,56.41721566209026,Amber,,-0.3764733321521945
618442,"Construction of Balance Work of the 4-Laning of the Section from Jorhat to Jhanji of NH-37 Old from Km 477.000 to Km 490800 13.800 Km, under SARDP- NE under EPC Mode in the state of Assam Pkg-III Road Works",NHIDCL,Ministry of Road Transport & Highways,Roads & Highways,Assam,358.72,358.72,100.0,2026-07,0.49429749115729926,4.246499929245645,0.6332665322616989,-0.0015356830334386992,27.13890021385193,56.378201170949914,Amber,,-15.342681843524694
612894,"Construction of Permanent Campus of Central University of Himachal Pradesh at Dehra, District - Kangra, [H.P.] on Engineering. Procurement and Construction [EPC Mode 1] Basis.","Central University, Himachal Pradesh",Department of Higher Education,Education,Himachal Pradesh,251.98,300.45,86.0,2026-07,0.883434171625417,8.624064528625013,0.24378571555129797,1.7878917306925928,11.0945459114137,56.36099435883575,Amber,,1.2762181390526948
619150,BRT Tiger Reserve Boundary Km.287.500 to Bangalore Section Km.458.420 of NH- 209 in Karnataka,NHAI,Ministry of Road Transport & Highways,Roads & Highways,Karnataka,2082.69,2859.93,99.7,2026-07,0.8142081447488282,18.824814639334555,0.3128557973032482,5.769740271475913,44.264597929051625,56.35319710260382,Amber,,3.9011992867864365
400087,Redevelopment of Sobhasan Complex,Oil and Natural Gas Corporation Limited [ONGC],Ministry of Petroleum & Natural Gas,Oil & Gas,Gujarat,885.63,1347.61,95.6,2026-07,0.7196676015808539,3.355200682743425,0.3991501386214016,5.869965518130729,28.39629130027484,55.940887010112775,Amber,,8.25117023692215
618234,Construction of a new 4-lane major bridge across river Kosi at Phulaut including Rehabilitation and upgradation of existing Birpur and Bihpur section of NH-106 from km 106.000 to km 136.000 to 2-lane with paved shoulders in the State of Bihar on EPC mode,MoRTH,Ministry of Road Transport & Highways,Roads & Highways,Bihar,1478.4,1478.4,98.6,2026-07,0.9309511598218502,8.488615413238302,0.18709143698808123,0.0,4.3613206620134015,55.90212984049657,Amber,,-3.338472368906764
617372,Pradhankhunta Jn-Patherdih Bazar-Bhojudih 17.1 km Umbrella work PB57/2019- 20/NR,CAO/Con/South/MHX ECR mor,Ministry of Railways,Railways,Jharkhand,349.22,349.22,60.0,2026-07,0.9783959588214659,13.860834944908593,0.13784628313813027,4.010855909916933,18.05722456817738,55.812112097979806,Amber,,
611930,Lara Super Thermal Power Project Stage-II [2 x 800 MW],National Thermal Power Corporation [NTPC],Ministry of Power,Electricity Generation,Chhattisgarh,15530.0,16106.0,33.5,2026-07,0.9286794832373083,1.80666243156838,0.18498515092784606,-0.2833631999803033,11.058374292758948,55.68323170825772,Amber,,-1.3814475591304642
616600,Interception and Diversion and STP works in Bhagalpur under Hybrid annuity based PPP mode-Namami Gange Programme,National Mission for Clean Ganga,"Department of Water Resources, River Development & GR",Waste & Water,Bihar,413.29,413.29,97.0,2026-07,0.936149221973456,6.070403534029802,0.17734400227943534,17.292526469321437,75.84965263328232,55.67466121264456,Amber,,0.0
709838,Commercial Polymer Flooding Project in Bechraji field,Oil and Natural Gas Corporation Limited [ONGC],Ministry of Petroleum & Natural Gas,Oil & Gas,Gujarat,621.4,739.02,50.0,2026-07,0.8375362232806736,5.285590525276099,0.27563544757243374,5.745309312067096,25.63003028510401,55.65858354265536,Amber,,0.6281327681525752
618769,Walajahpet/Ranipet to TN/AP Border Section of from Km.106.800 to Km.133.36 NH-4,NHAI,Ministry of Road Transport & Highways,Roads & Highways,"Multi-States (Andhra Pradesh, Tamil Nadu)",1338.14,1214.7,15.58,2026-07,0.5651750588691357,4.485173313308207,0.5479527877903274,2.562239743002717,12.015989693745462,55.65639233297315,Amber,,1.1670675672501005
701167,AIIMS Kashmir at Awantipora Jammu & Kashmir,PMSSY AND Institute of NATIONAL Importance,Ministry of Health & Family Welfare,Healthcare,Jammu and Kashmir,1828.0,2570.19,79.0,2026-07,0.9131247983244248,9.574775889108333,0.19965121860656626,2.976731915646987,21.549715068063062,55.63880084654955,Amber,,-3.8050480856135493
618549,Construction of twin tube tunnels on Jammu Kashmir Ring Road NH-244A Between Design Ch. 50600 to 51700 and design Ch. 53535 to 55700 on EPC mode under residual NHDP component of Bharatmala Pariyojna,NHAI,Ministry of Road Transport & Highways,Roads & Highways,Jammu and Kashmir,242.65,731.59,83.87,2026-07,0.9032929804362113,10.731377052129858,0.20841069029365383,-0.5597063175839236,53.90104470452722,55.585183536493254,Amber,,-0.20155180661459582
618431,Construction of alternative highway to Gangtok in Sikkim via Bagrakot -Chuikhim- Nimbong -Kafer-Bakhim-Algarah-Rhenock in the State of West Bengal and from Rhenok-Rorathang-Pakyong along with spur from Aritar-Rolep-Menla in the State of Sikkim from Km 13.00 to Km 25.60 of Bagrakot -Kafer section of NH 717A on EPC Mode under Phase-A of SARDP-NE in the State of West Bengal PKG- IVB,NHIDCL,Ministry of Road Transport & Highways,Roads & Highways,West Bengal,295.97,295.97,97.73,2026-07,0.8808126278401448,9.332506881154762,0.22801279220707418,0.0,27.814342656342863,55.44127100236095,Amber,,7.522136612977491
619139,Construction of New Double Tier 4L Elevated Corridor from Chennai Port to Maduravoyal in Chennai District from km -0.342 to Km 20.593 and Package III from Km 9.700 to Km 14.185,NHAI,Ministry of Road Transport & Highways,Roads & Highways,Tamil Nadu,1299.36,1299.36,17.24,2026-07,0.5033301312908287,1.9035577109069413,0.6030344545122311,13.00806393103427,16.33126740694661,55.318229290153,Amber,,-2.0660587399657118
709841,Old Pipe Line Replacement [OPRP] Group-A,Oil and Natural Gas Corporation Limited [ONGC],Ministry of Petroleum & Natural Gas,Oil & Gas,Gujarat,173.03,169.84,94.6,2026-07,0.8640023621707709,9.580902717558727,0.24212447414687222,1.7796715512994978,99.17601887808121,55.306341815882156,Amber,,0.26559635370623624
706759,Rampur Dumra-Tal-Rajendrapul - Addl bridge and doubling 14 km,CGM/CIVIL ECR mor,Ministry of Railways,Railways,Bihar,2373.64,2535.13,95.0,2026-07,0.8540807234936579,12.510992585919148,0.25158906361104677,9.768758759384863,61.91161872263422,55.28348935523524,Amber,,-27.69916991610743
701574,Deepening and Optimization of Inner Harbour facilities including development of Western Dock on BOT basis to handle Cape size vessels,Paradip Port Trust [PPT],"Ministry of Ports, Shipping and Waterways",Shipping,Odisha,3004.63,3004.63,76.0,2026-07,0.4642091761901195,4.49911868414799,0.640985494061687,4.386804637399809,28.066183638427717,55.25973351259032,Amber,,5.930143778564954
705244,Coach Production Factory Upgradation Project,CPM/ICF,Ministry of Railways,Railways,Tamil Nadu,520.0,520.0,0.0,2026-07,0.8436029643530218,49.285382580004544,0.2599756247486571,13.52349362487045,53.37899887486743,55.178929455083946,Amber,Stalled and Overdue,0.0
702674,"ESR - 8 nos., distribution system - 216 Km, new house service connections - 38760 nos. upgrading of feeder mains, pumping station etc. - Phase II",Ministry of Housing & Urban Affairs,Ministry of Housing & Urban Affairs,Waste & Water,Andhra Pradesh,172.22,172.22,82.0,2026-07,0.860635215921394,6.679924960198451,0.24245543088637295,1.186330975504189,42.20707276107427,55.15453234038835,Amber,,0.0
618705,"4L Godibandha to Ballhar Chhak, Ballhar Chhak to Banarpal & Banarpal to Start of Angul bypass at Km.314.130 to Km.321.035 of NH53, at Km.75.200 to Km.84.000 of NH149 & at Km.84.000 to Km.86.100 of NH55",NHAI,Ministry of Road Transport & Highways,Roads & Highways,Odisha,973.12,973.12,5.4,2026-07,0.2693110197134834,2.9703074514360006,0.8332731341153122,3.0321488160691383,18.755424058221198,55.12920769143979,Amber,,-8.983936764797917
618013,4-laning of Puttaparthi-Koduru Section of NH-342,MoRTH,Ministry of Road Transport & Highways,Roads & Highways,Andhra Pradesh,1318.59,909.19,90.19,2026-07,0.6370633299127914,7.585579206965724,0.46398153960004185,-0.008573617645533558,3.130472779053875,55.05224347564166,Amber,,-5.65918970886743
400169,Redevelopment of Linch Field,Oil and Natural Gas Corporation Limited [ONGC],Ministry of Petroleum & Natural Gas,Oil & Gas,Gujarat,631.03,845.42,93.7,2026-07,0.8568212597755108,7.303775749056533,0.2408082070413064,4.103220859122092,21.528738275207246,54.881473340840856,Amber,,-1.1080998275709675
618958,2L with ES of Yagyi - Kalewa section from Milepost 40/0 to Milepost 115/5 in Myanmar,NHAI,Ministry of Road Transport & Highways,Roads & Highways,Assam,1200.14,1200.14,52.0,2026-07,0.32170384827105947,2.242322830689413,0.7750439682294383,8.09267347596122,28.456220312313175,54.83739082502489,Amber,,1.41213836124804
706988,Establishment of new GMC Gondia,"Medical Education, Ministry of Health and Family Welfare",Ministry of Health & Family Welfare,Healthcare,Maharashtra,189.0,189.0,40.14,2026-07,0.9246090429008026,41.86902435846613,0.1704494443778382,28.97917370815488,87.69209982632503,54.752924363932046,Amber,Stalled and Overdue,-6.837273207945401
616950,PRP-VIII [Group-A],Oil and Natural Gas Corporation Limited [ONGC],Ministry of Petroleum & Natural Gas,Oil & Gas,Offshore,1589.4,1486.4,60.2,2026-07,0.7801814057954121,11.016576267336408,0.3147764943060517,4.756350825774593,55.10317370076996,54.74789500507319,Amber,,3.122055362212194
619294,Road Safety Improvement of existing four lane section of Dehradun-Lal Tappar-Nepali Farm Section of NH-7 and Nepali Farm-Motichur NH-34 on EPC Mode in Uttarakhand under NHO.,NHAI,Ministry of Road Transport & Highways,Roads & Highways,Uttarakhand,720.67,388.19,5.13,2026-07,0.12409258903372858,4.24951747131187,0.970828725158424,21.46876912365672,35.705274568045574,54.74606570960763,Amber,,0.457848348882095
618163,"Rehabilitation and Up-gradation from km. 0000 to km.40390 of NH-730S MaharajganjNichloulThuthibari to two lane with paved shoulders in the State of U.P. on Engineering, Procurement & Construction EPC Basis.",MoRTH,Ministry of Road Transport & Highways,Roads & Highways,Uttar Pradesh,809.25,603.19,59.5,2026-07,0.869350689149541,6.449404107568435,0.22303656610905004,-0.0022262249296718,4.46734936533343,54.61936276292955,Amber,,-2.497448225712617
400261,Patratu Thermal Power Station Expansion Project Phase-I [3x800 MW],National Thermal Power Corporation [NTPC],Ministry of Power,Electricity Generation,Jharkhand,18668.0,20302.0,92.0,2026-07,0.9952063554469784,9.553162272982156,0.09670551800781481,8.927900630120524,26.753216207207625,54.59559367273966,Amber,,-0.49792117886102005
400416,Shivpur-Kathautia New Rail [BG] Line [49 km] [Package II of Tori-Shivpur-Kathautia line],Ministry of Coal,Ministry of Coal,Railways,Jharkhand,1799.64,2564.34,72.0,2026-07,0.8414173185354267,14.270047844122438,0.24979729505674428,6.8114352155192694,18.2641396012707,54.56073067960855,Amber,,6.104460685967034
618653,Loha-Waranga Section of NH-361 from km 187.800 to km 244.369,NHAI,Ministry of Road Transport & Highways,Roads & Highways,Maharashtra,1236.08,3466.58,96.22,2026-07,0.576746035195626,4.369115746437869,0.5135677997419783,1.4435749474644497,54.042816610509746,54.515691746880215,Amber,Rapidly Deteriorating,15.275412978317704
616605,Pollution Abatement Works for River Kali Meerut under Meerut Municipality Interception & Diversion with STP,National Mission for Clean Ganga,"Department of Water Resources, River Development & GR",Waste & Water,Uttar Pradesh,690.71,690.71,57.0,2026-07,0.9701759772033945,9.437331893427023,0.1193491934391145,6.31929759040407,18.338142932455103,54.476258532125456,Amber,,0.0
705617,Rajnandgaon-Nagpur - 3rd line 228 km,CAOC/SECR SECR mor,Ministry of Railways,Railways,"Multi-States (Chhattisgarh, Maharashtra)",3545.0,3544.92,95.0,2026-07,0.7923061162728072,9.691404431774293,0.2969195592384546,7.523658266765764,45.59220701817466,54.461283775563096,Amber,,4.1180534001088915
602185,Tapovan-Vishnugad HEP [4x130 MW],National Thermal Power Corporation [NTPC],Ministry of Power,Electricity Generation,Uttarakhand,2978.0,10907.3,76.07,2026-07,0.8742859564757176,0.25994066307559127,0.21287092595141682,41.55606365702053,110.88728399116154,54.35784412135673,Amber,,-3.7702028024424763
705479,Wadsa-Gadchiroli 49.5 km,CAOC/SECR SECR mor,Ministry of Railways,Railways,Maharashtra,1886.0,1880.61,69.0,2026-07,0.6564182824465458,5.20175260209217,0.4298233024524355,27.90670074060641,27.91239958451417,54.31207924494906,Amber,Rapidly Deteriorating,22.22585983787473
701171,AIIMS Bibinagar,PMSSY AND Institute of NATIONAL Importance,Ministry of Health & Family Welfare,Healthcare,Telangana,1028.0,1365.95,87.58,2026-07,0.934861044727367,9.397453261351101,0.1504187809029223,4.443600505632438,15.114109171429137,54.263991281514464,Amber,,2.0047125818430374
612789,"Development of additional RESA on either end on Runway 10-28 at Calicut Airport. Construction of embankment with slope protection, drainage system and associated works for additional RESA on either end on Runway 10-28",Airport Authority of India [AAI],Ministry of Civil Aviation,Aviation & Aviation Infrastructure,Kerala,484.57,484.57,65.8,2026-07,0.9053232597393029,7.158206561476568,0.17958782391457107,0.0,39.289595815391074,54.2455541826937,Amber,,1.649483292769176
616858,"Construction of Field Gas Gathering Station at Baghjan area for collection, processing & transportation of natural Gas to be produced from Baghjan Field",Oil India Limited,Ministry of Petroleum & Natural Gas,Oil & Gas,Assam,430.76,430.76,95.9,2026-07,0.5985242594906303,5.351859946740602,0.48502944627669003,0.947771329230267,41.1625828606389,54.17768528836602,Amber,,-5.726243748633024
705510,Bhadrak-Nergundi - 3rd line 80 km,CAO/C/ECOR ECoR mor,Ministry of Railways,Railways,Odisha,1284.0,1600.0,87.0,2026-07,0.8025974174024205,9.4976148268408,0.27960323678883625,13.46670276791465,42.47417483831024,54.11003270956284,Amber,,-8.925141330660146
617968,Construction & Widening Including Augustmuni Bypass Ch-16.545 to Ch - 19.890 to 2L/PS from Km 16.545-Km 33.130 & 45.980 -57.975 Augustmuni to Kund & Guptkashi to Sitapur on NH 109 in UK,MoRTH,Ministry of Road Transport & Highways,Roads & Highways,Uttarakhand,418.89,418.89,95.0,2026-07,0.9592021658886941,18.457149345950185,0.12263804008869067,0.007648288840271631,6.637593436102611,54.09201029886924,Amber,,3.1050701054596246
612883,Establishment of Permanent Campus of NIT SIkkim at Khamdong-Gangtok District,NIT Sikkim,Department of Higher Education,Education,Sikkim,685.76,610.76,38.0,2026-07,0.8241622606763354,6.6211180279750526,0.2570923225380714,1.4420154628969226,17.640573057780045,54.06272916072034,Amber,,-3.543835041024302
618094,Pen to Khopoli 2LPS,MoRTH,Ministry of Road Transport & Highways,Roads & Highways,Maharashtra,369.39,369.39,86.3,2026-07,0.7552209125015727,6.971496819544064,0.32603245867410086,0.0,7.386994290601577,54.06266855878368,Amber,,0.09208123548665981
618344,Widening to 2-lane with Hard shoulder of Churachandpur to Tuivai Section of NH- 102B from Design Chainage 69.875 Km to 121.769 Km in the State of Manipur on EPC mode Package-3,NHIDCL,Ministry of Road Transport & Highways,Roads & Highways,Manipur,673.27,673.27,85.84,2026-07,0.9343367315703276,7.131269715725428,0.14648766871254026,0.0,13.455769245350522,54.0412200141434,Amber,,-1.6620475203248404
602099,Establishment of Permanent campus Phase 1 of IIM Sirmaur,"Indian Institute of Management, Sirmaur",Department of Higher Education,Education,Himachal Pradesh,392.51,454.78,98.6,2026-07,0.9183366283924194,6.651536465931778,0.1623435508123398,-4.256774530055162,9.747617622794461,54.034008960237955,Amber,,0.6881356090122068
701599,Mobile connectivity in Left Wing Extremism [LWE] affected areas-Phase2,Department of Telecommunications [DoT],Department of Telecommunications,Telecommunication,"Multi-States (Andhra Pradesh, Bihar, Chhattisgarh, Jharkhand, Madhya Pradesh, Maharashtra, Odisha, Telangana, Uttar Pradesh, West Bengal)",1577.57,604.6,89.98,2026-07,0.9852437870770372,9.234170318592737,0.09423709891554212,8.144787386923682,13.019037860670439,53.974044299628964,Amber,,0.7137798869238168
706989,Establishment of new GMC West Garo Hills [Tura],"Medical Education, Ministry of Health and Family Welfare",Ministry of Health & Family Welfare,Healthcare,Meghalaya,189.0,189.0,0.0,2026-07,0.9519953337424526,47.9095533662363,0.12629714432188505,35.52899407072446,91.4237562996292,53.914623903216885,Amber,Stalled and Overdue,-0.30780006691537665
400167,Redevelopment of Santhal Field [Onshore-Mehsana Asset],Oil and Natural Gas Corporation Limited [ONGC],Ministry of Petroleum & Natural Gas,Oil & Gas,Gujarat,1162.56,1162.56,96.8,2026-07,0.8162408195262499,7.266110623001039,0.26163069705903713,1.1862557170754138,31.405283557103854,53.89357582926435,Amber,,-0.1514305149661439
618675,Development of 6L of Basanwahi Marangpuri Section from km 99.500 to km 124.661 of NH-130-CD,NHAI,Ministry of Road Transport & Highways,Roads & Highways,Chhattisgarh,1307.16,1303.63,70.73,2026-07,0.9229863250927339,6.536317598723168,0.15347826531430905,3.60879863452383,13.1348698509934,53.82322952035214,Amber,,2.7899613205843536
619051,"Nabinagar Super Thermal Power Project, Stage-II [3x800 MW]",National Thermal Power Corporation [NTPC],Ministry of Power,Electricity Generation,Bihar,29948.0,29948.0,15.0,2026-07,0.9071743746813705,5.490612787749219,0.16911528286457897,0.5247096141817972,1.1782592544407073,53.81448287729748,Amber,,-1.5811019494426972
618415,"Improvement of existing road to 2 laning with Hard Shoulders of Maram-Peren section Package-1B, length- 17.660 km from Design Chainage 22.340 km to 40.000 km on NH-129A in the State of Manipur on EPC mode",NHIDCL,Ministry of Road Transport & Highways,Roads & Highways,Manipur,188.36,188.36,100.0,2026-07,0.9271517636564465,6.579615373696293,0.14714808462018633,-0.0015356830334386992,62.557580558525885,53.71499241383164,Amber,,0.0
618397,Widening and Up-gradation to 2-Lane with Paved Shoulder of configuration and geometric improvement from Km 0.000 to Km 16.990 on Chenani Sudhmahadev section of NH-244 in UT of Jammu and Kashmir to be executed on EPC basis,NHIDCL,Ministry of Road Transport & Highways,Roads & Highways,Jammu and Kashmir,255.9,255.9,94.06,2026-07,0.7188009441557216,-7.222448031233489,0.3547186695748244,0.0,7.74081747132901,53.6759806865273,Amber,,-11.860379161795343
618551,Greenfield connectivity from Govindsar village on Delhi Amritsar Katra Expressway to Talwara village on NH-44 Pathankot by-pass,NHAI,Ministry of Road Transport & Highways,Roads & Highways,Punjab,666.81,690.47,29.01,2026-07,0.6189181727814502,3.671135810753199,0.4539287606634647,15.68028127802679,37.666853708374425,53.64234667224574,Amber,,-1.5140664422957073
618520,4L of km 0.00 to km 42.00 of Dobbaspet to Doddaballapura Bypass section of NH-648 old NH-207] [Bangalore Ring Road Pkg 1],NHAI,Ministry of Road Transport & Highways,Roads & Highways,Karnataka,1438.74,1786.57,99.2,2026-07,0.4758687446206648,3.410546762192938,0.5961183541459659,12.75611179616165,42.45753288161251,53.59935493833154,Amber,,-3.462566484784297
705394,Teteliya-Byrnihat 21.5 km,CAO/C-II/NFR NFR mor,Ministry of Railways,Railways,"Multi-States (Assam, Meghalaya)",1304.62,1432.14,87.0,2026-07,0.8710273042844727,6.956458472272366,0.19976570508890307,29.66703743480548,78.4397581484369,53.53965046866879,Amber,,-9.702268751358552
701597,Provision of 4G Mobile Services in Uncovered Villages of Arunachal Pradesh and 2 Districts of Assam,Department of Telecommunications,Department of Telecommunications,Telecommunication,"Multi-States (Arunachal Pradesh, Assam)",1255.49,276.62,99.84,2026-07,0.973214236025969,18.811162088350446,0.09642308315470646,8.713618992654908,29.929158087048698,53.48186595903377,Amber,,0.0
705668,Kharagpur-Adityapur - 3rd line 132 km,CMD / RVNL RVNL mor,Ministry of Railways,Railways,"Multi-States (Jharkhand, West Bengal)",3250.0,3450.0,98.0,2026-07,0.9305942012880927,1.837506127964818,0.13642629299901624,9.964005068377771,41.828262575093916,53.35102471435545,Amber,,1.1808999920284649
617256,Rebuilding of Coke Oven Battery No.7 & 8 at Bhilai Steel Plant,Steel Authority of India Limited [SAIL],Ministry of Steel,Steel,Chhattisgarh,884.1,884.1,94.73,2026-07,0.982428686271444,12.229894146134704,0.08408582166680888,3.386695848928577,11.358123815147938,53.32572539691264,Amber,,-0.7455492467119811
705401,Murkongselek-Pasighat 26.15 km,CAO/C-II/NFR NFR mor,Ministry of Railways,Railways,"Multi-States (Arunachal Pradesh, Assam)",435.0,1334.45,67.0,2026-07,0.9595442850763202,12.733842665703555,0.10665497536832827,3.5845087303997096,79.01749885204909,53.309963022232424,Amber,,-2.9277695774856696
605292,"Construction of Permanent Campus of Indian Institute of Management [IIM] Amritsar, Punjab, Phase-I","Indian intitue of Management, Amritsar",Department of Higher Education,Education,Punjab,348.31,386.86,91.7,2026-07,0.9310544144420498,0.3927513257108189,0.13378267685844755,1.9955882429153031,19.749428742460783,53.24185456502487,Amber,,-6.282553874587947
602792,Gauge Conversion of Kendri-Dhamtari including Abhanpur - Rajim Branch line 67.20 Kms - 2nd Material Modification to Raipur Titlagarh doubling.,SECR,Ministry of Railways,Railways,Chhattisgarh,1171.0,1171.0,100.0,2026-07,0.9920403794398734,6.006857871258293,0.07252108368101294,6.689908511172788,25.223546746306653,53.22807315604432,Amber,,0.31276218374658526
609736,"Construction of Sikkim University Campus Phase-I Package-II at Yangang, South Sikkim",Sikkim University,Department of Higher Education,Education,Sikkim,314.06,340.55,96.5,2026-07,0.8874469718843258,7.607841402392147,0.17711310337181696,0.1694058008581158,16.067180472740265,53.22800376280714,Amber,,0.26099876168357383
705761,Shimoga-Shikaripura-Ranebennur 103 km umbrella work PB23/2018-19/NR,CAOC/SWR SWR mor,Ministry of Railways,Railways,Karnataka,1454.0,455.86,14.0,2026-07,0.16039467787458805,18.21072448329158,0.9036065491887499,36.547152049659104,27.447971675912733,53.2000613531669,Amber,Rapidly Deteriorating,30.309773702978507
612851,"Phase 1B - Construction of Academic Block, Hostel, Residential Tower, Directors Residence and External Development works at National Institute of Technology, Delhi Campus on Engineering, Procurement and Construction basis",National Institute of Technology Delhi,Department of Higher Education,Education,Delhi,333.49,336.42,100.0,2026-07,0.9673246998187673,2.505915759313782,0.09525599450184766,-0.2016466360951759,19.842134157829218,53.12903471603075,Amber,,0.5498732320763793
617242,Installation of New Bar Mill at Durgapur Steel Plant,Steel Authority of India Limited [SAIL],Ministry of Steel,Steel,West Bengal,2115.44,2115.44,67.5,2026-07,0.7810525449688014,13.628772289705823,0.2810424270240278,5.447067524828032,7.700456321386883,53.10474859964146,Amber,,8.128326947535058
709845,"Revamping of SV Stations, Gas Terminal & Kribhco Terminal",Oil and Natural Gas Corporation Limited [ONGC],Ministry of Petroleum & Natural Gas,Oil & Gas,Gujarat,837.34,1119.86,70.9,2026-07,0.9095376983320956,10.053895867587496,0.15223940543928371,1.3068204012958007,27.5259630929704,53.088855188568964,Amber,,-6.810828878913519
702746,Augmentation and Strenghthning of Urban Water Supply Phase 1 - SAAP 3,Ministry of Housing & Urban Affairs,Ministry of Housing & Urban Affairs,Waste & Water,Jharkhand,278.28,278.28,81.0,2026-07,0.9583724857187489,10.651121402488192,0.10309922602873249,6.581896083106798,32.36468325313126,53.07358558737407,Amber,,0.0
706811,NMDC Slurry Pipeline Project Phase-1,National Mineral Development Corporation Limited [NMDC],Ministry of Steel,Steel,Chhattisgarh,2907.0,5427.0,95.8,2026-07,0.9784090849235344,9.290196146565291,0.08101314045084447,38.44629263055241,60.15557888453196,52.97111126871894,Amber,,1.0680725815172778
618398,Up-gradation to 2-lane with Paved Shoulder from Km 20.300 to Km 29.030 of 8.730 Km length on Goha-Khellani section on NH-244 in UT of Jammu and Kashmir on EPC Mode Package II,NHIDCL,Ministry of Road Transport & Highways,Roads & Highways,Jammu and Kashmir,210.79,210.79,96.95,2026-07,0.8404354425569185,3.1250680193483324,0.2188678955992479,-0.0015356830334386992,26.336629856609154,52.965166907808324,Amber,,1.3945775947897943
701349,Paradip-Numaligarh Crude Oil Pipeline [PNCPL] & Crude Oil Import Terminal [COIT] at Paradip,Numaligarh Refinery Limited,Ministry of Petroleum & Natural Gas,Energy Storage,West Bengal,10228.0,12407.0,93.2,2026-07,0.8582242145280496,8.825217448616318,0.200872381567976,4.608857987854617,12.955129824461148,52.954829804801285,Amber,,-12.422053277417525
618363,Construction of 2-laning with hard shoulder configuration of Chhumkhum to Tlabung from Design Chainage Km 37.420 to Km 74.950 of NH-302 in Mizoram under Bharatmala Pariyojana on EPC mode [Pkg-B],NHIDCL,Ministry of Road Transport & Highways,Roads & Highways,Mizoram,740.58,740.58,61.34,2026-07,0.8276679204872909,4.035757660117027,0.23077002759061918,-0.03205149814281735,6.9224248468563685,52.9218974038955,Amber,,-2.7536404981179032
400273,"Tarakeswar-Bishnupur with extension upto Dhaniakhali, Arambagh-Irphala, Irphala- Ghatal 11.2 km, Arambagh-Champadanga 23.3 km & Bishnupur-Uparsol 31.8 km and new material modification for Mynapur-Kamarpukur via Birsha 19 km",CAOC/ER ER mor,Ministry of Railways,Railways,West Bengal,1189.0,1878.82,75.0,2026-07,0.4913517520731463,26.324194695457646,0.5660486832436337,47.315537693107494,39.379443814022395,52.87002176583899,Amber,,-38.299691458226114
617183,Transmission system strengthening at Kurnool- III PS for integration of additional RE generation projects [POWERGRID Kurnool III PS RE Transmission Limited],Power Grid Corporation of India Limited [POWERGRID],Ministry of Power,Transmission & Distribution,Andhra Pradesh,2886.0,2886.0,43.89,2026-07,0.89461628313384,4.230923629844778,0.16180799531290024,-0.0009543854510506864,17.160173459522362,52.82121392233701,Amber,,5.624313884598202
618227,Development to 4/6-lanning of NH-31 New NH-10 with both side service roads from km 569.258 to km 581.030 end of AH-02 project on NH- 31 near Shivmandir to Sevoke Army Cantonment in districts of Darjeeling and Jalpaiguri in the state of West Bengal on EPC Mode Job No. 010/WB/2021-22/490,MoRTH,Ministry of Road Transport & Highways,Roads & Highways,West Bengal,995.04,1059.2,74.98,2026-07,0.911667143116926,9.644910374629166,0.14460275282467863,2.4961661395775288,7.561962133089879,52.81349479708023,Amber,,-7.937959244886947
617182,Augmentation of Banaskantha [Raghanesda] PS [GIS] [POWERGRID Banaskantha Transco Limited],Power Grid Corporation of India Limited [POWERGRID],Ministry of Power,Transmission & Distribution,Gujarat,172.0,172.0,42.0,2026-07,0.8651695752557503,8.351232440698666,0.19055511806660275,0.0,42.60879868962404,52.78623466611765,Amber,,4.440588771413665
701101,"Construction of New Domestic Terminal Building [Phase-I and II] and other allied structures at JPNI Airport, Patna",Airport Authority of India [AAI],Ministry of Civil Aviation,Aviation & Aviation Infrastructure,Bihar,1216.9,1216.9,99.26,2026-07,0.9280279990845536,9.585546480587077,0.12613890947221185,0.0,41.2736952055352,52.70834542783827,Amber,,-0.9553224797959672
617216,South Central Railway- 3rd line between Gudur-Renigunta stations 83.17 km PB34/CR/2023-24,CAO/C/SCoR SCoR mor,Ministry of Railways,Railways,Andhra Pradesh,877.34,877.34,0.0,2026-07,0.7340473717603637,8.801812247705042,0.31919829369801384,5.110380925465592,20.765038008963526,52.66228327291888,Amber,,7.822938759973518
612259,CONSTRUCTION OF 300 BEDDED HOSPITAL AT HARIDWAR,Employee's State Insurance Company [ESIC],Ministry of Labour and Employment,Healthcare,Uttarakhand,102.4,297.63,90.5,2026-07,0.9379716928377622,9.642563217483014,0.11524612923708258,12.550299668613633,116.0987405552508,52.66089110374224,Amber,,-2.84601937148836
705432,Sivok-Rangpo New Rail Line,Indian Railway Construction International Limited [IRCON],Ministry of Railways,Railways,"Multi-States (Sikkim, West Bengal)",7877.0,11775.05,80.0,2026-07,0.3715135868775845,4.5847257864314415,0.6804672791897198,6.501534979725897,80.06505042536314,52.59904330336522,Amber,,7.563921128402768
709859,SETTING UP OF PHYSICAL INFRASTRUCTURE FOR THE NATIONAL INSTITUTE OF COMMUNICATION FINANCE [NICF] AT GHITORNI,National Communication Academy - Finance [Erstwhile NICF],Department of Telecommunications,Telecommunication,Delhi,248.2,248.2,98.0,2026-07,0.9808332534216669,13.398646180023865,0.0706306828585643,6.090410256503943,43.24067485985374,52.57319681401156,Amber,,0.08869437708024464
616611,Sewage Treatment Plant 100MLD and Sewerage Network 288 km in Digha-Patna under Hybrid annuity based PPP mode-Namami Gange Programme,National Mission for Clean Ganga,"Department of Water Resources, River Development & GR",Waste & Water,Bihar,824.0,824.0,59.0,2026-07,0.8888781885407987,10.157877196868448,0.16195426249629064,14.23975838238424,58.87458244197898,52.54162255185446,Amber,,0.7838627822198561
619186,Construction of Balance works of Major Bridge over Middle Strait Creek between Km.106.590 to km108.553 of NH-04 connecting South Andaman & Baratang Island in the Union Territory of Andaman & Nicobar Islands on EPC basis,NHIDCL,Ministry of Road Transport & Highways,Roads & Highways,Andaman & Nicobar,262.96,371.88,12.98,2026-07,0.911572570375508,8.838033645346519,0.13790127155538467,5.764762505219131,24.26214796262757,52.47369209654463,Amber,Stalled and Overdue,5.326403156273514
618388,Construction of 2-laning with Hard shoulder road of Ukhrul - Tolloi - Tadubi section of NH-102A from Design Chainage 50.850 km to 81.870 km in the State of Manipur on EPC mode under NHO-TSP Package -3,NHIDCL,Ministry of Road Transport & Highways,Roads & Highways,Manipur,315.56,315.56,94.5,2026-07,0.9805950176397741,9.588777506614004,0.0672080235018737,0.0,19.67651044287012,52.39015205708238,Amber,,-1.3206315612599013
618482,Delhi-Amritsar-Katra Expressway Phase-I Pkg-I from Jussur Kheri on NH-KMP Expressway to Junction with Rohtak-Panipat road NH-709 near Rukhi Paani village Km 0000 to Km 34000,NHAI,Ministry of Road Transport & Highways,Roads & Highways,Haryana,1866.49,2429.9,99.91,2026-07,0.6188436196552579,0.1318352488842837,0.42870213930236284,11.100175446070477,25.52691732329555,52.37728794788104,Amber,,3.249721117062677
705385,Pirpainti - Jasidih 97 km,CAOC/ER ER mor,Ministry of Railways,Railways,"Multi-States (Bihar, Jharkhand)",2555.0,2700.43,40.0,2026-07,0.6900785579164734,4.515275821896605,0.35737919787793493,9.564986383129133,94.44686986199018,52.37288778972042,Amber,,-0.12256534938711638
617932,Construction of New Four Lane Bypass to Parbhani City Parwa to Asola Km 463/265 to Km 481/180 Design Ch. 19220 to Ch. 34434 Length-15.214 Km section of NH-61 on EPC mode in the State of Maharashtra.,MoRTH,Ministry of Road Transport & Highways,Roads & Highways,Maharashtra,496.64,496.64,70.14,2026-07,0.8473813270086702,8.822601361743162,0.19852988341429664,-0.0015356830334386992,6.1533262659676655,52.295560521148346,Amber,,8.820696987801583
615337,Additional Transmission System for evacuation of Power from Bhadla-III PS as part of Rajasthan REZ Phase III Scheme [20 GW] [SPV Name POWERGRID Bhadla-III Power Transmission Limited],Power Grid Corporation of India Limited [POWERGRID],Ministry of Power,Transmission & Distribution,Rajasthan,369.0,369.0,87.1,2026-07,0.9867309884632739,8.998689127406864,0.059013420394870564,0.0,23.113355208436865,52.28722044290722,Amber,,-1.454555365767952
618394,Up-gradation to 2-lane with Paved Shoulder from Km 12.850 to Km20.300 of 7.450Km length on Goha-Khellani section and a link road to Goha village of 2.016 km on NH- 244 in UT of Jammu and Kashmir on EPC Mode Pkg-1,NHIDCL,Ministry of Road Transport & Highways,Roads & Highways,Jammu and Kashmir,228.39,225.37,94.26,2026-07,0.89846679553026,4.1003174889811955,0.14684864412836526,-0.0015356830334386992,10.756650150874025,52.26577198293126,Amber,,1.7366584743567088
706775,BharatNet,Department of Telecommunications [DoT],Department of Telecommunications,Telecommunication,PAN India,61109.0,12709.0,99.98,2026-07,0.9968146592837082,58.51329490583177,0.04766642092789769,12.559962610493653,72.7986382043865,52.22405401058029,Amber,,6.187245823252525
618226,Rehabilitation and upgradation to 2 lane with paved shoulder from existing chainage Km 30.053 to Km 49.150 design chainage Km 30.000 to Km 46.450 including Kandi Tunnel under 31 BRTF on Akhnoor-Poonch Road NH-144A Under Project Sampark in the UT of Jammu & Kashmir EPC modePackage-I Job no NH-144A-J&K-2020-21-83.,MoRTH,Ministry of Road Transport & Highways,Roads & Highways,Jammu and Kashmir,272.49,272.49,95.27,2026-07,0.8930996228687461,9.761919399942267,0.150765801407308,0.0,7.223701478016457,52.1932712138027,Amber,,1.7840644234217677
617181,"Augmentation at Fatehgarh-II PS, Fatehgarh-IV PS [Section-II] and Barmer-I PS [POWERGRID Fatehgarh Barmer Augmentation Transmission Limited]",Power Grid Corporation of India Limited [POWERGRID],Ministry of Power,Transmission & Distribution,Rajasthan,404.0,404.0,17.2,2026-07,0.9919242313033051,8.398431098955657,0.050340976307035476,0.0,13.367708616049194,52.113260380517026,Amber,,1.3054316798027656
701602,"Provision of 4G based mobile services in 7,287 uncovered villages of 44 Aspirational District across 5 states of Andhra Pradesh, Chhattisgarh, Jharkhand, Maharashtra & Odisha",Department of Telecommunications [DoT],Department of Telecommunications,Telecommunication,"Multi-States (Andhra Pradesh, Chhattisgarh, Jharkhand, Maharashtra, Odisha)",3685.0,1448.61,81.47,2026-07,0.9820766235864408,9.405477985376566,0.058247837120276494,9.46895776777173,16.543666112475123,52.01622303533586,Amber,,0.6600856053260102
618082,Widening & Upgradation to four lane configuration from Km.34.900 Bhadohi to km.73.134 Jaunpur of NH-135A on EPC mode,MoRTH,Ministry of Road Transport & Highways,Roads & Highways,Uttar Pradesh,395.62,392.03,95.0,2026-07,0.8665430014913785,8.513954711540237,0.17229235799922127,-0.0022262249296718,3.5708536926763097,51.94176797452998,Amber,,-0.47352585455683993
705785,Lodhma-Piska - Link line bypassing Hatia / Ranchi with Y connection 17.2 km,CAO/C/SER SER mor,Ministry of Railways,Railways,Jharkhand,473.0,472.5,14.0,2026-07,0.9503331011993144,16.500110003688324,0.08834427081361036,14.363085737579937,53.883740978896626,51.933868600646235,Amber,Newly At Risk,12.180738366952092
615336,Transmission system for evacuation of Power from REZ in Rajasthan [20 GW] under phase-III Part-D Phase-II,Power Grid Corporation of India Limited [POWERGRID],Ministry of Power,Transmission & Distribution,Delhi,284.0,284.0,45.94,2026-07,0.9691464652523976,12.041908146022585,0.06809242394494593,0.0,26.144652358056582,51.86194445986717,Amber,Stalled and Overdue,-0.2464692909688253
702742,SAAP-3 Water Supply Infrastructure SAAP-3 Project,Ministry of Housing & Urban Affairs,Ministry of Housing & Urban Affairs,Waste & Water,Jharkhand,159.31,159.31,67.0,2026-07,0.9494382273719,13.47284330744783,0.08391564975725427,3.7314175683877484,60.71610093711732,51.66769385645771,Amber,,0.0
400301,Multi Product Pipeline from Irugur to Devangonthi,MinistryofPetroleumNaturalGas,Ministry of Petroleum & Natural Gas,Energy Storage,Tamil Nadu,678.0,1732.0,86.4,2026-07,0.9453557408871918,-3.810276457178139,0.08738742531015854,-0.9691799094607558,43.97005480130823,51.637158309867516,Amber,,8.670508331195059
612167,"Construction of 350 beds + 50 Super Specialty beds ESIC Hospital Sheelanagar, Visakhapatnam, Andhra Pradesh",Employee's State Insurance Company [ESIC],Ministry of Labour and Employment,Healthcare,Andhra Pradesh,384.27,384.27,95.0,2026-07,0.8957488514024283,7.130205333460303,0.13630265816564585,7.296190233964334,12.10143267488541,51.602575478403715,Amber,,-8.138281121921828
400220,Kharsia-Dharamjaygarh with Spur line [East Corridor-Phase 1],Indian Railway Construction International Limited [IRCON],Ministry of Railways,Railways,Chhattisgarh,3055.0,3798.06,95.15,2026-07,0.8261877930339149,-2.028118611614364,0.2053169776545585,9.620259412143835,59.334465195600025,51.575238534423676,Amber,,-0.27700154508188746
618302,Widening/Improvement to 2-lane with earthen shoulder of Yaingangpokpi - Finch corner road section of NH-202 from Km 16.900 to Km 30.970 of NH-202 in the state of Manipur on EPC mode Package-2,NHIDCL,Ministry of Road Transport & Highways,Roads & Highways,Manipur,256.04,256.04,98.12,2026-07,0.8610355747962575,11.578352102372868,0.1697745679612207,0.0,39.10997178152574,51.5405071378739,Amber,,5.0453782115559065
618231,Rehabilitation and Upgradation to 2-lane configuration of Hamirpur-Karnohal Section km 141.00 to 181.00 of NH-70 in the State of Himachal Pradesh under Green National Highways Corridor Project GNHCP with the loan assistance of World Bank on EPC mode.Package-1,MoRTH,Ministry of Road Transport & Highways,Roads & Highways,Himachal Pradesh,371.93,371.93,93.62,2026-07,0.888782851959664,7.392116056309309,0.14158389116668893,0.0,6.549985851594416,51.51833715631765,Amber,,0.0
619100,Dhangaon - Borgaon section km 81.000 to km 139.000 [Indore - Edlabad Pkg IV],NHAI,Ministry of Road Transport & Highways,Roads & Highways,Madhya Pradesh,866.0,1185.04,99.8,2026-07,0.4957064485611987,4.089979880546712,0.5342855070924775,9.954531844135616,46.4598257505864,51.49959778268381,Amber,,-5.747434897533864
602532,Kiru HE Project,National Hydroelectric Power Corporation Limited [NHPC],Ministry of Power,Electricity Generation,Jammu and Kashmir,4287.59,5409.0,87.0,2026-07,0.9382320856931378,7.3760684111401975,0.090029386961074,13.097236802405803,16.371444654696298,51.41307363271059,Amber,,-0.37793392125702496
617985,Widening to two lane with paved shoulders from Km 0/0 to 64/020 Pamarru to Akiveedu,MoRTH,Ministry of Road Transport & Highways,Roads & Highways,Andhra Pradesh,529.54,588.65,74.41,2026-07,0.6528660878877436,0.09727728038147024,0.37384197630104105,3.8687524193815994,6.687366739413224,51.335403209439235,Amber,Rapidly Deteriorating,27.179608735449037
617186,Rajasthan REZ Ph-V [Part-1- 4 GW] [Sirohi/Nagaur] Complex [Rajasthan V Power Transmission Limited],Power Grid Corporation of India Limited [POWERGRID],Ministry of Power,Transmission & Distribution,"Multi-States (Madhya Pradesh, Rajasthan)",5028.0,5028.0,34.03,2026-07,0.9720855116515701,7.979800756083386,0.054500318718483376,0.0,8.449686862406233,51.32929151850267,Amber,,0.44545388186332957
400013,Saturation 4G mobile coverage of Uncovered Villages through USOF,Department of Telecommunications [DoT],Department of Telecommunications,Telecommunication,PAN India,26316.0,15392.84,87.7,2026-07,0.9594460384713225,13.068654000506845,0.06656188093045452,8.886022565332908,18.28572078578398,51.30039597008885,Amber,,-5.959158475897233
618691,4 laning of Aligarh-Palwal Section from Km. 46.390 Design Chainage to Km. 69.110 Terminating at junction EPE Package-II from Kurana- Eastern Peripheral Expressway of NH-334D,NHAI,Ministry of Road Transport & Highways,Roads & Highways,"Multi-States (Haryana, Uttar Pradesh)",939.17,903.94,17.16,2026-07,0.746789862072245,5.705233396557867,0.2784924777447448,4.490291405865931,17.712565123539083,51.26411699084949,Amber,,0.24888199648892595
702741,Dhanbad Water Supply Infrastructure Project,Ministry of Housing & Urban Affairs,Ministry of Housing & Urban Affairs,Waste & Water,Jharkhand,216.55,216.55,76.0,2026-07,0.9543097815830351,11.393413018021842,0.07014841154341317,6.403920069866009,32.39415478406367,51.222909656322415,Amber,,0.0
617958,Widening & Strenthening from km132.895 to km 190.15 NH-80,MoRTH,Ministry of Road Transport & Highways,Roads & Highways,Bihar,566.1,566.1,73.21,2026-07,0.9002370531688916,6.344224465771882,0.1237609184683696,0.0,3.8325292466860605,51.19989858186306,Amber,,-0.7703666472362158
705567,Burhwal - Gonda - 3rd line 61.72 km,CAOC/NER NER mor,Ministry of Railways,Railways,Uttar Pradesh,1016.0,1307.62,100.0,2026-07,0.7339883099422422,3.7036947442739443,0.2881245765544065,6.580399724641082,30.49233017925451,51.10564432483243,Amber,,-25.15769044960603
704495,"502 Aspirational District Scheme in Four states - Bihar, Madhya Pradesh, Rajastha and Uttar Pradesh",Department of Telecommunications [DoT],Department of Telecommunications,Telecommunication,"Multi-States (Bihar, Madhya Pradesh, Rajasthan, Uttar Pradesh)",421.65,228.94,99.59,2026-07,0.9852812498545067,16.06930436565817,0.03677137039933267,9.033765192404369,52.84941404640442,51.102631012691965,Amber,,0.008662944506838244
612194,Development of New Civil Enclave and associated works at Darbhanga Airport,Airport Authority of India [AAI],Ministry of Civil Aviation,Aviation & Aviation Infrastructure,Bihar,911.66,911.66,71.1,2026-07,0.9426539390918183,10.006365923121015,0.0790818209875731,0.0,35.845963484519345,51.08678800396957,Amber,,2.0049530255097636
705298,North Region Video Surveillance Project,RCIL,Ministry of Railways,Railways,PAN India,274.39,274.39,48.0,2026-07,0.9726647192332197,35.58733006521416,0.04876180483162681,-1.8849835409835622,21.360245716255395,51.07132620324233,Amber,Stalled and Overdue,0.0
617179,Transmission Scheme for evacuation of Power from Ratle HEP [850 MW] & kiru [624 MW] Part B,Power Grid Corporation of India Limited [POWERGRID],Ministry of Power,Transmission & Distribution,Jammu and Kashmir,218.6,218.6,1.7,2026-07,0.9524107057599847,13.913273028370002,0.06895858256430937,0.0,25.479943134774718,51.068464416214695,Amber,,0.8084346167307217
702635,Construction of Bangalore Metro Rail Project Phase 2.,Bengaluru Metro Rail,Ministry of Housing & Urban Affairs,Urban Public Transport,Karnataka,26405.14,30695.12,95.8,2026-07,0.9008771216642981,3.999626092776486,0.11983717020342807,8.442309044598497,18.99524062008985,51.0357145933863,Amber,,-2.0549851727257007
605156,Rangit-IV HE Project [120 MW] executed by Jal Power Corporation Ltd. [JPCL] - A wholly owned subsidiary of NHPC Ltd. acquired through NCLT,National Hydroelectric Power Corporation Limited [NHPC],Ministry of Power,Electricity Generation,Sikkim,938.29,1828.11,97.56,2026-07,0.9623151027957847,7.79785262305208,0.0581129796809884,-0.6054132434575064,18.54876659650129,51.02140412383866,Amber,,0.706615111928599
617730,600 MW Khavda Solar Power Project,NLC India Limited [NLCIL],Ministry of Coal,Electricity Generation,Gujarat,3335.85,3335.85,62.0,2026-07,0.9885746730093132,11.813807403137535,0.03144782938525239,-0.6742655955172084,15.448032765321745,51.001125119728286,Amber,,0.0014537969996268885
705357,Baramati - Lonand 54 km,CAOC/CR CR mor,Ministry of Railways,Railways,Maharashtra,138.48,1790.5,60.0,2026-07,0.4935800231235286,9.046704772232586,0.526035743181075,13.621741708320709,179.0526019846421,50.980788315230186,Amber,Rapidly Deteriorating,30.510687853934293
709850,Borholla GGS Life Extension Project [BLEP],Oil and Natural Gas Corporation Limited [ONGC],Ministry of Petroleum & Natural Gas,Oil & Gas,Assam,198.7,198.7,63.5,2026-07,0.7596805583255742,6.890598917374884,0.2591527938027289,4.511134499854665,35.40764317878473,50.94166760641515,Amber,,-6.706696655527246
617185,Transmission System for Integration of Kurnool-IV REZ Phase-I [for 4.5 GW] [POWERGRID Kurnool-IV Transmission Limited],Power Grid Corporation of India Limited [POWERGRID],Ministry of Power,Transmission & Distribution,"Multi-States (Andhra Pradesh, Karnataka)",5550.0,5550.0,28.77,2026-07,0.9248843872840852,6.738184295749463,0.09322843719180293,0.0,12.142508076762534,50.905641223794404,Amber,,-0.8726272777962265
618598,6L Minor Bridge Paloli Palam at km. 203.160 & Major Bridge Morad at km. 204.895 and allied works,NHAI,Ministry of Road Transport & Highways,Roads & Highways,Kerala,210.0,216.94,100.0,2026-07,0.8382797632623193,6.266969508975555,0.1797318284411796,5.750334082635556,22.244409259314313,50.900579585174945,Amber,,3.106066533817163
701598,Provision of 4G based Mobile Services in Uncovered Villages and National Highways of Meghalaya,Department of Telecommunications,Department of Telecommunications,Telecommunication,Meghalaya,971.96,180.46,99.84,2026-07,0.9736042329926315,20.77616684968899,0.043862189038421456,8.227369455158936,26.036958663874117,50.87332110155265,Amber,,0.28471307212206654
611974,Western Railway- Samakhiali-Gandhidham Quadrupiling 53 km PB34/CR/2023-24,CAOCWR WR mor,Ministry of Railways,Railways,Gujarat,1430.0,1430.0,50.0,2026-07,0.8289949922023526,5.4660972506947765,0.18810884072157835,2.848489657568803,26.654802859515588,50.85519164619655,Amber,,-18.899233091565016
618215,"Improvement/construction of existing CL-5 Road to NH Intermediate lane specification with hard shoulder from Km 166.000 to 203.77 net Length 37.770 kms of NH-505 Sumdo-Kaza-Gramphoo road in the state of Himachal Pradesh on EPC mode under project Deepak, BRO",MoRTH,Ministry of Road Transport & Highways,Roads & Highways,Himachal Pradesh,274.36,194.0,22.26,2026-07,0.3390566740771963,5.212952388616008,0.6760758716947013,0.0,6.867372277849565,50.75662728859488,Amber,Newly At Risk,11.122654496668694
400291,Kirandul-Jagdalpur 150 km,CAO/C/ECOR ECoR mor,Ministry of Railways,Railways,Chhattisgarh,1589.0,1798.0,89.0,2026-07,0.9347666046674644,5.773874576329405,0.07842695915638664,12.185869033735019,100.07749708554739,50.65967819119255,Amber,,-0.1792485009825171
612786,"Construction of New Domestic Terminal Building Building and miscellaneous works including maintenance, operations and AICMC at Kadapa Airport",Airport Authority of India [AAI],Ministry of Civil Aviation,Aviation & Aviation Infrastructure,Andhra Pradesh,265.91,265.91,80.0,2026-07,0.9656578478146934,7.087913154424858,0.04594958714785804,-0.008076897979182847,21.993146874035958,50.580371748127575,Amber,,0.7840979301878122
618347,Widening to 2-lane with Hard shoulder of Churachandpur to Tuivai Section of NH- 102B from km 13.747 to km 32.835 in the State of Manipur on EPC mode under NHO Package-1B,NHIDCL,Ministry of Road Transport & Highways,Roads & Highways,Manipur,241.52,241.52,100.0,2026-07,0.9005418989699225,7.433194174966938,0.11065078789578285,0.0,48.11893174780043,50.55963434328527,Amber,,2.4395804850025797
618687,Outer Ring Road of Jabalpur Town from Barela to Manegaon Pkg-1,NHAI,Ministry of Road Transport & Highways,Roads & Highways,Madhya Pradesh,652.33,651.88,89.72,2026-07,0.8399237771648224,7.985132712735398,0.17122899777058886,1.3510454380680033,20.03357737848086,50.557638746770564,Amber,,-0.36103470676604843
400120,KG-DWN-98/2 Cluster - II Development Project - NELP Block,Oil and Natural Gas Corporation Limited [ONGC],Ministry of Petroleum & Natural Gas,Oil & Gas,Andhra Pradesh,34012.0,34012.0,96.9,2026-07,0.8667168996393178,6.583508596423142,0.14438945505143969,-1.014292694043068,19.57096937506429,50.55531773453787,Amber,,-10.110094413629355
707020,Establishment of new GMC Jamui,"Medical Education, Ministry of Health and Family Welfare",Ministry of Health & Family Welfare,Healthcare,Bihar,250.0,500.0,50.0,2026-07,0.9426937063260855,14.101263091569372,0.06692168194680491,0.5961158965527932,36.42517551436532,50.48076941364452,Amber,,1.077869867668511
709826,SCREENING PLANT-III AT KIRANDUL,National Mineral Development Corporation Limited [NMDC],Ministry of Steel,Steel,Chhattisgarh,2718.84,3062.39,83.42,2026-07,0.909382564649954,8.249731538503267,0.09983029241478061,14.543326496546126,56.675894771347174,50.460642853236735,Amber,,-0.5188639673392785
618814,4L Access Controlled Greenfield Highway section on NH163G Warangal-Khammam from Oorugonda village in Hanamkonda District at Design Ch. 112.240 Km to Venkatpur village in Warangal District at Design Ch. 150.240 KmPackage-I,NHAI,Ministry of Road Transport & Highways,Roads & Highways,Telangana,1142.6,1140.82,0.5,2026-07,0.8659553696795241,8.00209659725827,0.14306076135875084,-2.6397804150393416,17.31439959415672,50.45080655191375,Amber,,0.6227031635263245
618724,6L Greenfield Varanasi-Ranchi-Kolkata Highway from Anarbansalea village to Sagrampur village From KM. 151200 to KM. 184700Package-7,NHAI,Ministry of Road Transport & Highways,Roads & Highways,"Multi-States (Bihar, Jharkhand)",1719.2,1723.42,28.16,2026-07,0.8551711483486505,6.951541325786445,0.15327883148885854,-0.005699459873993187,19.763242897698127,50.42249899187545,Amber,,3.39582240786126
705783,Ludhiana-Kila Raipur 19 km with freight line at Gill station,CAOC/NR NR mor,Ministry of Railways,Railways,Punjab,237.64,260.33,70.0,2026-07,0.8959823626037505,8.865796995311893,0.11169356833672679,14.193494805686054,31.83849338410569,50.38379654702386,Amber,,-1.8809083683772343
618450,Rehabilitation & Upgradation of existing road to 2-lane with paved shoulder including geometric improvement of section from start of Rabangla km33.600 to km58.840 under SARDP-NE Phase A Pkg- IV,NHIDCL,Ministry of Road Transport & Highways,Roads & Highways,Sikkim,292.8,292.8,65.15,2026-07,0.9601684439865502,9.836356317797993,0.04708773715626514,0.0,1.995869277769145,50.362809057140765,Amber,,2.4370470581647226
400188,Redevelopment of Seven General Pool Residential Accommodation [GPRA] Colonies in Delhi,National Buildings Construction Corporation [NBCC],Ministry of Housing & Urban Affairs,Real Estate,Delhi,32850.0,32841.0,46.7,2026-07,0.8952158463952983,15.401206778737583,0.1113879518086464,1.755049867810052,20.928447729596716,50.330189910197234,Amber,Stalled and Overdue,0.0
618087,Widening to intermediate/two lane to 2 lane with paved shoulder from Existing chanages Km 112.750 to 142.00 Liingasur to Mudabal cross & from Km. 147.070 to Km. 149.070 Maski city limit of Jewargi Chamrajnagar setion of NH-150A in the state of Karnataka on EPC mode. Job No. NH-150A-KNT-2021-22-951,MoRTH,Ministry of Road Transport & Highways,Roads & Highways,Karnataka,255.88,255.88,96.0,2026-07,0.7900171182616663,9.79824808099094,0.21625357055426525,0.0,12.726521632316487,50.31353444079658,Amber,,1.7616110386094022
400010,"Construction of Terminal Building & Associated works at Leh Airport, Ladakh",Airport Authority of India [AAI],Ministry of Civil Aviation,Aviation & Aviation Infrastructure,Ladakh,480.0,640.0,88.0,2026-07,0.9607305838374591,10.652849682006917,0.04380499384525991,3.807994861057689,22.073288090908903,50.226778884135946,Amber,,-0.1926813923653583
602961,Talcher Thermal Power Station Stage III [2 x 660 MW] Expansion,National Thermal Power Corporation [NTPC],Ministry of Power,Electricity Generation,Odisha,11843.75,12543.0,55.0,2026-07,0.9496767739311978,1.7421590974368841,0.05482807916125429,2.027730920653339,30.332481124132595,50.225242654622605,Amber,,-0.020768691210157897
619049,Khavda IVA Power Transmission Limited,Adani Transmission Limited,Ministry of Power,Transmission & Distribution,Gujarat,4500.0,4500.0,70.0,2026-07,0.9629940531500382,11.092981667441023,0.04144801861011887,2.6394082572737196,22.018449946759684,50.22210358800785,Amber,,0.42895398364844795
618375,Improvement/Widening to 2-Lane with Paved Shoulder from design Km 45.760 to Km 63.530 between Shillong-Dawki under JICA ODA Loan assistance Phase-II -Balance work Pkg-4,NHIDCL,Ministry of Road Transport & Highways,Roads & Highways,Meghalaya,445.51,445.51,53.43,2026-07,0.9639587511222826,10.124392822516668,0.03764789858735436,-0.0022262249296718,1.3681110971732529,50.08033248548185,Amber,,0.003546402471030774
617837,Siliguri Marketing Terminal [SMT] Capacity Augmentation Project,Numaligarh Refinery Limited,Ministry of Petroleum & Natural Gas,Oil & Gas,West Bengal,484.0,484.0,89.0,2026-07,0.7417494689838163,8.06988222631436,0.25962489786346427,8.168584669956836,27.684182848319953,50.06871834236403,Amber,,-0.8511666686323309
618842,"2L PS Greenfield bypass lalganj ajhara, mohanganj and Raniganj on Raebareli - Jaunpur Section Design km 0.00 to Km 53177 of NH-31",NHAI,Ministry of Road Transport & Highways,Roads & Highways,Uttar Pradesh,1280.68,1280.68,0.0,2026-07,0.9858620549869364,14.660876126930129,0.01545179476891743,-3.071690576864905,50.78482100749648,50.06569248779269,Amber,Rapidly Deteriorating,29.939861342381448
618636,Akkalkot MH/KN border New Greenfield corridor from Km 512.000 to Km 548.400 of NH-150C part of Akkalkot KN/TS Border section Package XIV,NHAI,Ministry of Road Transport & Highways,Roads & Highways,"Multi-States (Karnataka, Maharashtra)",1370.75,1403.49,57.62,2026-07,0.8561944907226341,8.05593778758735,0.14502911368790655,1.087825840290946,18.137457467910828,50.061180220527035,Amber,,0.1677965163694921
618230,Rehabilitation and Upgradation to 2-lane configuration of Kalwahn-Mandi Section km 208.950 to 250.592 of NH-70 in the State of Himachal Pradesh under Green National Highways Corridor Project GNHCP with the loan assistance of World Bank on EPC mode.Package-3,MoRTH,Ministry of Road Transport & Highways,Roads & Highways,Himachal Pradesh,314.32,314.32,70.58,2026-07,0.8491905221953641,9.601563661609523,0.15192515592421868,0.0,5.527369694475319,50.05578390597913,Amber,,-1.3380574861799133
707057,Establishment of new GMC Leh,"Medical Education, Ministry of Health and Family Welfare",Ministry of Health & Family Welfare,Healthcare,Ladakh,325.0,325.0,0.0,2026-07,0.9710384562812416,49.35376290302476,0.02982833579522757,8.056286877559954,71.7014256957167,50.043339603823455,Amber,Stalled and Overdue,-0.6912623307512078
701593,4G Services by BSNL,Department of Telecommunications [DoT],Department of Telecommunications,Telecommunication,PAN India,28466.0,19592.0,98.56,2026-07,0.9598774347059201,18.11719932394964,0.04069781388692664,8.254979662072314,18.731440182563325,50.028762429642335,Amber,,-0.1568987918676541
701377,Upper Tunga Irrigation Project,Water Resources-KA,"Department of Water Resources, River Development & GR",Water Resources,Karnataka,770.16,1606.07,99.32,2026-07,0.6897405258679736,12.335456829734776,0.3101298046063045,13.570704188624697,99.56705427204363,49.99351652371391,Amber,,1.8392401277609096
618449,Construction & Upgradation of existing road to 2-lane with paved shoulder from km27.200 End of Rongli bypass to km37.600New Rolep Bridge of Rhenok-Menla spur NH-717B on EPC Mode under SARDP-NE Phase-A in Sikkim Pkg-II B,NHIDCL,Ministry of Road Transport & Highways,Roads & Highways,Sikkim,230.45,244.91,86.19,2026-07,0.8470914644922705,5.1010872777818,0.1510071197183786,2.5018213319890794,8.636274708940752,49.90492921053246,Amber,,5.376956795526603
701719,Rehablitation in Junavadaj Area Smart City Project,ministry of housing and urban affairs,Ministry of Housing & Urban Affairs,Real Estate,Gujarat,539.0,539.0,98.5,2026-07,0.8937691217533094,8.379554516419242,0.10405565875288642,13.107763639112765,85.6782829961698,49.89123902530979,Amber,,1.9998089819077975
618393,"Construction for Mitigation Measures of 10 Nos. Landslides, 01 No. Sinking Zones and 1 No. of Minor Bridge in between at Ch. Km 368.00 to Km 433.00 on NH-07 on EPC Mode in Uttarakhand Package-1",NHIDCL,Ministry of Road Transport & Highways,Roads & Highways,Uttarakhand,216.68,216.68,99.97,2026-07,0.9899770828525057,14.789925457539992,0.006538589562608217,-0.1044498823905657,24.648398610958978,49.8257836207557,Amber,,0.07390987334901666
612876,"Construction of Permanent Campus for NIT Mizoram at Lengpui, Aizawl",NIT Mizoram,Department of Higher Education,Education,Mizoram,474.23,474.23,4.0,2026-07,0.828920034175315,-42.80233618296436,0.16737209048648763,15.263679957519317,100.31259110447712,49.81460623309013,Amber,,0.0
617254,Replacement of remaining 04 sets of Battery Cyclones with 04 Nos. of ESPs in Sinter Plant-1 at Bokaro Steel Plant,Steel Authority of India Limited [SAIL],Ministry of Steel,Steel,Jharkhand,260.37,260.37,53.15,2026-07,0.9658737055524383,11.546141053167926,0.029912318585923532,3.3833832768710908,8.865654465684393,49.7893012069181,Amber,,0.35581486840347054
619103,4/6 Laning of Raipur-Simga Pkg-I from km. 0.00 to km. 48.58,NHAI,Ministry of Road Transport & Highways,Roads & Highways,Chhattisgarh,1096.52,1172.36,100.0,2026-07,0.8521196014558585,-7.675487977905105,0.14324429428365212,9.179342779072748,37.84353264622778,49.768194786975535,Amber,,-0.8460848090057027
618353,Widening & Upgradation to 2-lanes with paved shoulders road from Tamenglong to Mahur NH-137 in the State of Assam starting from km 116.480 near Hangrum to km 136.500 near Hejaichak Package-8 on EPC mode under NHO-NE Package 8,NHIDCL,Ministry of Road Transport & Highways,Roads & Highways,Assam,904.04,904.04,85.2,2026-07,0.652027858165478,6.915180379209272,0.34271659430792095,0.0,5.62505171531921,49.73722262366995,Amber,,6.796383929185829
618224,Rehabilitation and up-gradation to 2 lane with paved shoulder from existing chainage km 49150 to km 64535 Design chainage km 46.450 to km 55.800 including construction of Sungal Tunnel Total length of Tunnel 2.79 km under 13 TF on Akhnoor-Poonch road NH-144A under Project Sampark BRO in the UT of Jammu & Kashmir on EPC mode Package-II Job no NH-144A-J&K-2019-20-78,MoRTH,Ministry of Road Transport & Highways,Roads & Highways,Jammu and Kashmir,796.97,796.97,92.1,2026-07,0.9358236530186993,12.268351901171485,0.05857681307001256,0.0,6.17580991093012,49.72002330443559,Amber,,0.44959719846850277
701170,AIIMS Rajkot,PMSSY AND Institute of NATIONAL Importance,Ministry of Health & Family Welfare,Healthcare,Gujarat,1195.0,1195.0,94.0,2026-07,0.9354994240218019,7.557707642802264,0.058717054986010285,-0.5782607383250216,18.356435076748753,49.71082395039061,Amber,,0.1945355505473998
701570,"Replacement and revamping of pipeline projects in oil jetty area, Kandla",Deendayal Port Trust [DPT],"Ministry of Ports, Shipping and Waterways",Shipping,Gujarat,171.0,211.61,92.0,2026-07,0.9665015332137477,11.507747358300042,0.027675502045508286,7.479562812912868,45.9920552461134,49.708851762962794,Amber,,0.34375437931377206
709856,MPLS-IP BASED ACCESS AND AGGREGATION NETWORK [MAAN] IN BSNL ALONG WITH TEST AND MEASURING EQUIPMENT,BSNL,Department of Telecommunications,Telecommunication,PAN India,645.13,645.13,92.1,2026-07,0.9925240573599066,14.494678331756328,0.0014560407320231223,1.5961216135316485,1.1701275976241523,49.699004904596485,Amber,,0.0052623407381844345
617269,Transmission System for Strengthening to facilitate evacuation of power from Bhadla/Bikaner Complex,Power Grid Corporation of India Limited [POWERGRID],Ministry of Power,Transmission & Distribution,Uttar Pradesh,212.81,212.81,12.07,2026-07,0.9550909313677756,11.087237677650407,0.03886310355015335,0.0,10.882693160191224,49.697701745896445,Amber,Stalled and Overdue,0.0947190366516466
619042,"Construction of six lane Flyover at Katraj junction at Km, 3/880 of NH 548-DD Vadgaon - Katraj - Kondhwa - Mantarwadi Chowk - Loni Kalbhor - Theur Phata - Lonikand Road in Pune Dist of the State of Maharashtra. On Engineering Procurement and construction EPC Basis mode L.1.326 Km,",MoRTH,Ministry of Road Transport & Highways,Roads & Highways,Maharashtra,163.51,163.51,83.19,2026-07,0.9707887874055636,17.349989194690504,0.022821003126976713,0.0,34.31067277818478,49.680489526627014,Amber,,0.13306687708865894
618346,Widening to 2-lane with Hard shoulder of Churachandpur to Tuivai Section of NH- 102B from km 32.835 to km 48.587 in the State of Manipur on EPC mode under NHO Package-2A,NHIDCL,Ministry of Road Transport & Highways,Roads & Highways,Manipur,232.99,232.99,100.0,2026-07,0.9005418989699225,7.375827612968031,0.09207074916776771,0.0,48.11893174780043,49.63063240688451,Amber,,2.7779049323262655
701412,North Koel Reservoir Project,"Department of Water Resources, River Development & GR","Department of Water Resources, River Development & GR",Water Resources,"Multi-States (Bihar, Jharkhand)",1622.27,2430.76,47.0,2026-07,0.9438819750877182,11.78164361961309,0.048702129423651694,9.413998684019056,26.102301366062065,49.6292052255685,Amber,Stalled and Overdue,-0.9376448065526262
612186,350 Bedded [Upgradable to 500 beds] ESI Hospital at Sanand,Employee's State Insurance Company [ESIC],Ministry of Labour and Employment,Healthcare,Gujarat,558.12,558.12,28.0,2026-07,0.9266959322934639,7.787619094183727,0.06524603755012733,6.105724987747827,21.88231255236251,49.59709849217956,Amber,Stalled and Overdue,-0.71866231345291
400043,Laying of POL Pipelines in Common Corridor for proposed grass root terminal at Vallur [Chennai],MinistryofPetroleumNaturalGas,Ministry of Petroleum & Natural Gas,Energy Storage,Tamil Nadu,829.0,829.0,81.0,2026-07,0.9782002089991693,12.97439529635919,0.013695215654086705,-2.7060015342923163,12.985777814953089,49.5947712326628,Amber,,-1.3990694221979965
617255,"Replacement of Converter Vessels, Trunnion Rings, Support System & Installation of Secondary Emission at Bhilai Steel Plant",Steel Authority of India Limited [SAIL],Ministry of Steel,Steel,Chhattisgarh,471.83,471.83,74.3,2026-07,0.947681922103096,11.612110692294191,0.044179302621569,-0.4336817380740802,10.72325515978013,49.59306123623325,Amber,,0.1958826032677905
618395,"Construction & Upgradation to 2-lane with paved shoulder from Design Ch. Km 51700 at Premnagar km 66315 to Km 66535 New Thatri at Start of Km 83rd, Tunnel Km 82665 of 14.835 Km design length on Chenani-Sudhmahadev-Goha Khellani- Kishtwar-Vailoo Donipawa-Ashajipora section of NH-244 in the UT of J&K on EPC Mode under NHO-Gen Pkg - 2",NHIDCL,Ministry of Road Transport & Highways,Roads & Highways,Jammu and Kashmir,512.43,512.43,53.49,2026-07,0.9640431224386865,6.898918886879408,0.02712266121324826,-0.0015356830334386992,8.504146948973316,49.55828918259674,Amber,,0.23600688740101816
618301,Widening/Improvement of existing 2-lane to 4-Lane Divided Highway from Kuraopokpi to Sekmai section of Imphal-Kohima Road Design Ch. km 287.00 to 297.700 of NH-39 New NH-02 in state of Manipur on EPC mode Pkg-5A,NHIDCL,Ministry of Road Transport & Highways,Roads & Highways,Manipur,228.97,228.97,48.35,2026-07,0.9444881735308347,9.603899951508149,0.0449890917723371,0.0,56.12761312592049,49.47386326515859,Amber,,0.4893908097054904
617257,Rebuilding of Coke Oven Battery No.6 at Bokaro Steel Plant,Steel Authority of India Limited [SAIL],Ministry of Steel,Steel,Jharkhand,627.31,627.31,68.07,2026-07,0.9052804578438028,8.533415738315558,0.08378259624276978,-1.1516908444350953,8.956800622001493,49.45315270432863,Amber,,3.7616890662153253
618225,Rehabilitation and up-gradation to 2 lane with paved shoulder from existing chainage km 134950 to km 166100 Design chainage km 116980 to km 146700 under 31 TF on Akhnoor-Poonch road NH-144A in the UT of Jammu & Kashmir under Project Sampark BRO on EPC mode Package-VI Job no NH-144A-J&K-2021-22-106,MoRTH,Ministry of Road Transport & Highways,Roads & Highways,Jammu and Kashmir,395.25,395.25,89.2,2026-07,0.8867576133973624,9.109285699750897,0.1019256242749498,0.0,3.197258484258308,49.43416188361561,Amber,,2.8038868213549364
618059,Construction of four-lane Concrete Road from Police Headquarter Gondia City to Rawanwadi Village Birsi Airport Junction from design km 0.000 to km 15.781 existing km 39/720 of NH-753 to existing Km 8/400 of NH 543 on sections from Kohmara- Goregaon- Police HeadquarterKaranja - Collector Office Square - Balaghat T Point- Rawanwadi- Rajegaon of NH-753 and NH-543 in Gondia District in the state of Maharashtra. Total Length of the project 15.781 Km.,MoRTH,Ministry of Road Transport & Highways,Roads & Highways,Maharashtra,328.11,328.11,34.15,2026-07,0.820912161273381,8.958909762646128,0.16745874170582437,-0.0015356830334386992,2.41947310438735,49.41854514896027,Amber,Newly At Risk,9.648602973977006
619297,Upgradation of Existing Two Lane Carriageway to Two Lane Carriageway with Paved Shoulder from Ch. 665686 Existing Km. 665.686 in Khanpur Village in Vansda Taluka to Ch. 710470 Existing Km. 710.483 in Karvad Village in Vapi Taluka Length 44.784 Km Section of NH-56 in the State of Gujarat on EPC Mode,NHAI,Ministry of Road Transport & Highways,Roads & Highways,Gujarat,647.2,647.2,0.0,2026-07,0.9143130248101109,10.874844467158038,0.0739719337678608,6.118734381865817,42.36362512969784,49.41424792889858,Amber,,
400111,Kelo Irrigation Project,Water Resources-CT,"Department of Water Resources, River Development & GR",Water Resources,Chhattisgarh,459.97,727.04,73.0,2026-07,0.4345845624256041,4.04289752068552,0.553640316795525,15.82599222056953,130.82506980710133,49.41124396105645,Amber,,0.7086886709311955
701173,AIIMS Majra Rewari Haryana,Ministry of Health and Family Welfare,Ministry of Health & Family Welfare,Healthcare,Haryana,1299.0,1646.43,67.45,2026-07,0.7424068625387742,9.804542672342903,0.24533171149022232,2.7763376024796016,27.823557257124065,49.386928701449825,Amber,Newly At Risk,11.357159136759726
611918,Kosamba- Umarpada 69.70 Km PB32/WR/2023-24,CAOCWR WR mor,Ministry of Railways,Railways,Gujarat,468.0,468.0,31.0,2026-07,0.8461793622928876,8.63494495859883,0.14129199420077332,2.4647855974175275,16.019279482664192,49.37356782468304,Amber,,9.246868186228127
701657,Tumakuru Node - Phase 1 - Roads and Services Development,NICDC,"Ministry of Ports, Shipping and Waterways",Real Estate,Karnataka,1701.81,1701.81,27.12,2026-07,0.7279365438866424,5.992350748789286,0.2593281981722195,3.649500882706426,13.86106362601364,49.363237102943096,Amber,,0.8275244134765458
619038,Construction/upgradation to 2-lane with paved shoulder from Design Km 95.55 Bandarkoot to Km. 111.06 Chattroo of 15.52 Km length on Khellani-Kishtwar-Chattroo section on NH-244 in UT of Jammu and Kashmir on EPC Mode Pkg-5,NHIDCL,Ministry of Road Transport & Highways,Roads & Highways,Jammu and Kashmir,497.09,497.09,99.97,2026-07,0.8610116586016202,1.8134973617579562,0.12610224234884312,-0.0015356830334386992,26.85543304568229,49.35569504752317,Amber,,1.4578868135542606
618427,Construction & upgradation of existing road to 2-lane with paved shoulder including geometric improvement of Kafer- Lava More section from km 40.00 to km 61.100 of NH717-A on EPC under SARDP-NE A in state of West Bengal Pkg-VA,NHIDCL,Ministry of Road Transport & Highways,Roads & Highways,West Bengal,311.02,273.78,95.98,2026-07,0.8642954861578729,10.101582278828372,0.12275138002624392,0.0,14.074330086480064,49.352343309205835,Amber,,0.5166714457548593
617251,Revamping of Air Pollution Control Systems of SP-1 at Durgapur Steel Plant,Steel Authority of India Limited [SAIL],Ministry of Steel,Steel,West Bengal,196.4,196.4,34.58,2026-07,0.9496908084858879,14.505540598051148,0.0371496235325088,2.1147780479529033,4.474510268152242,49.342021600919836,Amber,Stalled and Overdue,0.09964743795492836
619043,Capacity Augmentation in the stretch of DhulePimpalgaon section of NH60 Km. 261.720 to Km. 380.000 by Construction of Slip/Service Road on either side at various locations total length 30.30 Km LHSRHS and Flyover 2 x 30m at Sawadgaon Phata Km. 310.415,NHAI,Ministry of Road Transport & Highways,Roads & Highways,Maharashtra,341.63,341.63,5.1,2026-07,0.7463937209325098,2.148880731244419,0.24043872038801464,10.434093382199714,42.57653000193658,49.34162206602622,Amber,,
618867,4L Kasganj-Badaun Section from Km. 123.100 to Km. 179.500 Pkg-III of NH530B,NHAI,Ministry of Road Transport & Highways,Roads & Highways,Uttar Pradesh,2009.11,1936.61,40.0,2026-07,0.755059526227098,4.977426503514648,0.23141936500711988,0.9816678286517889,9.699915755884106,49.323944561710896,Amber,,2.5046683164229435
618387,Construction of 2-laning with Hard shoulder of Ukhrul Tolloi - Tadubi section of NH- 102A from Design Chainage km 9450 to km 50850 in the State of Manipur on EPC mode under NHO-NE Package-2,NHIDCL,Ministry of Road Transport & Highways,Roads & Highways,Manipur,578.98,578.98,80.04,2026-07,0.9619088623066683,10.87963530262699,0.023330653167323454,0.0,8.05262796155241,49.26197577369958,Amber,,0.26887913828032595
612791,"Re-Construction of Rigid portions of Secondary Runway, K and A Taxiway and Strengthening of C Taxiway at NSCBI Airport Kolkata.",Airport Authority of India [AAI],Ministry of Civil Aviation,Aviation & Aviation Infrastructure,West Bengal,328.3,328.3,73.5,2026-07,0.9613213618487347,9.775321400179855,0.023908764008360752,0.0,16.66467242902844,49.261506292854776,Amber,,0.25819588473531496
612788,Construction of New Domestic Terminal Building and Miscellaneous Works at Belagavi Airport.,Airport Authority of India [AAI],Ministry of Civil Aviation,Aviation & Aviation Infrastructure,Karnataka,322.45,322.45,97.0,2026-07,0.9655947039373178,7.788206613164143,0.019460521502238814,0.0,16.7250792802701,49.25276127197783,Amber,,0.116528170701514
707022,Establishment of new GMC Chaibasa [Singhbhum],"Medical Education, Ministry of Health and Family Welfare",Ministry of Health & Family Welfare,Healthcare,Jharkhand,250.0,454.1,57.0,2026-07,0.9587373010613919,15.893811584928592,0.025976150371820245,-0.5727054736369738,9.843358437995276,49.23567257166061,Amber,,0.7050958343578628
705667,Mathura-Jhansi - 3rd line 273.80 km,CMD / RVNL RVNL mor,Ministry of Railways,Railways,"Multi-States (Madhya Pradesh, Rajasthan, Uttar Pradesh)",5961.0,5960.76,94.0,2026-07,0.7161556684251131,8.288486243084296,0.26843635674607896,7.525027075634655,50.23409023711737,49.229601258559605,Amber,,-5.4688591408575675
707050,Establishment of new GMC Porbandar,"Medical Education, Ministry of Health and Family Welfare",Ministry of Health & Family Welfare,Healthcare,Gujarat,325.0,618.98,81.0,2026-07,0.8895600253804876,31.83864328860881,0.09496758440098343,2.672561162011342,150.35885044057116,49.22638048907355,Amber,,1.6635101448474003
618349,Balance work of Widening to 2 Two lane with hard shoulder of Churachandpur to Tuivai section of NH-102B from Design Chainage km 118850 to km 130000 Package- 4A in the State of Manipur on EPC Mode,NHIDCL,Ministry of Road Transport & Highways,Roads & Highways,Manipur,204.12,204.12,25.93,2026-07,0.9628124234059815,14.621958510563271,0.021198353782614233,0.0,56.29955734258757,49.200538859429784,Amber,,0.9137967432216456
618400,Construction & Upgradation to 2-lane with paved shoulder from Design Km 67.805 at the end of Km 83rd Tunnel near Dhrabshalla Ex. Km 83905 to Km 80.675 start of Kishtwar Bypass - Dulhasti Ex. Km 970751 of 12.870 Km length on chenani- Sudhmahadev-Goha Khellani-Kishtwar-vailoo-Donipawa-Ashajipora seition of NH-244 in the UT of J&K on EPC Mode under NHO-Gen Pkg-3,NHIDCL,Ministry of Road Transport & Highways,Roads & Highways,Jammu and Kashmir,398.51,398.51,98.55,2026-07,0.953960787534042,8.843084207762818,0.029180653315643634,-0.0015356830334386992,26.933620923184506,49.15707204248429,Amber,,0.16926728584053308
617882,"Setting up IT Infrastructure including Network Security and Hosting at AIIMS, New Delhi",PMSSY AND Institute of NATIONAL Importance,Ministry of Health & Family Welfare,Healthcare,Delhi,358.19,358.19,40.0,2026-07,0.9697697426471258,9.657506071024049,0.013029757041975953,8.686411110829852,25.77081187893036,49.13997498445509,Amber,,3.6676251000837823
618075,Construction of two lane with paved shoulder from existing Km.0.000 to Km.55.610 design km. 0.000 to km. 54.048 of NH-124D,MoRTH,Ministry of Road Transport & Highways,Roads & Highways,Uttar Pradesh,840.93,773.58,77.0,2026-07,0.8704641899154282,3.7867311326429207,0.11220549275638757,-0.0022262249296718,3.446283248930046,49.13348413359079,Amber,,-1.4287604517671255
618640,4L of Urga - Pathalgaon from Km. 70.200 to km. 157.745 of NH-130A,NHAI,Ministry of Road Transport & Highways,Roads & Highways,Chhattisgarh,2261.3,2860.36,81.5,2026-07,0.8774948433924119,8.19003036755998,0.10515618294082664,-1.0122814025139957,23.9476264289281,49.132551316661925,Amber,,-1.8546781470331908
617248,Third Ladle Furnace in Secondary Refinery Unit at IISCO Steel Plant,Steel Authority of India Limited [SAIL],Ministry of Steel,Steel,West Bengal,227.96,227.96,74.55,2026-07,0.9575524085151025,15.275070169168464,0.02414984112937906,9.164143587824562,6.454415786060224,49.085112482224076,Amber,,-0.3807708966075367
617250,Secondary Emission Control in Converters of SMS-II at Bokaro Steel Plant,Steel Authority of India Limited [SAIL],Ministry of Steel,Steel,Jharkhand,207.13,207.13,55.91,2026-07,0.9606125430071119,10.369426808674751,0.020599343696166013,1.3163403188473397,8.844314668181688,49.06059433516389,Amber,,0.6510522281324
618197,Widening to 2 lane with Paved Shoulders of Medak - Siddipet section from Km 0/0 to km 69/978 of NH-765DG in the State of Telangana under Annual plan 2021-22 on EPC mode,MoRTH,Ministry of Road Transport & Highways,Roads & Highways,Telangana,882.18,882.18,74.06,2026-07,0.9523987465094113,9.391861033788054,0.028494782598908447,-0.008932051198374815,5.450854321479273,49.04467645541599,Amber,,0.08036221226230822
618816,4L Access Controlled Greenfield Highway section on NH-163G Warangal-Khammam from Thallasenkesa village at Design Ch. 189.650 km to V.Vekatayapalem village in Khammam District at Design Ch. 220.480 KmPackage-III,NHAI,Ministry of Road Transport & Highways,Roads & Highways,Telangana,1105.25,1098.05,10.11,2026-07,0.8712653190718306,9.318249581161462,0.10953938788779637,-5.8057064050500795,19.58715431411347,49.04023534798135,Amber,,1.284703167031438
705502,Wardha-Balharshah - 3rd line 132 km,CAOC/CR CR mor,Ministry of Railways,Railways,Maharashtra,1384.72,2603.11,86.0,2026-07,0.824325194766678,9.216458266273834,0.15629494524416665,0.625756469121509,38.024546879750766,49.03100700054223,Amber,,-44.16985004315728
618376,Improvement/Widening to 2-Lane with Paved Shoulder between Shillong-Dawki road up to Bangladesh Border from design Km 10.670 to Km 37.550 under JICA ODA Loan assistance Phase-II -Balance Work-Pkg-2,NHIDCL,Ministry of Road Transport & Highways,Roads & Highways,Meghalaya,525.67,525.67,53.21,2026-07,0.9434767663959376,10.523510743238127,0.036769073008545955,-0.0022262249296718,1.3681110971732529,49.012291970224176,Amber,,1.594055967042138
707049,Establishment of new GMC Panchmahal,"Medical Education, Ministry of Health and Family Welfare",Ministry of Health & Family Welfare,Healthcare,Gujarat,325.0,663.5,88.0,2026-07,0.9402564506653565,12.546035073779699,0.039344313542568676,-1.8360769308627913,29.197367324979062,48.98003821039626,Amber,,6.998947928484881
707067,Establishment of new GMC Mon,"Medical Education, Ministry of Health and Family Welfare",Ministry of Health & Family Welfare,Healthcare,Nagaland,325.0,325.0,0.0,2026-07,0.8875500846212061,42.359575371494536,0.09203042735723749,32.74415687391731,94.02072373930412,48.97902559892218,Amber,Stalled and Overdue,0.0
618350,Improvement & widening of existing NH-08 to 4-lane with Paved Shoulder from Champak Nagar to Khayerpur section design Km 242500 to Km 261610 in the state of Tripura on EPC basis under NHO-NE,NHIDCL,Ministry of Road Transport & Highways,Roads & Highways,Tripura,920.66,920.66,48.3,2026-07,0.9678768380358054,7.713406137517151,0.01095181512665359,0.0,4.625480323911535,48.94143265812295,Amber,,5.484383062905778
709857,"Planning, Engineering, Supply, Installation, Testing, Commissioning, Integration & Annual Maintenance of 4G mobile network at 1 Lakh sites on PAN India basis including Mumbai & Delhi LSA on turnkey basis under Phase IX.2 Project.",BSNL,Department of Telecommunications,Telecommunication,PAN India,24544.55,24544.55,98.56,2026-07,0.9774667227867956,16.668089762825794,0.0011301699968960719,-0.202178651468529,20.6187420368548,48.92984463918458,Amber,,0.37111562248221475
400045,Proposed 6 nos Road Over Bridge [ROB] at different locations under MCL Talcher Under Deposit Scheme.,East Coast Railway [ECoR] - II,Ministry of Railways,Railways,Odisha,168.32,168.32,82.0,2026-07,0.9187165037654794,26.784375025128558,0.059874535346344085,14.549588977945813,76.17822927898473,48.92955195559118,Amber,,0.0
611570,"SITC of ATM Automation System and ASMGCS [Including SMR & MLAT] for Mumbai, Navi Mumbai, Jewar [earlier MOPA, without ASMGCS], HIAL & BIAL",Airport Authority of India [AAI],Ministry of Civil Aviation,Aviation & Aviation Infrastructure,"Multi-States (Karnataka, Maharashtra, Telangana, Uttar Pradesh)",500.48,500.48,80.0,2026-07,0.9441708092394718,8.788887978455852,0.03434817107084372,0.0,24.41612793600721,48.925949015515776,Amber,,0.28217489888240976
617806,Transmission System for Integration of Ananthapur 2 REZ Phase 1 for 4.5 GW. SPV Name Anantapuram 2 REZ Transmission Ltd,Sterlite Power,Ministry of Power,Transmission & Distribution,"Multi-States (Andhra Pradesh, Karnataka)",4535.99,4535.99,64.0,2026-07,0.8955856694917087,4.417714603437705,0.0824817424688275,16.125538342447577,19.26449989983641,48.90337059802681,Amber,,1.2858219888683067
701121,Construction of New Domestic Terminal Building at Rajahmundry Airport.,Airport Authority of India [AAI],Ministry of Civil Aviation,Aviation & Aviation Infrastructure,Andhra Pradesh,347.15,347.15,96.0,2026-07,0.9222265714728884,6.113397548333203,0.05489679195676445,-0.0022262249296718,13.993829296431421,48.85616817148264,Amber,,-0.5863727052989134
618446,Construction & Upgradation of existing road to 2-lane with paved shoulder from New Rolep Bridge at km 37.600 to Chochenpheri at km 52.00 in the section of Rongli to Chochenpheri of NH 717B Pkg-II C,NHIDCL,Ministry of Road Transport & Highways,Roads & Highways,Sikkim,493.42,478.79,79.13,2026-07,0.9557152269362014,8.346101446203171,0.021154969390492367,0.0,2.7521498162905256,48.84350981633469,Amber,,3.0579337648821223
602184,Rammam-III HEPP [3x40 MW],National Thermal Power Corporation [NTPC],Ministry of Power,Electricity Generation,West Bengal,1381.84,2865.56,57.86,2026-07,0.8546603979091766,1.9535235497211403,0.12163269727751928,27.38895628384962,48.98076683783597,48.81465475933479,Amber,,-0.23042774676255817
400102,Sri Ram Sagar Project Stage - II,Irrigation and CAD-TG,"Department of Water Resources, River Development & GR",Water Resources,Telangana,736.13,949.87,97.0,2026-07,0.7595277159579248,5.245265018866853,0.21665483259695317,9.479217845579104,79.85412754336883,48.809127427743896,Amber,,0.0
618991,200 MW SPP part of 510 MW CPSU scheme,NLC India Limited [NLCIL],Ministry of Coal,Electricity Generation,Gujarat,1221.41,1221.41,0.0,2026-07,0.953627238177338,12.82237697352488,0.021783109502301706,-1.1333358400483302,9.028379512991284,48.77051738398198,Amber,,0.5056378592175435
618370,Improvement and Widening to 2-lane with paved shoulder of road from Km 101.300 to km 127.319 Total Length 26.019 Km i.e. the Khowai Teliamura-Amarpur-Harina- Sabroom section of NH 208 in the state of Tripura on EPC under JICA ODA Loan Phase VI Package-1,NHIDCL,Ministry of Road Transport & Highways,Roads & Highways,Tripura,431.78,431.78,63.15,2026-07,0.9701008797656017,7.713627733424789,0.004408149274521041,0.0,4.625480323911535,48.72545145200613,Amber,,2.0887999884240216
617913,6-laning of km 9.900 to km 19/948 Aramgarh to Shamshabad Section of Hyderabad- Bangalore section of NH-44 Under NHO EPC basis in the state of Telangana,MoRTH,Ministry of Road Transport & Highways,Roads & Highways,Telangana,283.15,300.7,92.62,2026-07,0.6181569325714603,0.43613733617888983,0.3562916814230334,10.413431789374417,9.716707173482373,48.72243069972468,Amber,,1.3111049801068333
616594,Interception & Diversion with Rehabilitation of sewerage scheme at Agra under Hybrid annuity based PPP model-Namami Gange Programme,National Mission for Clean Ganga,"Department of Water Resources, River Development & GR",Waste & Water,Uttar Pradesh,842.25,842.25,84.0,2026-07,0.8818387040681509,5.248997701704926,0.09207921583774699,0.8367807436353976,14.033624278216928,48.6958959952949,Amber,,-0.5845536152020756
618408,Kargil Zanskar Road,NHIDCL,Ministry of Road Transport & Highways,Roads & Highways,Ladakh,398.37,398.37,97.1,2026-07,0.9594475534201635,6.799263805463632,0.013350874185553228,0.0,22.148767830469097,48.63992138028584,Amber,,-0.1885627476885503
617405,Jamnagar Transmission Limited,Adani Transmission Limited,Ministry of Power,Transmission & Distribution,Gujarat,4000.0,4000.0,24.0,2026-07,0.9433490966378189,11.557210043905089,0.028603505093929185,2.6158991485543788,10.896138010498913,48.5976300865874,Amber,,-0.857654309930524
618299,Improvement/Up-gradation of existing 2-Lane Road to 4-Lane Divided Highway from Daili to Kuraopokpi section of Imphal-Kohima road NH-02 Design Chainage from Km 274610 to Km 287000 in the state of Manipur on EPC mode Pkg-4B,NHIDCL,Ministry of Road Transport & Highways,Roads & Highways,Manipur,268.98,268.98,76.63,2026-07,0.9503850210945319,9.707356012113554,0.021501304609615357,0.0,62.50316754727892,48.59431628520736,Amber,,1.3178434648060886
705514,Jarapaada-Budhapank with flyover at Talcher Road - 3rd & 4th line 47 44 km,CAO/C/ECOR ECoR mor,Ministry of Railways,Railways,Odisha,1000.0,928.54,25.0,2026-07,0.6031997836894397,-0.24944259714923872,0.36847807801391863,18.099256617284205,49.10966085036607,48.583893085167915,Amber,,-35.33863096158885
707087,Establishment of new GMC Pithoragarh,"Medical Education, Ministry of Health and Family Welfare",Ministry of Health & Family Welfare,Healthcare,Uttarakhand,325.0,768.89,78.0,2026-07,0.8846125913398415,8.435564879195821,0.08685760014561464,9.422940012527379,36.587731152436575,48.573509574272805,Amber,,-3.482319378746162
617807,Inter-regional [NR-WR] Transmission System strengthening to relieve the loading of 765 kV Vindhyachal-Varanasi D/c line,Power Grid Corporation of India Limited [POWERGRID],Ministry of Power,Transmission & Distribution,"Multi-States (Bihar, Uttar Pradesh)",2368.0,2368.0,6.38,2026-07,0.9639647831672941,7.243465710343495,0.007395836344117516,0.0,14.981869321572248,48.56803097557058,Amber,,0.6609469126580407
612916,"Construction of permanent campus of Central University of Gujarat at Village kundhela, Dist. Vadodara, Gujarat.",Central University of Gujarat,Department of Higher Education,Education,Gujarat,490.63,490.63,86.0,2026-07,0.9318181961863106,6.705466816570219,0.039304481516998016,0.1299304779116644,8.249861324301094,48.55613388516543,Amber,,0.32777080068417774
617413,Mobile connectivity in Left Wing Extremism [LWE] affected areas-Phase 1 Upgradation,Department of Telecommunications [DoT],Department of Telecommunications,Telecommunication,"Multi-States (Andhra Pradesh, Bihar, Chhattisgarh, Jharkhand, Madhya Pradesh, Maharashtra, Odisha, Telangana, Uttar Pradesh, West Bengal)",1884.6,1884.6,99.31,2026-07,0.9673293357667448,13.369329824589842,0.002104642318191314,-2.5217337597298157,4.9312154637809575,48.47169890424681,Amber,,0.05534089482178928
612787,Construction of New Domestic Terminal Building and Miscellaneous works at Hubli Airport,Airport Authority of India [AAI],Ministry of Civil Aviation,Aviation & Aviation Infrastructure,Karnataka,320.47,320.47,88.5,2026-07,0.9539125315281526,8.877973163606187,0.01499409252242141,0.0,19.093633231582686,48.4453312025287,Amber,,-0.03502095904529057
617214,"South Central Railway- Rail connectivity to Amaravati, Capital of Andhra Pradesh Errupalem- Amaravati- Namburu New line 57 km PB7/WR/2023-24",CAO/C/SCoR SCoR mor,Ministry of Railways,Railways,"Multi-States (Andhra Pradesh, Telangana)",2047.4,2047.4,0.0,2026-07,0.913992521868996,9.974254665709932,0.0546803469510266,35.00384467209297,7.402203241961568,48.43364344100113,Amber,Rapidly Deteriorating,20.109784877949064
617403,SADULPUR - CHURU DOUBLING PROJECT,North Western Railway [NWR],Ministry of Railways,Railways,Rajasthan,468.64,468.64,95.0,2026-07,0.9425815538903738,12.918282079523578,0.024890882572813088,2.1472803574043717,16.689950680550865,48.37362182315935,Amber,,0.5448992642942443
705498,Kalyan-Kasara - 3rd line 67.62 km,CAOC/CR CR mor,Ministry of Railways,Railways,Maharashtra,792.89,1395.5,73.0,2026-07,0.6581581882254609,10.811255359628873,0.30930965269380156,6.79280365804294,37.438464245472744,48.37339204596313,Amber,Newly At Risk,11.591670329519587
618265,Rehabilitation and upgradation to 2-lane with paved sholuders configuration of Miranpur Katra to radhaita section of NH-730CKm.114.000 to Km 137.250pakage-III in state of Uttar Pradesh undergreen national Highway Corridor ProjectGNHCP with the loan assistance of world Bank on EPC mode.,MoRTH,Ministry of Road Transport & Highways,Roads & Highways,Uttar Pradesh,172.5,169.56,92.0,2026-07,0.7953038315018739,7.179211638344125,0.17131704077600385,-0.0022262249296718,24.98523146390876,48.33104361389389,Amber,,0.6953575914300387
618282,4-L Bilasipara-Guwahati Package-10,NHIDCL,Ministry of Road Transport & Highways,Roads & Highways,Assam,1264.9,1264.9,64.48,2026-07,0.9027013088190472,7.328654426943319,0.06350320634958577,0.0,3.779156142816332,48.31022575843165,Amber,,1.0424323874583337
618409,Widening & Up-gradation to 2 lane with Paved shoulder of NH-301 Kargil- Zanskar Road from Design km 57.000 Ex. Km. 57.905 to Km 87.000 Ex. Km. 88.2491 of 30.000 Km length Pkg-lll,NHIDCL,Ministry of Road Transport & Highways,Roads & Highways,Ladakh,381.01,381.01,91.01,2026-07,0.9609021296825658,5.307701097757892,0.005221735672779091,0.0,2.7521498162905256,48.30619326776724,Amber,,-0.197809082551899
607709,NORTH EASTERN REGION POWER SYSTEM IMPROVEMENT PROJECT [NERPSIP],Power Grid Corporation of India Limited [POWERGRID],Ministry of Power,Transmission & Distribution,"Multi-States (Assam, Manipur, Meghalaya, Mizoram, Nagaland, Tripura)",5111.33,6700.0,99.2,2026-07,0.8694940560813512,8.324209782541455,0.0963872146662976,4.332470753041806,40.76584001413124,48.29406353738244,Amber,,1.613588302565688
701122,Development of New Integrated Civil Enclave at Agra Airport,Airport Authority of India [AAI],Ministry of Civil Aviation,Aviation & Aviation Infrastructure,Uttar Pradesh,579.0,579.0,44.94,2026-07,0.953001871628749,9.770853745031639,0.011709139578882751,0.0,5.970444385380214,48.23555056038159,Amber,,0.5111722538151113
617299,50 MW Wind Power Project,NLC India Limited,Ministry of Coal,Electricity Generation,Gujarat,383.84,383.84,52.0,2026-07,0.8936053503672093,7.7299525603438655,0.07014448794409942,5.465189731004625,32.85416644805145,48.18749191556544,Amber,,1.079936345205489
618467,Vadodara Mumbai Expressway Karvad - Jujuwa from Km. 128.000 to Km. 154.600 Phase-I Package-IX,NHAI,Ministry of Road Transport & Highways,Roads & Highways,Gujarat,2594.17,2587.04,21.75,2026-07,0.83676140884305,7.792948463516658,0.12692446869210058,4.220404236947973,25.68219165478475,48.18429387675753,Amber,Stalled and Overdue,1.569669906248798
616604,Pollution Abatement works for River Ganga at Hooghly Chinsurah- Municipal Town Interception & Diversion with STP,National Mission for Clean Ganga,"Department of Water Resources, River Development & GR",Waste & Water,West Bengal,154.73,154.73,94.0,2026-07,0.8767052207299246,10.044644474326345,0.08672503451057563,3.3538794495790474,62.031828474561465,48.17151276202502,Amber,,-0.14700822596934415
618667,4L of near Satai Ghat to Chowka section of NH-34 from D. Ch. 89.875 to D. Ch. 145.000 Package-3,NHAI,Ministry of Road Transport & Highways,Roads & Highways,Madhya Pradesh,1005.59,882.21,38.26,2026-07,0.6551984796569946,7.026552024392405,0.3080205201797559,-2.944911015145335,12.609091526708717,48.160949991837526,Amber,,6.405467080129725
701128,Construction of New Integrated Passenger Terminal Building at Udaipur Airport,Airport Authority of India [AAI],Ministry of Civil Aviation,Aviation & Aviation Infrastructure,Rajasthan,887.0,887.0,78.71,2026-07,0.9492913331535436,9.0485505121781,0.013902982500984111,0.0,12.961621412170317,48.15971578272639,Amber,,0.06942223727292429
618950,Construction of Bypass to NH-114A Connecting NH-333 and NH-133 Deoghar Bypass from design km 0.000 to design Km 49.000,NHAI,Ministry of Road Transport & Highways,Roads & Highways,Jharkhand,1565.47,1565.47,12.0,2026-07,0.32751582249457556,5.051534501322943,0.6353291599486435,-0.8460376479515861,15.369369590427734,48.142249122160955,Amber,,-4.479639065309293
618480,Construction of Trumpet Interchange Connecting Bangalore Chennai Expressway km.261705 to km. 262800 with Maduravoyal to Walajapet Section of NH 48 near Sriperumbudur Toll Plaza at km. 35700,NHAI,Ministry of Road Transport & Highways,Roads & Highways,Tamil Nadu,162.55,162.56,38.52,2026-07,0.7945623720045522,5.324799193088055,0.1680945928492392,5.29529681510453,70.55858740079582,48.13284824268957,Amber,,-0.08755796382097714
707021,Establishment of new GMC Koderma,"Medical Education, Ministry of Health and Family Welfare",Ministry of Health & Family Welfare,Healthcare,Jharkhand,250.0,504.8,40.0,2026-07,0.9514199173225034,14.928357294727537,0.010677581582357161,-3.968186293319476,17.04671558783146,48.10487494524303,Amber,,-0.24746163083432293
617946,Kashedi to Parshuram Ghat section of NH-66 from Km 161/600 - Km 205/400 - 4L PS,MoRTH,Ministry of Road Transport & Highways,Roads & Highways,Maharashtra,1142.62,1142.62,97.5,2026-07,0.7251556593333339,8.851169480525405,0.23640775617291887,0.0,5.830435344591846,48.07817077531264,Amber,,-1.2261916318551513
618419,"Construction of 2-Lane with paved shoulders of Shillong Western Bypass starting from NH-06 near Ladumsaw existing Km 60.900 of old NH40 to NH106 old NH 44E Package-III, from km 24700 to km 38256 under SARDP-NE PHASE A in the state of Meghalaya on EPC Mode Greenfield alignment",NHIDCL,Ministry of Road Transport & Highways,Roads & Highways,Meghalaya,562.48,562.48,52.28,2026-07,0.9490783415607027,12.122077999862986,0.01115844769887484,0.0,4.625480323911535,48.01183946297888,Amber,,1.4434145413427828
617270,Eastern Region Expansion Scheme-44 [ERES-44],Power Grid Corporation of India Limited [POWERGRID],Ministry of Power,Transmission & Distribution,"Multi-States (Bihar, West Bengal)",408.94,408.94,1.5,2026-07,0.9159803915111616,8.413405987044841,0.04378555042206358,0.0,21.249352066602494,47.988297096661256,Amber,Stalled and Overdue,-2.615011992078543
619024,Mahan Transmission Limited,Adani Transmission Limited,Ministry of Power,Transmission & Distribution,Madhya Pradesh,3125.32,3125.32,30.0,2026-07,0.9565475827490515,5.932966881048138,0.0030361577465945664,2.6173275344248164,9.61698663264821,47.979187024782306,Amber,,1.1021354284543676
707058,Establishment of new GMC Rajgarh,"Medical Education, Ministry of Health and Family Welfare",Ministry of Health & Family Welfare,Healthcare,Madhya Pradesh,325.0,325.0,86.0,2026-07,0.934620503662264,37.79757710544644,0.024720322244730742,-1.094842089033996,20.8588627231344,47.96704129534974,Amber,,1.115153852912158
618369,Improvement and Widening to 2-lane with paved shoulder of road from existing Km 438.170 Khowai Chowmuhani to existing Km 439.410 South Pulinpur of NH-08 and from design Km 0.000 South Pulinpur to design Km 36.00 near Rangamati of NH 208 on Khowai Teliamura- Harina section Total length 37.24 in the state of Tripura on EPC mode under JICA ODA Loan Phase VI Package-2,NHIDCL,Ministry of Road Transport & Highways,Roads & Highways,Tripura,657.21,657.21,60.7,2026-07,0.9540370238269772,7.162468641130673,0.005234324682889001,0.0,4.625480323911535,47.96356742549331,Amber,,5.935160881927736
606431,CONSTRUCTION OF PERMANENT CAMPUS FOR IIT PALAKKAD UNDER PHASE 1A,INDIAN INSTITUTE OF TECHNOLOGY PALAKKAD,Department of Higher Education,Education,Kerala,1006.45,1217.4,86.5,2026-07,0.7791971399958969,2.980323929357733,0.17956244249931805,2.103859387467613,16.922135311095964,47.93797912476075,Amber,,2.129933877269991
547243,BharatNet Phase-II,Department of Telecommunications,Department of Telecommunications,Telecommunication,PAN India,22174.56,22174.56,93.33,2026-07,0.9558431232411907,45.83462785315676,0.0027531218483248725,0.17727063994527323,5.532113067227087,47.92981225447578,Amber,,
618410,Widening & Up-gradation to 2 lane with paved shoulder of NH-301 Kargil- Zanskar Road from Design Km .30.040 Ex. Km. 30.000 to Design Km 57.000 Ex. Km. 57.905 of 26.960 Km length Pkg-II,NHIDCL,Ministry of Road Transport & Highways,Roads & Highways,Ladakh,404.89,404.89,84.94,2026-07,0.9416577318473298,5.949065722713373,0.016389919006063385,0.0,2.7521498162905256,47.902382542669656,Amber,,-0.2991775729064656
618390,"Construction, Operation & Maintenance of 2-L Bi-directional Silkyara Bend- Barkot Tunnel with escape passage including approaches Tunnel-4.531 & Approach road- 0.328 on Dharasu-Yamunotri section b/w Chainage 25.400km and 51.00km falling along NH-134 Old NH-94 on EPC mode",NHIDCL,Ministry of Road Transport & Highways,Roads & Highways,Uttarakhand,1383.78,1383.78,76.03,2026-07,0.9446265478834066,14.572773332813673,0.01239586658159849,-0.03835834224983898,4.367862004630006,47.851120723250254,Amber,,-0.6508465721282946
618121,Improvement to two lane with paved shoulders of NH-319A from km 0 to km 45 in state of Bihar under EPC mode,MoRTH,Ministry of Road Transport & Highways,Roads & Highways,Bihar,427.29,427.29,93.0,2026-07,0.8741689915287075,6.926009629557149,0.08273272573265515,0.0,4.520912641628384,47.845085863068135,Amber,,1.8152004170789695
707229,"Integrated Command control Center [ICCC] - Construction and Development of Integrated Command Control Center with Security, Surveillance, ITMS, Connecting Port, Ship Service, Smart Solid Waste Management, Smart Public Transport System",ministry of housing and urban affairs,Ministry of Housing & Urban Affairs,Real Estate,Andaman & Nicobar,209.88,230.0,97.0,2026-07,0.9510807011023934,7.821641863416878,0.0036061225694767854,-5.385154654385842,13.121513896645427,47.73434118359351,Amber,,0.0
618368,Improvement and Widening to 2-lane with paved shoulder of road from design Km 36.000 Rangamati to design Km 72.000 Pati Chhari Total length 36.000 Km on Teliamura to Harina section of NH 208 in the state of Tripura on EPC mode under JICA ODA Loan Phase VI Package-3,NHIDCL,Ministry of Road Transport & Highways,Roads & Highways,Tripura,670.9,670.9,14.7,2026-07,0.9507668963808887,9.482920295433583,0.0033887562652234033,0.0,3.6661640547635606,47.70778263230561,Amber,,3.7289762761412106
618377,Improvement/Widening to 2-L with Paved Shoulder/4-L from Km 81740 to Km 93490 design Km 0000 to Km 10670 of NH-40 New NH-106 & 206 section & 4-L from design Km 0.00 to Km 0.930 of NH-44 section between Shillong-Dawki under JICA ODA Loan assistance Phase-II -Balance Work Pkg-1,NHIDCL,Ministry of Road Transport & Highways,Roads & Highways,Meghalaya,351.12,351.12,100.0,2026-07,0.9388178412772914,7.5603341422647645,0.01414144799427471,0.0,22.760021494556486,47.647964463578305,Amber,,1.5504071398145243
617899,Widening and Strengthening to 4LPS/2LPS from km 0.000 to 35.800 Kuakhia - Mangalpur section of NH 20 in the state of Odisha on Annual Plan 2021-22,MoRTH,Ministry of Road Transport & Highways,Roads & Highways,Odisha,636.1,636.1,56.11,2026-07,0.9339465419888654,9.215549251181002,0.018802106484701146,-0.002619959984654645,3.0285192139310997,47.63743242367833,Amber,,0.2806071540830999
702958,Lucknow Sewerage Management Infrastructure Project,Ministry of Housing & Urban Affairs,Ministry of Housing & Urban Affairs,Waste & Water,Uttar Pradesh,142.46,173.21,95.0,2026-07,0.8327486113687979,6.5032586039556985,0.11966752658339058,4.580049995538126,77.35865199520725,47.62080689760943,Amber,,1.6369834999046589
705735,Solapur-Osmanabad - New line via Tuljapur 84.44 km umbrella work PB23/2018- 19/NR,CAOC/CR CR mor,Ministry of Railways,Railways,Maharashtra,904.92,1647.87,22.0,2026-07,0.49265358311284563,4.829547579268267,0.45975852512887166,9.302615590836808,54.083606774227476,47.620605412085865,Amber,Rapidly Deteriorating,19.540405745051217
618141,Widening and Improvement of existing carriage way to 2 lane with paved shoulders from Km. 86/160 to 131/730 of Jangaon-Duddeda section of NH-365B in the State of Telangana on EPC Mode,MoRTH,Ministry of Road Transport & Highways,Roads & Highways,Telangana,423.48,423.48,77.85,2026-07,0.9338982759770674,9.92589710912919,0.01665889928646961,0.0,4.74066929452732,47.52785876317685,Amber,,-1.0874066597181766
705419,Gwalior-Sheorpurkalan with extension to Kota 284 km,CAO/C/NCR NCR mor,Ministry of Railways,Railways,Madhya Pradesh,2913.0,3947.0,91.0,2026-07,0.7303688327169442,12.559620010968146,0.2192605855117179,15.251234853377214,98.56941746347682,47.48147091143311,Amber,,-13.816653951078798
618304,"Widening/Improvement to 2 Lane with earthen shoulder of Jessami to Laynen bridge Nagaland border section of NH-29 of Imphal -Ukhrul - Jessami Economic Corridor from km 0.000 to km 11.009 in the State of Manipur on EPC mode under Bharatmala Pariyojana, under NHO-NE Package-7",NHIDCL,Ministry of Road Transport & Highways,Roads & Highways,Manipur,164.89,164.89,28.12,2026-07,0.9365767323942628,9.749942820291418,0.012365548550461146,0.0,34.17704324080694,47.44711404723619,Amber,Stalled and Overdue,1.5112298823202224
611602,"Modernization of Chennai Airport, Phase II, Part 2",Airport Authority of India [AAI],Ministry of Civil Aviation,Aviation & Aviation Infrastructure,Tamil Nadu,1207.0,1207.0,46.0,2026-07,0.897545402262955,6.598474894210656,0.050680808216133195,0.0,9.878253102810472,47.411310523954405,Amber,Stalled and Overdue,0.2006769045334451
618060,Widening and Strengthening of existing paveemnt to two lane with paved shoulders from km 116.00 to km 176.355 of NH-75E in the State of Jharkhand on EPC mode.,MoRTH,Ministry of Road Transport & Highways,Roads & Highways,Jharkhand,315.21,315.21,89.0,2026-07,0.9416824822625325,10.498056283756583,0.006252803312019535,0.0,2.680089551489155,47.3967642787276,Amber,,0.5934993116385598
618411,Melaghar-Srimantapur section on NH-08 Spur from Km 23 to Km 34.500 11.5 Km and overlay from Km 20.30 to Km 22.00 1.7 Km Total Length 13.2 Km,NHIDCL,Ministry of Road Transport & Highways,Roads & Highways,Tripura,195.95,195.95,72.48,2026-07,0.936761331722087,6.440504196645094,0.010296748106979161,-0.0015356830334386992,6.936184294269419,47.3529039914533,Amber,,-0.6614684878621517
613002,Redevelopment of Chennai Egmore Station,Ministry of Railways,Ministry of Railways,Railways,Tamil Nadu,842.0,842.0,0.0,2026-07,0.9216943370558489,16.295872111083497,0.02509708324481479,12.247632650868194,24.61364293568223,47.33957101503318,Amber,Stalled and Overdue,0.0
609019,"HEFA projects on development of student hostels, playgrounds, departmental buildings, class room complex and other campus facilities in IIT Kharagpur","Indian Institute of Technology, Kharagpur",Department of Higher Education,Education,West Bengal,500.0,442.0,97.0,2026-07,0.9078945867533468,-2.1107262823026534,0.03646151008737818,3.205682351134498,17.801181251003214,47.21780484203625,Amber,,-0.6534404000129399
618420,"Construction of 2 lane with paved shoulder of Shillong Western Bypass starting from NH-06 near Ladumsaw existing km 60.900 of old NH-40 to NH-106 old NH-44E, Package-II km 12800 to km 24700 under SARDP-NE Phase A in the State of Meghalaya on EPC Mode",NHIDCL,Ministry of Road Transport & Highways,Roads & Highways,Meghalaya,686.03,686.03,50.48,2026-07,0.9412346090470332,12.728539295066811,0.0028489966293380915,0.0,4.625480323911535,47.204180283818566,Amber,,-0.04659900609239287
618054,Construction of Balrampur bypass with 2L flexible pavement configuration from km.223.000 of NH-330 to km.328.300 of NH-730 under EPC mode,MoRTH,Ministry of Road Transport & Highways,Roads & Highways,Uttar Pradesh,515.69,515.69,56.0,2026-07,0.9312519141314746,7.752231907321505,0.012736903020172897,0.0,0.06221552515199747,47.199440857582374,Amber,,-0.8757800870670494
705481,Ramganj Mandi-Bhopal 262 km,CPM/Kota WCR mor,Ministry of Railways,Railways,"Multi-States (Madhya Pradesh, Rajasthan)",3032.0,5074.76,86.0,2026-07,0.46161372434196507,4.279504448490537,0.4814907739302504,17.783880299028812,41.28821769560556,47.15522491361077,Amber,,
701126,"Development of Dholera International Greenfield Airport , Gujarat",Airport Authority of India [AAI],Ministry of Civil Aviation,Aviation & Aviation Infrastructure,Gujarat,1305.0,1551.0,88.0,2026-07,0.9279251943272774,11.15172878061792,0.014245212571126946,-0.6693448239723903,20.51644177694064,47.108520344920215,Amber,,-2.4166364199003283
618385,Rehabilitation and up-gradation of road from design km 25.250 to km 36.460 Total lengh 11.210 km of Kailashahar-Kurti Bridge section on NH-208A to 2-lane with paved shoulder on EPC basis under NHO Package-III- Balance Work,NHIDCL,Ministry of Road Transport & Highways,Roads & Highways,Tripura,174.43,174.43,53.14,2026-07,0.9376297081948097,15.249378583543443,0.00414637316314392,-0.0015356830334386992,7.409354433619446,47.088804067897684,Amber,,1.2855683000856999
616886,Delhi University Eastern Campus at Surajmal Vihar,Delhi University,Department of Higher Education,Education,Delhi,373.0,373.0,14.0,2026-07,0.9311707480195707,6.329350523970971,0.010408269613151229,-0.07614044936231326,18.247620316342022,47.078950881636096,Amber,,0.936914198632607
705458,Miyagam-Karjan-Dabhoi-Samlaya 96.46 km- Gauge conversion with electrification,CAOCWR WR mor,Ministry of Railways,Railways,Gujarat,483.88,1015.07,34.0,2026-07,0.8955790312288929,1.9727012047675268,0.045683881198937674,9.646864593878188,104.80310184107337,47.06314562139153,Amber,Rapidly Deteriorating,17.42968912698695
618106,Widening and Strengthening to 2/4 lane with paved shoulders of Mahabubnagar Chincholi section from Km 0/0 to Km 60/255 of NH-167N in the state of Telangana under Annual plan 2021-22 on EPC modepackage-I under NHO Job No.167N-TS- 2021-22-75,MoRTH,Ministry of Road Transport & Highways,Roads & Highways,Telangana,703.68,703.68,90.69,2026-07,0.9264744141700127,13.787977001803089,0.014563574804650864,0.023325784941596667,32.55348289048166,47.05189944873318,Amber,,4.806592213883455
617939,6-Laning of Pune-Hyderabad Section of NH-65 from Km 493/0 to Km 524/0 from Sangareddy X Roads to Madinaguda in the State of Telangana,MoRTH,Ministry of Road Transport & Highways,Roads & Highways,Telangana,1297.75,1297.75,45.85,2026-07,0.9240482932952279,10.97249475595017,0.01689985817102306,0.0,0.45220021780352715,47.04740757331255,Amber,,0.2689371579585824
618932,Construction of 6 lane Indore western bypass from km 0000 to Km 34000 Pkg -l in the State of Madhya Pradesh on Hybrid Annuity Mode under NHO,NHAI,Ministry of Road Transport & Highways,Roads & Highways,Madhya Pradesh,1534.7,1472.68,27.6,2026-07,0.7394396346548533,5.132238934545982,0.2001517395649494,6.250222159224009,42.075342102547864,46.97956871099013,Amber,,-3.2222327092725607
707039,Establishment of new GMC Gangtok,"Medical Education, Ministry of Health and Family Welfare",Ministry of Health & Family Welfare,Healthcare,Sikkim,250.0,635.21,92.0,2026-07,0.9182054087082361,8.992352947443424,0.020711656214958504,-3.304069497704968,13.66952185385923,46.94585324615973,Amber,Newly At Risk,14.673000330149321
618071,Construction of two lane with paved shoulder Gangtok Bypass Road from Ranipool to Burtuk Ch 0.00 Km to 23.316 L23.316 Km in the State of Sikkim,MoRTH,Ministry of Road Transport & Highways,Roads & Highways,Sikkim,385.15,342.89,92.0,2026-07,0.9296591766358449,5.464197670074752,0.008716606104987921,-0.003761907963110499,1.4836950523898347,46.91878913704164,Amber,,0.01180184933724604
606013,Additional Campus of NITPatna,NIT Patna,Department of Higher Education,Education,Bihar,499.21,499.21,98.6,2026-07,0.8261757219144408,9.219066881606649,0.11210484152420046,8.83145707035527,19.841286636756866,46.91402817193206,Amber,,1.609098555569041
612845,Pachora-Jamner with extension upto Malkapur-Narrow gauge to broad gauge 84 km,CAOC/CR CR mor,Ministry of Railways,Railways,Maharashtra,955.39,2093.82,10.0,2026-07,0.6085134066351648,2.2894927802668796,0.3296477533829609,3.6978478369172176,15.435783522357912,46.90805800090628,Amber,Rapidly Deteriorating,18.657420208972393
618966,Six laning with both sides Service Road of Ayodhya Bypass from Design Km 0000 near Ashram Tiraha on NH-46 to Km 16439 end at Ratnagiri Tiraha on Nh-146,NHAI,Ministry of Road Transport & Highways,Roads & Highways,Madhya Pradesh,1123.17,1103.22,21.61,2026-07,0.8965940235791453,6.535041465561845,0.03796221374628567,-5.740912121631122,9.883470378592147,46.72781186627155,Amber,,1.275065473903922
606479,Banaras Hindu University [ Kayakalp of Institute of Medical Sciences],Banaras Hindu University,Department of Higher Education,Education,Uttar Pradesh,246.0,246.0,99.1,2026-07,0.8726018314921661,-6.064794719491388,0.06121619565941291,-0.9512070621037928,13.24518324037324,46.69090135757895,Amber,,2.3145258577838703
617803,Transmission System Strengthening at Davanagere for Integration of RE Generation [SPV Name - POWERGRID Davanagere Power Transmission Limited],Power Grid Corporation of India Limited [POWERGRID],Ministry of Power,Transmission & Distribution,Karnataka,379.0,379.0,2.5,2026-07,0.9267879931837244,6.649880121199831,0.006171481370445392,0.0,9.027648863489654,46.64797372770849,Amber,,3.9774735818099316
705639,Ernakulam-Kumbalam - Patch doubling 7.71 km,CAO/CN/ERS SR mor,Ministry of Railways,Railways,Kerala,601.0,827.5,25.0,2026-07,0.5971623742924351,11.464306381625795,0.3347278976987066,8.690357915039158,18.02550006215823,46.59451359955709,Amber,,-6.681159568044436
617940,"Rehabilitation and Upgradation of LB-Nagar to Malkapur section to 6-Lane main carriageway with service roads, drains cum footpath, including VUPs and widening of Minor bridge & road safety provisions from Km. 15/00 to Km 40/00 of NH-65 Old NH-9 under NH O for the year 2020-21 in the state of Telangana on EPC Mode.",MoRTH,Ministry of Road Transport & Highways,Roads & Highways,Telangana,545.11,545.11,83.47,2026-07,0.915892997035654,9.04915537531861,0.01560340858950116,0.0,4.695318182750595,46.57482028125776,Amber,,1.1591436866340672
706865,Chandorgaon-Cansaulim rail flyover 16 km Umbrella work PB57/2019-20/NR,CAOC/SWR SWR mor,Ministry of Railways,Railways,Goa,1892.0,1892.0,0.0,2026-07,0.8646940537259543,7.697466623374411,0.06607448538291737,16.93792549312412,72.04691925499432,46.53842695544358,Amber,,5.16795175027049
618421,"Construction of 2-Lane with paved shoulder of Shillong Western Bypass starting from NH-06 near Ladumsaw Existing km 60.900 of old NH-40 to NH106 old NH-44E, km 0000 to km 12800 Package-I under SARDP-NE PHASE A in the State of Meghalaya on EPC Mode Greenfield alignment",NHIDCL,Ministry of Road Transport & Highways,Roads & Highways,Meghalaya,620.3,620.3,74.85,2026-07,0.9259171461043153,11.499870339296137,0.004770420405460174,0.0,4.625480323911535,46.534378325488774,Amber,,0.7729622138379284
618811,4L Access Controlled Greenfield Highway Section Mancherial Warangal from Pangidipalle village at Design Ch. 72.350 Km to Oorugonda village at Design Ch. 112.240 KmPackage-III,NHAI,Ministry of Road Transport & Highways,Roads & Highways,Telangana,1183.71,1170.64,5.63,2026-07,0.7903818980785655,8.38766589578161,0.14022383408764746,-3.401466924558637,16.159072049150257,46.530286608310654,Amber,,1.5201304740149624
619204,"Capacity Augmentation in the stretch of Pimpri Sado Vadape section of NH848 Km. 460900 to Km. 537000 by Construction of Slip/Service Road on either side at various locations total length 25.140 Km LHSRHS, Flyover 2 x 25m at Borivali Junction Km. 528550 & LVUP 1 x 15m at Sherekarpada Km. 528800",NHAI,Ministry of Road Transport & Highways,Roads & Highways,Maharashtra,372.03,372.03,1.0,2026-07,0.6206664310201653,3.599846349186142,0.3095696741971723,-1.962883017977873,40.46737165095774,46.51180526086688,Amber,Rapidly Deteriorating,19.254180002133204
618319,"4-Laning of Sethawn - N. Kawnpui section Package-6 of NH-6 from Existing Chainage km 107850 to km 126315 Design Chainage km 95500 to km 111850 on Silchar- Vairengte- Sairang road, Vairengte - Sairang Pkg-6",NHIDCL,Ministry of Road Transport & Highways,Roads & Highways,Mizoram,595.65,595.65,6.72,2026-07,0.8236019179791914,1.0842470906679473,0.10637211601463725,-0.2363110492030545,0.3772580967014002,46.49870169969143,Amber,,5.169976369759667
706718,C/o NITB Imphal Airport,Airport Authority of India [AAI],Ministry of Civil Aviation,Aviation & Aviation Infrastructure,Manipur,499.0,499.0,53.14,2026-07,0.8768870546555303,11.285713679228444,0.05277214444793989,0.0,15.735137884374481,46.482959955173506,Amber,,-0.6641037583889045
709797,POL & LOBS Installations with Receipt Pipelines at Rasayani,Bharat Petroleum Corporation Limited [BPCL],Ministry of Petroleum & Natural Gas,Oil & Gas,Maharashtra,2585.0,2585.0,87.3,2026-07,0.7034602853102787,9.210231879045732,0.2259044033348826,14.74400937971975,40.27451046831848,46.468234432258065,Amber,,3.5025035226163155
707059,Establishment of new GMC Mandla,"Medical Education, Ministry of Health and Family Welfare",Ministry of Health & Family Welfare,Healthcare,Madhya Pradesh,325.0,325.0,45.0,2026-07,0.9257274314046489,17.893213645499284,0.0033964775203239933,-1.3524519497499154,11.770331987836721,46.45619544624864,Amber,Stalled and Overdue,0.8460865044441448
705433,Dallirajhra- Rowghat New Railway Line - Phase I [95 km],Rail Vikas Nigam Limited,Ministry of Railways,Railways,Chhattisgarh,1628.0,1628.0,82.0,2026-07,0.844041947830108,5.945609863079778,0.08455294341822212,3.4951911858696896,89.58972864375248,46.42974456241651,Amber,,0.0
604833,"Andheri Residential Towers, Mumbai",Indian Oil Corporation Limited [IOCL],Ministry of Petroleum & Natural Gas,Energy Storage,Maharashtra,281.35,389.67,86.0,2026-07,0.8483803729788122,8.263171162095558,0.07991897215022689,6.771367712764331,39.26615616251377,46.41496725645196,Amber,,-12.526381438193233
618070,Widening to 2 Lanes with paved shoulders from Km.87/000 to 133/720 Nattukal to Thanau Jn. in Palakkad of NH-966 Old NH-213 on EPC mode Basis under NHO Annual Plan 2016-17 in the state of Kerala,MoRTH,Ministry of Road Transport & Highways,Roads & Highways,Kerala,294.28,315.63,98.0,2026-07,0.7965567791035867,22.05828235754644,0.1314905730125741,0.9971564380760839,16.680176161766028,46.40236760580804,Amber,,0.0
618204,Construction of realignment between Pandrass- Pashkyun Total length 27.10 km on road Zozila-Kargil -Leh NH-1 to 2 lane specifications i.e. Drass alignment 9.30 km Kharboo realignment 6.30 km & Kargil alignment 11.50 km under project Vijayak BRO in the UT of Ladakh on EPC Mode,MoRTH,Ministry of Road Transport & Highways,Roads & Highways,Jammu and Kashmir,426.15,426.15,54.89,2026-07,0.9071271720212616,6.724344984680533,0.02053507410950149,0.0,0.8699622612164161,46.38311230653815,Amber,,-0.041357268755987775
618221,Rehabilitation and upgradation to 2 lane with paved shoulder from existing chainage Km 166.100 to Km 192.98 design chainage Km 146.700 to Km 162.800 including construction of Bhimber Gali Tunnel Total Length of Tunnel 1.100 Km under 31 BRTF on Akhnoor-Poonch Roads on EPC mode NH-144A Package-VII,MoRTH,Ministry of Road Transport & Highways,Roads & Highways,Jammu and Kashmir,734.64,734.64,60.0,2026-07,0.8880473557567649,8.045206718192695,0.03900620592401322,-0.0015356830334386992,4.384405651675725,46.35267808403891,Amber,,0.8115668702525198
619138,Yekkambi-Haveri,NHAI,Ministry of Road Transport & Highways,Roads & Highways,Karnataka,294.62,309.9,24.7,2026-07,0.8226456986120015,6.024685699307046,0.1042935504581466,5.907544256783633,33.383769054389525,46.34696245350741,Amber,Stalled and Overdue,-1.5648836688525094
618305,Widening/Improvement to 2 lane with earthen shoulder of Marrem Khullen to Jessami section of NH-202 of Imphal - Ukhrul - Jessami Economic Corridor from Design Chainage km 95.700 to km 140.180 in the State of Manipur on EPC mode under Bharatmala Pariyojana under NHO-NE Package-6,NHIDCL,Ministry of Road Transport & Highways,Roads & Highways,Manipur,554.66,554.66,26.22,2026-07,0.9184898697666,7.366821716298294,0.007946323975030875,0.0,30.618693505316788,46.32180968708155,Amber,,0.06812398350940896
610984,Development of Jharia CBM Block [Phase-1],Oil and Natural Gas Corporation Limited [ONGC],Ministry of Petroleum & Natural Gas,Oil & Gas,Jharkhand,431.0,431.0,66.2,2026-07,0.8473200180688258,10.113515643635031,0.07908616044872566,-1.1041571624529154,19.82680760991712,46.320308925877576,Amber,,0.8488657183671577
701415,Polavaram Irrigation Project,Water Resources-AP,"Department of Water Resources, River Development & GR",Water Resources,Andhra Pradesh,10151.04,55548.87,86.15,2026-07,0.8480149664190874,14.85373749426193,0.07812396242154111,-4.679933208475842,72.99170869820547,46.306946442031425,Amber,,-0.5180376872738961
400174,"New Sinter Plant at BSL, SAIL",Steel Authority of India Limited [SAIL],Ministry of Steel,Steel,Jharkhand,1034.01,1752.3,64.26,2026-07,0.9135846988580648,13.735009505306842,0.012351827009120743,15.19537633006578,32.601981793836984,46.29682629335928,Amber,,2.3638627606186873
618092,Up-gradation to 2 lane with paved shoulder from Neechli Oden Nathdwara at Design Km 88.800 existing km 55.95 to Bhatewar at Design Km 142.028 existing km 0.00 of NH-162E in the State of Rajasthan on EPC mode.,MoRTH,Ministry of Road Transport & Highways,Roads & Highways,Rajasthan,606.61,606.61,63.52,2026-07,0.9155753252417659,12.029082908462732,0.008834372141019958,0.0,1.9320313419659265,46.22048486913929,Amber,,2.0731389887315927
618392,"Construction for Mitigation Measures of 5 Nos. Landslides, 5 Nos. Sinking Zones in between Ch. 433.00 to 450.00 BANERPANI VILLAGE on NH-07 on EPC mode in the state of Uttarakhand Package-2",NHIDCL,Ministry of Road Transport & Highways,Roads & Highways,Uttarakhand,259.64,259.64,68.45,2026-07,0.9195939571171066,9.02170616889754,0.004208704883536252,-0.040814717504673435,7.3174124630402115,46.190133100032135,Amber,,1.057841017704618
615915,Rourkela-Bondamunda A-Cabin 5th line 10 km Umbrella work PB57/2019-20/NR,CAO/C/SER SER mor,Ministry of Railways,Railways,Odisha,244.99,244.99,45.0,2026-07,0.7420465549297967,3.696383182524636,0.17989186294570647,14.249471256046224,43.36206496398502,46.096920893775156,Amber,,0.05362474508427084
400280,Phase II extension of MRTS from Velachery to St Thomas Mount,Ministry of Railways,Ministry of Railways,Railways,Tamil Nadu,734.0,734.01,99.9,2026-07,0.9126047019811278,2.250546887727546,0.009021787341990347,9.311493707314417,115.94417708226707,46.081324466155905,Amber,,0.0
602098,"Construction of Permanent Campus for IIM Jammu Phase-1 at Jagti, Nagrota, Jammu, J&K","Indian Institute of Management, Jammu",Department of Higher Education,Education,Jammu and Kashmir,424.93,500.91,96.0,2026-07,0.8099267716144688,-6.190226895659649,0.11133130384644584,4.961388752045429,18.90985536541098,46.06290377304573,Amber,,0.0
619056,"Darlipali Super Thermal Power Project, Stage-II [1x800 MW]",National Thermal Power Corporation [NTPC],Ministry of Power,Electricity Generation,Odisha,11131.0,11131.0,2.7,2026-07,0.894615356153789,3.000231635933315,0.026149425648496052,0.3107468677334651,8.484336035422134,46.03823909011425,Amber,,0.8645275023235328
709840,"Restoration of Gas Terminal, Phase-I [Part-A], Hazira",Oil and Natural Gas Corporation Limited [ONGC],Ministry of Petroleum & Natural Gas,Oil & Gas,Gujarat,249.43,249.43,97.6,2026-07,0.836541409872647,18.07632721051002,0.08362631518580409,2.487615553572019,22.6155981673591,46.008386252922556,Amber,,1.376824894539041
618307,Rehabilitation and up-gradation of road from km 16.077 to km 43.935 total length 27.858 km of Lalchara-Kanchanpur section via Shivbari on NH-44A to 2 lane with paved shoulder in the state of Tripura on EPC Mode Pkg-2 under BharatMala Pariyojana Manu-Simlung -2,NHIDCL,Ministry of Road Transport & Highways,Roads & Highways,Tripura,456.88,456.88,54.56,2026-07,0.9145442262232836,9.79250781089438,0.003736360864427062,0.0,4.647214759269806,45.914029354385534,Amber,,3.284093285739914
618009,Balance work of Construction of Ring Road for Raebareli City on eastern side of NH- 24B Phase-1 on EPC mode.,MoRTH,Ministry of Road Transport & Highways,Roads & Highways,Uttar Pradesh,319.96,347.8,95.0,2026-07,0.7927949013412585,7.440928674112979,0.12543387225972336,-0.16639261422527993,3.2963848223923065,45.911438680049095,Amber,,0.0
618172,Paithan - Shirur section 2LPS Km 0.0 to 55.00,MoRTH,Ministry of Road Transport & Highways,Roads & Highways,Maharashtra,341.8,341.8,82.0,2026-07,0.7499972555088481,15.349037540554141,0.16766672451496192,0.5538550356467516,9.697631924248133,45.8831990011905,Amber,,2.8636993985427424
618383,Widening and up-gradation to 2-lane with paved shoulder configuration and geometric improvements from km 339.00 to km 380.00 Siaha on Aizawl-Tuipang section under JICA ODA Loan assistance Phase-I Package-8,NHIDCL,Ministry of Road Transport & Highways,Roads & Highways,Mizoram,637.06,637.06,99.82,2026-07,0.8178177210751126,8.471896402635267,0.09919534887250347,-0.0723473064938009,33.17144899109127,45.850653497380804,Amber,Newly At Risk,6.6212874759941585
617976,Work of development and construction of elevated corridorfrom km 38/660 to km 42/690 Iscon junction to start point of approach of sanand flyover of NH-147 in the sate of Gujarat,MoRTH,Ministry of Road Transport & Highways,Roads & Highways,Gujarat,530.2,530.2,90.0,2026-07,0.8558601876786653,12.283145331823441,0.060335702122429696,0.0,1.1314937058319925,45.80979449005475,Amber,,3.492114220263929
619054,Development of Keshod Airport.,Airport Authority of India [AAI],Ministry of Civil Aviation,Aviation & Aviation Infrastructure,Gujarat,363.1,363.1,46.69,2026-07,0.9102400154890985,5.115589429182338,0.005158372336574262,0.0,6.090451652997658,45.769919391283636,Amber,,-0.24625132935241822
707051,Establishment of new GMc Udhampur,"Medical Education, Ministry of Health and Family Welfare",Ministry of Health & Family Welfare,Healthcare,Jammu and Kashmir,325.0,325.0,75.0,2026-07,0.7898620757759374,5.090034789456995,0.12539026507462459,1.0091167034462447,35.84558773289843,45.7626170425281,Amber,,0.3527781913010273
702637,Mumbai Metro Line 3,Mumbai Metro Rail Corporation Limited [MMRC],Ministry of Housing & Urban Affairs,Urban Public Transport,Maharashtra,23136.0,37276.0,99.21,2026-07,0.6114293177026019,6.921721650233966,0.30236915942911674,24.464250899163613,36.728012475332946,45.689923856585935,Amber,,-22.359462490742516
705777,Bhandai - Flyover for Etawah bound down trains 10 km,CAO/C/NCR NCR mor,Ministry of Railways,Railways,Uttar Pradesh,250.18,250.18,11.0,2026-07,0.807572486750941,11.853951840620757,0.1056029478387908,16.60487318050968,117.34169900301764,45.65877172948659,Amber,Stalled and Overdue,0.14249052988522237
618222,Widening and Strengthening up gradation to 2 lane with paved shoulder from existing chainage Km 192.98 to Km 229.820 design chainage Km 162.800 to Km 198.18 under 31 BRTF on Akhnoor-Poonch Road NH-144A in the UT of Jammu and Kashmir under Project Sampark Border Roads Organisation BRO on EPC Mode Package-VIII Job No NH-144A-J&K-2022-2023-111,MoRTH,Ministry of Road Transport & Highways,Roads & Highways,Jammu and Kashmir,562.45,562.45,71.27,2026-07,0.8849330216710118,4.28779783004772,0.027659138585238812,0.0,1.7074299182404835,45.62960801281253,Amber,,-2.4863181341189673
617272,Implementation of LILO of both circuits of 400KV vindhyachal PS-Sasan D/C Line at Hindalco Switchyard,Power Grid Corporation of India Limited [POWERGRID],Ministry of Power,Transmission & Distribution,Madhya Pradesh,370.0,370.0,55.26,2026-07,0.8492821038222581,10.184849212492242,0.06290059527055111,0.0,15.905286026518077,45.60913495464046,Amber,Newly At Risk,8.496084004375625
611509,"Koderma Thermal Power Station Phase II [2X800 MW] At Koderma, Jharkhand",Damodar Valley Corporation,Ministry of Power,Electricity Generation,Jharkhand,14358.0,14358.0,14.3,2026-07,0.9039556319920449,6.290169030021347,0.007260178368075236,3.4149200446287535,8.153720067335085,45.56079051800601,Amber,,-0.8608087546513374
617243,Replacement of Hot Leveller No.1 of Plate Mill at Bhilai Steel Plant,Steel Authority of India Limited [SAIL],Ministry of Steel,Steel,Chhattisgarh,198.62,198.62,82.79,2026-07,0.8898087315802695,11.866610461115041,0.021229935695236804,0.6506997310593847,11.101027617075466,45.55193336377531,Amber,,-1.4563388941774633
705457,Ratlam-Mhow-Khandwa-Akola 472.64 km including material modification for Fatehabad-Chandrawati Ganj-Ujjain 22.96 km and Rau-DADN doubling 9.40 km,CAOCWR WR mor,Ministry of Railways,Railways,"Multi-States (Madhya Pradesh, Maharashtra)",1656.25,13314.47,75.0,2026-07,0.5067875772796606,7.742204635981028,0.40409242542973156,13.515001142879932,188.76392691888077,45.54400013546961,Amber,,-20.629886814150645
701168,ALL India Institute of Medical Sciences-AIIMS Madurai,PMSSY AND Institute of NATIONAL Importance,Ministry of Health & Family Welfare,Healthcare,Tamil Nadu,1264.0,2021.51,54.0,2026-07,0.896364729947704,4.369377013992142,0.01237092902637174,3.0104655014036137,21.5333388766642,45.43678294870379,Amber,,0.5992399785776428
611047,"Construction of NTB complex including apron, taxi track and other associated civil works and electrical & mechanical installations towards Tawi River side at CA Jammu.",Airport Authority of India [AAI],Ministry of Civil Aviation,Aviation & Aviation Infrastructure,Jammu and Kashmir,861.37,861.37,58.35,2026-07,0.8826274905309625,8.924853590671612,0.025811340488039673,0.0,15.890515741283666,45.42194155095011,Amber,,-2.501417175784887
618183,Widening to 2 lane with paved shoulders from Km 62/920 to km 106/830 of Medak - Yellareddy section in the State of Telangana under Annual Plan 2022-23 on EPC mode under NHO,MoRTH,Ministry of Road Transport & Highways,Roads & Highways,Telangana,399.01,399.01,70.6,2026-07,0.8975173031870836,12.12928369024677,0.010327744796229825,0.0,2.4843632787560397,45.39225239916567,Amber,,2.10036908996841
604795,CBR 9 MMTPA Project,Chennai Petroleum Corporation Limited [CPCL],Ministry of Petroleum & Natural Gas,Oil & Gas,Tamil Nadu,31580.0,36354.0,10.2,2026-07,0.8855704789603045,18.099086517681105,0.02125997432758801,2.1842831815947226,12.901344876755,45.341522664394624,Amber,Rapidly Deteriorating,31.07255969733751
617883,"Redevelopment of Residential colonies at Ayur Vigyan Nagar and West Ansari Nagar campuses of AIIMS, New Delhi",PMSSY AND Institute of NATIONAL Importance,Ministry of Health & Family Welfare,Healthcare,Delhi,4441.0,4441.0,57.0,2026-07,0.6422548935805886,6.289708359877163,0.2641751074247941,10.884374174503876,71.8758852240207,45.32150005026914,Amber,,1.9947319770797236
612834,3rd & 4th line between Sarla - Sason 8 km PB73/2023-24/NR,CAO/C/ECOR ECoR mor,Ministry of Railways,Railways,Odisha,252.0,252.0,88.0,2026-07,0.8998694033972168,15.33052982452505,0.006513617762952223,6.951424211197851,24.816235030865958,45.31915105800845,Amber,,-3.4482925379112785
618334,Widening to 2 Lane with Paved shoulder of lmphal to Jiribam section of NH-37 from Design Ch. from km 131.280 to km 169.570 on EPC mode in Manipur under NHO- TSP PKG-6,NHIDCL,Ministry of Road Transport & Highways,Roads & Highways,Manipur,504.76,504.76,95.2,2026-07,0.8542486648981904,5.826194967536296,0.05148876225298388,0.0,14.068721590048398,45.28687135755871,Amber,,1.0739662868798092
618240,Rehabilitation and upgradation to 2-lane with paved sholuders configuration of Bewar- naer Karri village section Km0.00 to Km30.00 Pakage-I of NH-92 in state of Uttar Pradesh undergreen national Highway Corridor Project GNHCP with the loan assistance of world Bank on EPC mode.,MoRTH,Ministry of Road Transport & Highways,Roads & Highways,Uttar Pradesh,236.47,236.47,100.0,2026-07,0.721375482076158,2.264390076904032,0.18429064718173765,-0.0022262249296718,3.984225010318246,45.28330646289478,Amber,,0.0
617249,Replacement of existing Grinders in CRM-I & II at Bokaro Steel Plant,Steel Authority of India Limited [SAIL],Ministry of Steel,Steel,Jharkhand,211.94,211.94,62.05,2026-07,0.8901420956304861,10.87709805458162,0.015398246049501196,0.7386638795131584,8.471971038216187,45.27701708399937,Amber,,-0.5725541818680924
618083,Construction of byepass around Lohardaga town of NH-143A in the Sate of Jharkhand under EPC mode.,MoRTH,Ministry of Road Transport & Highways,Roads & Highways,Jharkhand,458.78,458.78,5.0,2026-07,0.8847964067846221,11.348924571762485,0.019475241370805463,0.0,0.9449424982165433,45.21358240777138,Amber,Stalled and Overdue,
618024,Up-gradation to two lane with paved shoulder configuration of NH-354 Section Arifkes- Ferozepur-Muktsar-Malaut from Km 201.500 to Km 212.500 & Km 229.690 to Km 269.960 and strengthening of existing pavement from Km 212.500 to Km 229.690 excluding Km 218.500 to 223.690 of NH-354 on EPC Mode in the State of Punjab. Job No. NH-354-PB-2020-21-532,MoRTH,Ministry of Road Transport & Highways,Roads & Highways,Punjab,263.19,263.19,83.0,2026-07,0.8273487416460318,8.523375400037194,0.07663108434706793,-1.0556733412976327,5.6550440538940085,45.198991299654985,Amber,,0.0
618108,Up-gradation and strengthening to 2lanePS from Km 95/500 to km 129/775 of Nh 168G Idar-Bhiloda-Samlaji in the state of Gujarat Length 34.275 km,MoRTH,Ministry of Road Transport & Highways,Roads & Highways,Gujarat,237.28,237.28,64.5,2026-07,0.867237232820562,8.876871608793975,0.03645659335191973,0.0,0.25187741976193595,45.18469130862409,Amber,,1.638549888503995
709839,Daman Upside Development Project,Oil and Natural Gas Corporation Limited [ONGC],Ministry of Petroleum & Natural Gas,Oil & Gas,Offshore,4144.41,6406.9,92.9,2026-07,0.5758097549055098,6.5401443086215085,0.3272418677516677,5.7782415389535355,36.134643745346615,45.15258113285887,Amber,,-15.090012710637282
618345,Widening to 2-lane with Hard shoulder of Churachandpur to Tuivai Section from Km 48.587 to Km 69.875 in the State of Manipur on EPC mode under NHO Package-2B,NHIDCL,Ministry of Road Transport & Highways,Roads & Highways,Manipur,365.53,365.53,88.2,2026-07,0.8642676838948218,12.079753295830551,0.0375437290680978,0.0,7.14909206703668,45.09057064814598,Amber,,-0.46019713932813744
618171,"Work of Upgradation of Jirapur-Pachore Road including Pachore, Jirapur, Chhapiheda & Khujner Bypasses from 0000 to 58790 Design Length 58.79 Km section of NH-752C to 2LPS in the State of Madhya Pradesh under EPC mode",MoRTH,Ministry of Road Transport & Highways,Roads & Highways,Madhya Pradesh,352.69,352.69,57.26,2026-07,0.894970893520832,7.429056555255508,0.00618446457213181,0.0,1.9042965747418839,45.057767904648195,Amber,,1.824125321119375
618380,Widening and Up-gradation to 2- Lane with Paved Shoulder Configuration and geometric improvement from Km. 125. 000 to Km 166 Package-3 on Aizawl Tuipang Section of NH-54 in the State of Mizoram Package-3,NHIDCL,Ministry of Road Transport & Highways,Roads & Highways,Mizoram,867.09,867.09,97.51,2026-07,0.8356024636493278,5.255259439937403,0.06544484088588927,-0.02195168201160783,33.13827365041206,45.052365226760855,Amber,,3.3068600920930464
618423,Construction of 2-Lane with hard shoulders of Merangkong-Tamlu-Mon MTM Road from existing Km 20.456 to Km 41.065 Design Km. 20 to Km. 40.0 Design Length- 20.000 Km in the State of Nagaland under SARDP-NE Phase-A Pkg-2 Balance work,NHIDCL,Ministry of Road Transport & Highways,Roads & Highways,Nagaland,215.79,215.79,100.0,2026-07,0.8673323633935675,2.261314973341451,0.033591061708336034,-0.0015356830334386992,67.76630505737047,45.046171255095175,Amber,,-0.8171896450928529
709753,Haldia Panagarh Pipeline Project,Hindustan Petroleum Corporation Limited,Ministry of Petroleum & Natural Gas,Oil & Gas,West Bengal,1010.0,1107.0,98.3,2026-07,0.7789518541692876,6.40950425366647,0.12191626807606051,2.381556920024576,28.533903708424273,45.043406112267405,Amber,,-0.7660515075252476
618976,"Gadarwara Super Thermal Power Project, Stage-II [2x800 MW]",National Thermal Power Corporation [NTPC],Ministry of Power,Electricity Generation,Madhya Pradesh,20446.0,20446.0,11.5,2026-07,0.8081738098342898,5.287446402633336,0.09176393314486805,-2.330545267879289,9.184260852824174,44.996887148957896,Amber,,1.3698943938017578
618734,6L Greenfield Varanasi- Ranchi- Kolkata Highway from junction with NH-320 in Lepo village to Kamlapur villageJH/WB border from km 358.500 to km 387.200 Pkg -13,NHAI,Ministry of Road Transport & Highways,Roads & Highways,"Multi-States (Jharkhand, West Bengal)",1154.49,1319.18,24.76,2026-07,0.8321749177642999,2.0345273605393177,0.06773073205740762,-1.0321102683623322,25.61017960294907,44.995282491085376,Amber,,4.270164156768203
705598,Jhansi-Bina - 3rd line 152.57 km,CAO/C/NCR NCR mor,Ministry of Railways,Railways,"Multi-States (Madhya Pradesh, Uttar Pradesh)",2002.0,2001.63,98.0,2026-07,0.7359026340005451,8.9498575660148,0.16389334156918353,8.638469726909904,26.56817147857796,44.98979877848643,Amber,Newly At Risk,5.783112937360777
618200,Construction of 2 lane with Paved Shoulder for Northern Bypass Phase-II of Kota city in the State of Rajasthan.,MoRTH,Ministry of Road Transport & Highways,Roads & Highways,Rajasthan,317.74,317.74,50.33,2026-07,0.8956933142776512,8.310012408136352,0.003945806771181428,0.0,-0.2602641242400339,44.98195605244163,Amber,,-0.4330090163869542
617980,Construction of six lane elevated corridor from km 7.950 Uppal to km 14.200 of NH- 163 to De-Congest the urban limits of Hyderabad-Bhoopalapatnam section on EPC mode in the state of Telangana,MoRTH,Ministry of Road Transport & Highways,Roads & Highways,Telangana,626.76,626.76,54.26,2026-07,0.8874480475679669,10.185972819815817,0.011899186800256102,4.605568166156041e-06,4.584313248970521,44.967361718411155,Amber,,2.173394043115323
617983,Widening & Strengthening of Existing 2LPS to 4 lane PS from Km 150000 to Km 159000 and Km 165400 to Km 186000 of NH-163 old NH-202 under NH O for the year 2020-21 on EPC Mode in the state of Telangana.,MoRTH,Ministry of Road Transport & Highways,Roads & Highways,Telangana,317.19,300.56,91.0,2026-07,0.8866965680042348,9.877705903045102,0.011167137444112428,0.0,5.354782051968203,44.89318527241736,Amber,,2.0064033981894482
617967,Construction of Rudraprayag tunnel of length 900.30 MTR including approaches and one major bridge on river Alaknanda connecting NH-107/old-109 to NH-07old-58 on EPC mode in the state of Uttarakhand.,MoRTH,Ministry of Road Transport & Highways,Roads & Highways,Uttarakhand,251.88,251.88,99.0,2026-07,0.8733157195770671,8.866490303405161,0.024262706327723947,-0.05529115788518694,3.213103164200552,44.87892129523956,Amber,,-0.46874089427182497
618690,"4 lanning of Aligarh Palwal section from km 0.00 to km 46.39 package -1 from khereshwar junction-kurana of NH33D , including khair & jattari bypass in the state of UP on HAM mode",NHAI,Ministry of Road Transport & Highways,Roads & Highways,Uttar Pradesh,1663.38,1685.69,21.25,2026-07,0.8563648486587002,7.830155640264164,0.040189959572776615,-1.3897075499943352,24.059555305541153,44.82774041157384,Amber,,3.5974526780750296
618238,Rehabilitation and Up-gradation of Thimmapuram to Gurajanapalli section from Km 26/150 to Km 41/161 of NH - 214 New NH - 216 to two lane with paved shoulder in the state of Andhra Pradesh under NHDP-IV,MoRTH,Ministry of Road Transport & Highways,Roads & Highways,Andhra Pradesh,350.61,432.91,98.2,2026-07,0.8323578018949178,4.1464026960063,0.06212256608933636,5.404458021694143,5.237844112627415,44.7240183992127,Amber,,2.4745348707063215
602096,Subansiri Lower HE Project [2000 MW],National Hydroelectric Power Corporation Limited [NHPC],Ministry of Power,Electricity Generation,"Multi-States (Arunachal Pradesh, Assam)",6285.33,26075.54,97.98,2026-07,0.875658953050975,12.993593969888167,0.018681168590302565,14.33989074516172,188.54837298736075,44.717006082063875,Amber,,-0.14495721994120458
701376,"Subernarekha Multipurpose Project, Jharkhand",Department of Water Resources-JH,"Department of Water Resources, River Development & GR",Water Resources,Jharkhand,3807.77,9579.58,70.0,2026-07,0.8100298701988005,13.826867947693048,0.08404755763786052,14.620107564198529,65.51170244457987,44.70387139183305,Amber,,0.0
618228,construction of a new 4 lane Parallel to existing MG Setu with its approaces from km 0.00 to km 14.500 across river Ganga on NH-19 at Patna in the state of Bihar.,MoRTH,Ministry of Road Transport & Highways,Roads & Highways,Bihar,2926.42,2926.42,75.33,2026-07,0.7908924414790424,4.6220667084847165,0.10316238054941143,0.0,0.9375892369931805,44.70274110142269,Amber,,-1.9416995697426174
705774,Aligarh-Daud Khan - 3rd line 6.9 km & construction of flyover at Daud Khan,CAO/C/NCR NCR mor,Ministry of Railways,Railways,Uttar Pradesh,758.0,779.49,87.0,2026-07,0.7497090059393671,9.369893394733408,0.14430396654333702,1.4443551304271225,42.58715902829278,44.700648624135205,Amber,,-3.416775349753678
618418,Rehabilitation and up gradation of Nongstoin-Rambrai-Kyrshai road up to Meghalaya- Assam border from Km 0.335 to km 34.039 to 2-Lane under NHO - NE in the State of Meghalaya Package-1,NHIDCL,Ministry of Road Transport & Highways,Roads & Highways,Meghalaya,359.86,359.86,83.05,2026-07,0.8806864090049608,2.894792408777215,0.013155359344226954,0.0,2.7521498162905256,44.69208841745939,Amber,,-0.5137012139356969
701399,Kudali Irrigation Project,"Department of Water Resources, River Development & GR","Department of Water Resources, River Development & GR",Water Resources,Chhattisgarh,382.29,382.29,86.31,2026-07,0.8601126641851907,0.27507170002212894,0.033446378641584826,4.332556449465849,122.35842917000946,44.67795214133878,Amber,,0.0
618069,Upgradation to Two-lane with paved shoulder of Hanumangarh to Kenchiyan section from Km 0.000existing chainage-Km 23.200 to Km 49.605existing chainage-Km 74.645 of NH-54 in the State of Rajasthan on EPC mode.,MoRTH,Ministry of Road Transport & Highways,Roads & Highways,Rajasthan,334.64,334.64,72.0,2026-07,0.8863204345423271,11.799062521129578,0.005950476886890794,0.0,1.4297879261750017,44.6135455714609,Amber,,2.182476270684525
617929,Construction of 2 lane with paved shoulder of Kund Bypass from Design Km 35.130 to Km 47.700 existing Km 33.130 to Km 41.260 of NH-109 in the State of Uttarakhand,MoRTH,Ministry of Road Transport & Highways,Roads & Highways,Uttarakhand,247.41,247.41,73.5,2026-07,0.8700238165597985,11.399967875284192,0.021391198817429985,-0.05615592951834306,1.5451091931228376,44.57075076886143,Amber,,-0.5910933010381711
618080,Improvement to two lane with paved shoulders of BH WB Border Amdabad Manihari section from design Km 0.000 to Km 23.945 of NH 131 A Total length 23.945 Km under EPC mode in the state of Bihar,MoRTH,Ministry of Road Transport & Highways,Roads & Highways,Bihar,353.27,353.27,7.5,2026-07,0.8853244056557907,8.647312553642342,0.005611748563650368,0.0,1.4533364622290261,44.546807710972054,Amber,,0.24098267064604073
618338,Widening to 2-Lane with Paved shoulder of Imphal to Jiribam section of NH-37 from Design Chainage 15.940 km to 33.120 Km Existing Chainage Km 15.946 to Km 33.395 Total length17.180 Km in the State of Manipur on EPC mode PKG-2 - Balance Works & Rectification works,NHIDCL,Ministry of Road Transport & Highways,Roads & Highways,Manipur,195.14,195.14,93.1,2026-07,0.8815226580000038,8.768270375965903,0.009150023881035118,-0.0015356830334386992,43.859235473507034,44.53363409405195,Amber,,-0.6197856121334766
617364,Central Railway - Double chord line between Nilaje and Kopar 4.495 km PB34/CR/2023-24,CAOC/CR CR mor,Ministry of Railways,Railways,Maharashtra,338.33,205.0,15.0,2026-07,0.023780406696172533,1.7980237339184397,0.8666799228375413,20.649746161975315,20.33412618724719,44.52301647668569,Amber,,1.21106298857719
602797,"Sainthia, Sitarampur, Mughalsarai, Allahabad & Etawah - Bypass 35 km",CAOC/ER ER mor,Ministry of Railways,Railways,"Multi-States (Uttar Pradesh, West Bengal)",461.64,797.94,15.0,2026-07,0.624184733767123,4.3715688390025,0.2659535360436234,7.504965144332169,28.033113044001446,44.50691349053732,Amber,,-23.756446950804083
617919,Construction of 4 Nos Grade separtor between km. 281.000 to km. 307.600 km. 286.400 kumhari km. 299.000 Transport Nagar km. 302.000 Power House km. 304.000 Chandra Moura Chowk to km. 305.000 supeia of NH-53 old NH-06 Raipur - Durg 4 Lane on EPC mode in the state of chhattisgarh job NO. NH-53old NH-06 CG- 2017-18-56,MoRTH,Ministry of Road Transport & Highways,Roads & Highways,Chhattisgarh,349.03,349.03,97.9,2026-07,0.8791495942083363,12.89728564211828,0.010889128546932296,0.0,3.885048338425224,44.50193613776342,Amber,,2.5359147762496193
618109,Widening to 4 lane from Km 51.60 to 76.20 Hebri to Parkala and from Km 85.20 to 88.90 Karavali junction to Malpe of Thirthahalli-Udupi-Malpe Section of NH-169A in the State of Karnataka on EPC Mode under Annual plan 2021-22 Job No. NH-169A- KNT-2021-22-927,MoRTH,Ministry of Road Transport & Highways,Roads & Highways,Karnataka,355.72,355.72,88.33,2026-07,0.8253373072672192,8.85340444312588,0.06454444783105492,0.0,8.845891485432528,44.49408775491371,Amber,,-1.1002273194623555
612898,Construction of Permanent Campus of National Institute of Technology Arunachal Pradesh,"National Institute of Technology, Arunachal Pradesh",Department of Higher Education,Education,Arunachal Pradesh,592.61,592.61,80.0,2026-07,0.8590908043072343,-24.062387579664094,0.028662053073357726,4.409625292922238,55.41020119917991,44.3876428690296,Amber,,0.0
618196,Widening to 2 lane with Paved Shoulders of Siddipet-Elkathurthy section from Km 69/978 to km 133/619 of NH-765DG in the State of Telangana under Annual plan 2021-22 on EPC mode,MoRTH,Ministry of Road Transport & Highways,Roads & Highways,Telangana,578.85,578.85,85.0,2026-07,0.8747286141230994,6.094874970262869,0.012164935046899108,-0.006347392715861753,4.80687732148661,44.34467745849992,Amber,,0.0
618620,"Additional works 2VUPs, MR-10 junction flyover and underpass in Six lane Indore- Dewas section of NH-52 in the state of Madhya Pradesh on EPC Mode",NHAI,Ministry of Road Transport & Highways,Roads & Highways,Madhya Pradesh,207.77,211.27,79.72,2026-07,0.7398803675677058,3.8768846130926877,0.14538737267426066,6.5457540431448775,19.203006720439245,44.26338701209832,Amber,,3.285202744659138
702632,DMRTS Phase - IV [3 Priority Corridors],Delhi Metro Rail Corporation Limited [DMRC],Ministry of Housing & Urban Affairs,Urban Public Transport,Delhi,24948.65,24948.65,83.46,2026-07,0.8638382812239244,5.842348817612687,0.02139512292831803,0.7237180741907052,10.44445853810297,44.26167020761212,Amber,,2.398823972251435
618074,Pre construction activity of NH 122B from km 0 to 72.348 and Improvement to two lane with paved shoulders of NH 122B from km 29.730 to km 72.348 in state of Bihar under EPC mode,MoRTH,Ministry of Road Transport & Highways,Roads & Highways,Bihar,624.43,624.43,96.0,2026-07,0.8033298836153512,9.442508429973078,0.07880980983806096,0.0,10.48874784300185,44.106984672670606,Amber,,-5.21927087975557
618366,Widening to 2 Lane with Hard shoulder of Akegwo-Avangkhu section of NH-202K for Package-II Design Chainage 34795 Km to 69875 Km in the State of Nagaland on EPC mode under NHO-NE,NHIDCL,Ministry of Road Transport & Highways,Roads & Highways,Nagaland,442.54,442.54,58.5,2026-07,0.8693054009125762,13.856766561027046,0.011040433026174561,0.0,11.517737647202047,44.01729169693754,Amber,,-0.34056864623148186
618061,"Strengthening, Widening & Up-gradation of newly declared NH-761 from NH- 61Junction-BelheAlkutiDevibhoyareNighojShirur, from Design chainage Km 0.000 to Km 37.970 from Single/Intermediate/2L to 2LPS in the State of Maharashtra on EPC Mode Length 37.970 Km",MoRTH,Ministry of Road Transport & Highways,Roads & Highways,Maharashtra,386.16,386.16,62.5,2026-07,0.8461698204025284,8.591066693178773,0.03353711668054884,0.0,2.901732152661628,43.98534685415386,Amber,,3.933745144628311
619313,Setting up of 50 MW [plus/minus 5 percent] Wind Power Plant for Captive Consumption at MR,Bharat Petroleum Corporation Limited [BPCL],Ministry of Petroleum & Natural Gas,Energy Storage,Maharashtra,483.14,483.14,77.9,2026-07,0.5672880553641136,4.1571627531876425,0.3121549587741845,12.556916406441466,37.143949229851515,43.9721507069149,Amber,,-7.580925461463885
701127,Construction of New Passenger Terminal Building for Domestic Operations at Jodhpur Airport.,Airport Authority of India [AAI],Ministry of Civil Aviation,Aviation & Aviation Infrastructure,Rajasthan,480.0,480.0,100.0,2026-07,0.872406006209523,6.548635778687298,0.006525463166994769,0.0,20.85863862998194,43.94657346882589,Amber,,-0.028503563904457963
618447,Construction of 2-Laning with Paved Shoulder of New Greenfield Alignment From Helipad near Menla at Km 82000 to Menla at Km 94030 of Rhenock-Menla Spur NH- 717B Package-IIIB on EPC Basis under SARDP-NE Phase 'A' in the State of Sikkim.,NHIDCL,Ministry of Road Transport & Highways,Roads & Highways,Sikkim,410.6,379.3,82.64,2026-07,0.8351868577114171,2.6313868478562514,0.043273036786095884,-0.0032896751028152677,5.211648857388515,43.92299472487565,Amber,,1.3165519093384006
619300,Construction of Four Lane Nagpur-Katol section of NH-353J including Mitigation Structures from Design Ch. 37000 to Ch. 45990 Tiger Corridor-I Mitigation Structures from Design Ch. 37000 to Ch. 45990 Tiger Corridor-I in the State of Maharashtra on EPC Mode,NHAI,Ministry of Road Transport & Highways,Roads & Highways,Maharashtra,300.68,300.68,0.0,2026-07,0.627002881630106,4.803496738550187,0.24988359254027942,2.492178877111091,40.159736442028745,43.84432370851927,Amber,Rapidly Deteriorating,17.11802894832517
618333,Widening to 2 lane with Paved shoulder of lmphal to Jiribam section of NH-37 from Design Ch. from km 169570 Near Nungkao vlllage under Tamenglong District to km 205974 near Jiribam Bridge under Jiribam district under NHO-NE PKG-7,NHIDCL,Ministry of Road Transport & Highways,Roads & Highways,Manipur,760.16,760.16,92.52,2026-07,0.8464435804368899,7.270461865463187,0.030218333089914874,0.0,13.46085749487049,43.833095676340236,Amber,,0.7222102028270001
619328,ONGC-BP Redevelopment Phase-1 Scheme of Mumbai High Field,Oil and Natural Gas Corporation Limited [ONGC],Ministry of Petroleum & Natural Gas,Oil & Gas,Maharashtra,3713.4,3908.0,56.3,2026-07,0.7477919095925137,4.016768198237537,0.12865131686956266,8.986694032520319,43.9508376530737,43.82216132310382,Amber,,-3.7265645557916756
612790,Power System Upgradation Project,Mangalore Refinery and Petrochemicals Limited,Ministry of Petroleum & Natural Gas,Oil & Gas,Karnataka,385.0,385.0,90.4,2026-07,0.7186958809128067,7.89178628217639,0.15767001434207906,3.1100835349045197,33.82888648506916,43.81829476274429,Amber,,-5.86429593917871
400141,Expansion of Alumina Refinery Plant with addition of 5th Stream having capacity enhancement of 1.0 Million Tonee Per Annum,National Aluminium Company Limited [NALCO],Ministry of Mines,Metals & Mining,Odisha,4103.0,5677.4,95.64,2026-07,0.8217630101188652,9.371723704439603,0.05454093568869038,8.59860883400268,17.07853528644218,43.815197290377775,Amber,,0.0
618056,Improvement and Up-gradation to two Lane with Paved Shoulder Configuration from existing km. 420.00 Shohrathgarh to km. 454.00 Uska Bazar of NH-730 in the state of Uttar Pradesh EPC basis,MoRTH,Ministry of Road Transport & Highways,Roads & Highways,Uttar Pradesh,509.65,484.42,62.0,2026-07,0.8576059091717299,5.3195085081505455,0.01781201797749123,-0.0022262249296718,4.493137181658913,43.770896357461055,Amber,,0.7014493928280316
618430,Construction of alternative highway to Gangtok in Sikkim via Bagrakot -Chuikhim- Nimbong -Kafer-Bakhim-Algarah-Rhenock in the State of West Bengal and from Rhenok-Rorathang-Pakyong along with spur from Aritar-Rolep-Menla in the State of Sikkim from Km 0.00 to Km 13.00 of Bagrakot -Kafer section of NH 717A on EPC Mode under Phase-A of SARDP-NE in the State of West Bengal PKG- IVA,NHIDCL,Ministry of Road Transport & Highways,Roads & Highways,West Bengal,402.94,402.94,99.23,2026-07,0.8085822885358468,12.535541352695216,0.06674194041266428,0.0,29.20240046528314,43.766211447425555,Amber,,-0.7179554916646893
615202,Capacity expansion of Deposit-14 and 14 NMZ at Kirandul,National Mineral Development Corporation Limited [NMDC],Ministry of Steel,Metals & Mining,Chhattisgarh,1700.0,1756.2,23.09,2026-07,0.8383935310314181,7.474999410760139,0.0368985418160112,-0.185505462725732,15.004932387791083,43.76460364237146,Amber,Newly At Risk,5.767347171015906
617984,"Gudivada Town 2 RoB, and Road improvement NH-165",MoRTH,Ministry of Road Transport & Highways,Roads & Highways,Andhra Pradesh,317.22,317.22,75.2,2026-07,0.581228905630711,3.016372330913981,0.29397895831624754,-1.050780499098128,0.381619756615286,43.76039319734792,Amber,Rapidly Deteriorating,15.518143923762207
619270,"Upgradation of 6 laned Jaipur- Kishangarh section of NH-48 from km 274100 to 363885 involving construction of flyovers and Service road in Rajasthan On Engineering, Procurement & Construction EPC Mode",NHAI,Ministry of Road Transport & Highways,Roads & Highways,Rajasthan,910.91,910.91,0.0,2026-07,0.8289795720449004,9.066009358493869,0.04610865078350844,-0.42867965662473695,50.81630490924205,43.75441114142044,Amber,Rapidly Deteriorating,31.21510448812601
618417,"Construction of 4-Lane with paved shoulder Agartala bypass Western side, length 25.402 km connecting NH-8 near Amtali to NH-108B near Lembuchhera in the state of Tripura on EPC basis under NHO-NE",NHIDCL,Ministry of Road Transport & Highways,Roads & Highways,Tripura,2026.05,2026.05,9.2,2026-07,0.8685925789313462,10.31708884560413,0.0053664590700346375,0.0,3.6661640547635606,43.69795190006904,Amber,,-0.5684443064194014
617928,"Widening 2 lane to 4-lane from KM 92/320 to Km 115/320 Vav Chokdi-Satlasana to to Vrundavan Chokdi, Kheralu on NH-58 in the State of Gujarat.",MoRTH,Ministry of Road Transport & Highways,Roads & Highways,Gujarat,151.13,171.27,98.0,2026-07,0.8549854346611082,9.961211294993971,0.01856892420527208,0.9551306446246723,11.704158563048534,43.67771794331902,Amber,,0.005286648157934337
589703,Implementation of Treatment System-2 Under ZLD at RSP,Steel Authority of India Limited (SAIL,Ministry of Steel,Steel,Odisha,216.02,216.02,89.83,2026-07,0.7994745221743058,8.886022822705513,0.07282495792521608,3.0781684974015047,22.80406783229304,43.61497400497609,Amber,,
705635,Trivandrum- Kanyakumari,CAO/CN/ERS SR mor,Ministry of Railways,Railways,"Multi-States (Kerala, Tamil Nadu)",1432.0,3785.45,59.0,2026-07,0.7738616607374135,9.027583589152767,0.09835871896864547,6.200892720399573,55.73287847391287,43.61101898530295,Amber,Rapidly Deteriorating,17.51062614591234
618413,Construction of 2 laning with Hard shoulder of Peren-Dimapur section on NH 129A from Design Km 146.208 to Km 163.592 Length- 17.384 km in the state of Nagaland on EPC mode under NHO-TSP Package-III,NHIDCL,Ministry of Road Transport & Highways,Roads & Highways,Nagaland,177.77,199.02,95.62,2026-07,0.8613215024842267,1.8670937732065318,0.010490555761935317,0.1081015590058928,25.415369026396466,43.5906029123081,Amber,,3.231697207660048
618186,"Rehabilitation and Up-gradation of Valigonda to Thorrur Section to Two Lane with Paved Shoulders from Km 39.180 to Km 108.300 of NH-930P in the State of Telangana on Engineering, Procurement and Construction EPC Basis",MoRTH,Ministry of Road Transport & Highways,Roads & Highways,Telangana,549.28,549.28,94.97,2026-07,0.8621072184609805,9.173180838754444,0.00961415351349735,0.0,1.214502974237203,43.58606859872389,Amber,,-0.5096629707254507
618124,Rehabilitation and upgradation from km 51.600 to km 75.700 of NH-321G Nuhkhas to Etah section to two lane with paved shoulder configuration under EPC mode in the State of Uttar Pradesh,MoRTH,Ministry of Road Transport & Highways,Roads & Highways,Uttar Pradesh,343.54,343.54,73.0,2026-07,0.826089989509676,6.16949712346042,0.04543025371950557,-0.0022262249296718,1.3110300060605147,43.57601216145908,Amber,,-0.759927204605539
618315,4-Laning of Silchar - Dhanehari section from Existing Chainage km 263800 of NH 37 to km 12920 of NH 306 Design Chainage km 0000 to km 20000 on Silchar - Vairengte - Sairang road in the State of Assam under Bharatmala Pariyojna on EPC mode Package-1,NHIDCL,Ministry of Road Transport & Highways,Roads & Highways,Assam,1256.9,1256.9,59.65,2026-07,0.8509198380060103,6.532384157768038,0.020444806270708354,0.0,5.674221085795609,43.568232213835934,Amber,,-3.6317764333788674
618448,Construction of 2-Laning with Paved Shoulder of New Greenfield Alignment From Chochenpheri at Km 52000 to Helipad near Menla at Km 82000 of Rhenock-Menla Spur NH-717B Package-IIIA on EPC Basis under SARDP-NE Phase 'A' in the State of Sikkim.,NHIDCL,Ministry of Road Transport & Highways,Roads & Highways,Sikkim,816.79,786.6,64.31,2026-07,0.833922545580515,6.2478763525972205,0.037336564066719244,0.0,4.751877793021115,43.562955482361716,Amber,Newly At Risk,6.360446124895141
618097,Guhagar - Rampur - 2L-PS - km 0/00 Guhagar to 26/230 Rampur and 40/00 Mirjoli to 53/600 Sati on NH-166E,MoRTH,Ministry of Road Transport & Highways,Roads & Highways,Maharashtra,407.2,407.2,91.89,2026-07,0.8059545833629328,23.164587450948577,0.06517978828558102,0.5538550356467516,5.747504020232502,43.55671858242569,Amber,,0.0
612211,"Demolition, Construction and upgradation of ESI Hospital, Kalol, Gujarat from 50 beds to 150 beds.",Employee's State Insurance Company [ESIC],Ministry of Labour and Employment,Healthcare,Gujarat,205.87,205.87,58.0,2026-07,0.8407153579701834,6.859165826167099,0.029817553493499183,4.151013969489196,17.733129161370996,43.52664557318413,Amber,,-3.182993176750365
617969,Construction of 4 Lane ROB and its approaches at the level crossing LC No 29 B of Km 29 Ekangarsarai at NH 110 New NH 33 & Railway Km 32.63 at Fatwa FUT Islampur IPR section in the state of Bihar on EPC mode.,MoRTH,Ministry of Road Transport & Highways,Roads & Highways,Bihar,201.08,201.08,62.0,2026-07,0.8585925953999777,8.322402331023337,0.011501225401447027,0.0,2.735385571505943,43.504691040071236,Amber,,0.14443423004230027
618254,Construction of Paderu bypass Km 0000 to Km 13000 of 2- lane with paved shoulder on NH-516E,MoRTH,Ministry of Road Transport & Highways,Roads & Highways,Andhra Pradesh,244.43,244.43,13.0,2026-07,0.8600820674882724,9.519625139058565,0.009912210304686357,-0.016835603430091155,-1.1068570524816452,43.49971388964794,Amber,,1.0025107547117074
602181,"TEESTA-VI HE PROJECT, SIKKIM [500 MW], executed by LANCO TEESTA HYDRO POWER LIMITED [A wholly owned Subsidiary of NHPC LTD. acquired through NCLT]",National Hydroelectric Power Corporation Limited [NHPC],Ministry of Power,Electricity Generation,Sikkim,5748.04,5748.04,73.78,2026-07,0.830961968243121,7.3206671298020956,0.03897676724112498,3.060101152551664,12.180153687109584,43.496936774212294,Amber,,-1.9493201036277625
618426,Construction/Up gradation of Existing road to 2 Lane with Paved Shoulder including Geometric Improvement from Ranipool to Pakyong Balance work from Km 2.000 to 16.167 of NH-717-A on EPC basis under SARDP-NE Phase A in the State of Sikkim,NHIDCL,Ministry of Road Transport & Highways,Roads & Highways,Sikkim,264.84,380.94,87.03,2026-07,0.8214874391267498,5.999649186289166,0.04788498442114416,10.826806304821073,3.2470543909988248,43.4686211773947,Amber,,2.943214981833158
618105,Widening and strengthening to 4 lane / 2-lane with paved shoulders of Mahabubnagar - Chincholi section from km 60/255 to Km 102/834 of NH-167N in the State of Telangana on EPC mode.,MoRTH,Ministry of Road Transport & Highways,Roads & Highways,Telangana,631.49,631.49,46.63,2026-07,0.861189347313178,8.589591922540116,0.006913346936080899,0.0,1.3087677373426134,43.405134712462946,Amber,Stalled and Overdue,1.1755378818954583
618210,Rehabilitation and upgradation of Askot-Lipulekh on EPC Basis for Phase-I Existing Km 72.00 to 107.620 Design Chainage Km 21330 to Km 56935 under Project Hirak of BRO in the state of Uttarakhand under Bharatmala Pariyojna Phase-I on EPC Mode Length-35.605 Km CA No EPC/MORT&H/HRK/01/2021-22,MoRTH,Ministry of Road Transport & Highways,Roads & Highways,Uttarakhand,603.92,603.92,81.17,2026-07,0.8454128200581766,10.48456479099206,0.021127088398826117,-0.010115446837887775,5.745479187480981,43.32699542285014,Amber,,0.0
616672,System Strengthening at Koppal-II and GadagII for integration of RE generation projects [SPV Name POWERGRID Koppal Gadag Augmentation Transmission Limited],Power Grid Corporation of India Limited [POWERGRID],Ministry of Power,Transmission & Distribution,Karnataka,1354.0,1354.0,38.07,2026-07,0.7909223245908186,5.169691864029428,0.07522593573200284,0.0,16.978854544450137,43.30741301614107,Amber,,-0.4487195550299248
618316,4-Laning of Vairengte - Chhimluang section Package-3 of NH-306 from Existing Chainage km 43000 to Km 59700 Design Chainage km 46000 to km 60850 on Silchar - Vairengte- Sairang road in the State of Mizoram under Bharatmala Pariyojna under NHO-NE. Package-1&2 in Assam state,NHIDCL,Ministry of Road Transport & Highways,Roads & Highways,Mizoram,491.39,491.39,17.86,2026-07,0.7924481464697486,1.148249795333797,0.0730326575407953,-0.23889570768556756,0.8310531907292861,43.274040200527196,Amber,Newly At Risk,12.183110117699407
617808,Inter-Regional Strengthening between SR Grid and WR Grid,Power Grid Corporation of India Limited [POWERGRID],Ministry of Power,Transmission & Distribution,"Multi-States (Karnataka, Maharashtra)",1007.0,1007.0,3.0,2026-07,0.8582974012887316,7.2995435510666695,0.00634892046771278,0.0,11.231525953090546,43.23231608782221,Amber,,2.602896280849869
618981,810 MW Solar Power Project - Rajasthan,NLC India Limited [NLCIL],Ministry of Coal,Electricity Generation,Rajasthan,4147.07,4147.07,0.0,2026-07,0.8623055096907836,6.014070810405374,0.0017058207514715807,-1.7898843035760272,7.424195521944164,43.20056652211276,Amber,,-0.9118220577868499
618139,Rehabilitation and Up-gradation of Gangakhed Loha section of NH-361F from Km 169/00 to 210/00 to two lane with paved shoulder/ four lane configuration in the state of Maharashtra on EPC mode Length - 41.00 Km.,MoRTH,Ministry of Road Transport & Highways,Roads & Highways,Maharashtra,355.12,355.12,43.46,2026-07,0.8440830761997079,10.414318409681698,0.01936477264764566,0.0,2.5211550540019116,43.17239244236768,Amber,Newly At Risk,4.84095664843548
705491,Marikuppam-Kuppam 23.7 km,CAOC/SWR SWR mor,Ministry of Railways,Railways,"Multi-States (Andhra Pradesh, Karnataka)",297.0,502.13,20.0,2026-07,0.769991376295173,10.55823903799483,0.09338150883616854,35.77204562298647,97.7643669084484,43.16864425656708,Amber,,-42.87905213926233
611929,Maintenance cum workshop depot for Vande Bharat Sleeper Trains as per conditions under WTA 527,WPO/Patna,Ministry of Railways,Railways,Rajasthan,166.86,166.86,0.0,2026-07,0.8405325648675239,29.893046147691503,0.021808793311972212,0.23758658732324203,46.54845361913184,43.1170679089748,Amber,Stalled and Overdue,0.0
618314,4-Laning of Dhanehari Lailapur / Vairengte section from Existing Chainage km 12920 to km 43000 of NH 306 Design Chainage km 20000 to km 49360 on Silchar - Vairengte Sairang road in the State of Assam under Bharatmala Pariyojna on EPC mode. Project Length 29.360 km under NHO-NE Package-2,NHIDCL,Ministry of Road Transport & Highways,Roads & Highways,Assam,1716.21,1716.21,81.65,2026-07,0.7600604334951754,7.273799408886383,0.1015770832874313,0.0,5.674221085795609,43.08187583913033,Amber,,-5.74990429608475
618283,4-L Bilasipara-Guwahati Package-9,NHIDCL,Ministry of Road Transport & Highways,Roads & Highways,Assam,1000.27,1000.27,59.78,2026-07,0.8366695336770131,7.348891598422285,0.02479478562610868,0.0,3.779156142816332,43.073215965156095,Amber,,-2.3416435742202424
619184,"Rehabilitation and up-gradation and completion of balance works of the section from Km 107.760 km to 129.445 km After Middle strait to Humphrey, Km 130.600 to 138.300 After Humphrey to Kadamtala of NH-4 Intermediate/2-Lane with hard shoulder in the Union Territory of Andaman & Nicobar Islands on EPC basis Package- IIIA",NHIDCL,Ministry of Road Transport & Highways,Roads & Highways,Andaman & Nicobar,207.45,376.48,81.95,2026-07,0.7558787975576688,4.083037727180635,0.10524361381594909,-6.656260477131374,12.8658282566747,43.056120568680896,Amber,Newly At Risk,3.9867131990143534
618374,Improvement/Widening to 2-L with Paved Shoulder/ 4-Laning of NH-40 section from Km 151330 to Km 163400 design Km 63.530 to Km 71.520 including Dawki Bridge of length 368 m between Shillong-Dawki under JICA ODA Loan assistance Phase-II Pkg- 5 -Balance work,NHIDCL,Ministry of Road Transport & Highways,Roads & Highways,Meghalaya,284.21,284.21,42.91,2026-07,0.8445185293739772,10.168085626368628,0.016380569781908185,-0.00922168941350003,0.66206424283857,43.04495495779427,Amber,,2.896721758996229
618391,"Construction for Mitigation Measures of 5 Nos. Landslides, 05 No. Sinking Zones and 01 No. Bridge from Ch. 450.00 to Ch. 468.00 18 Km. Length on NH-07 Package-III",NHIDCL,Ministry of Road Transport & Highways,Roads & Highways,Uttarakhand,250.33,250.33,88.12,2026-07,0.8488498766053352,5.764257983802989,0.011965547532232017,-0.04398140272448494,3.3567156538011296,43.04077120687836,Amber,Newly At Risk,5.197853325545282
705628,Bondamunda - Ranchi 158.50 km,CAO/C/SER SER mor,Ministry of Railways,Railways,"Multi-States (Jharkhand, Odisha)",3029.0,3029.04,95.0,2026-07,0.7192263836761497,10.406566874328517,0.14158268192131188,5.036881861350721,35.25675199727959,43.04045327987308,Amber,Newly At Risk,6.19299792091995
618297,Construction of 2-lane with hard shoulder of Kohima - Jessami road on NH-29 Old NH- 150 from existing Km 30.474 Near Kidwema road Chakahabama to existing Km 53.220 Near Kikruma Village Design Km 29.60 to Km 51.50 Design length-21.90 Km in the state of Nagaland Under Bharatmala Pariyojna on EPC Mode under NHO Package-II -Balance work,NHIDCL,Ministry of Road Transport & Highways,Roads & Highways,Nagaland,355.79,355.79,43.13,2026-07,0.8449267331556161,8.214445411046988,0.015473123384547625,-0.0015356830334386992,35.58896707800342,43.01999282700819,Amber,Stalled and Overdue,0.0
701372,Sardar Sarovar Project,"Narmada and Water Resources, Water Supply and Kalpsar Department-GJ","Department of Water Resources, River Development & GR",Water Resources,Gujarat,20718.17,33412.5,93.7,2026-07,0.7988894233486356,10.394536268318971,0.06069023195481595,5.445859578815687,66.47491688871558,42.978982765172574,Amber,,1.4197671567944212
618011,Construction of 2 lane with paved shoulder for the work of Development of remaining sections of NH-325 Balotra to sanderao via Jalore to 2 lane with paved shoulder configuration by Construction of Byasses for town portions1 Asotra- Brahmdham bypass 2Siwana Bypass 3 Mokalsar Bypass 4 Major realignment at Kathadi 5 Major realignment at Bishangarh 6 Jalore Bypass 7 Ahore Town portion 8 Dujana Bypass in the state of Rajasthan on EPC Mode,MoRTH,Ministry of Road Transport & Highways,Roads & Highways,Rajasthan,411.44,411.44,92.77,2026-07,0.8525614775862994,8.746465145579593,0.006223973355165514,0.0,1.871151778146201,42.93927254707325,Amber,,-0.4612395635899986
617895,Construction of Mangaldoi Bypass NH-15 starting at Ch 26400 and terminating at Ch 41505 under Rangia NH Division L 15.105 Km in the State of Assam. Job No. 15/AS/2021-22/234,MoRTH,Ministry of Road Transport & Highways,Roads & Highways,Assam,535.03,535.03,76.32,2026-07,0.7931552886956142,6.97204355316272,0.06549724281165034,-0.0015356830334386992,4.016223029413573,42.93262657536323,Amber,,-0.863128036555878
618057,Construction of Shohratgarh Bypass on NH-730 under EPC mode in the State of Uttar Pradesh,MoRTH,Ministry of Road Transport & Highways,Roads & Highways,Uttar Pradesh,189.31,189.31,54.0,2026-07,0.8284731611406599,5.889232046972254,0.03009548005720946,-0.0022262249296718,2.5264687959504286,42.92843205989347,Amber,,0.8489159503336268
618784,Balance works of 4 lane divided carriageway of Missing Link section of NH-39 Rewa Bypass from junction with NH 30 near Bela to Junction with MPRDC ring road near Silpara on SH 9 design length 13.100 km on EPC Mode under Bharatmala Pariyojana in the State of Madhya Pradesh,NHAI,Ministry of Road Transport & Highways,Roads & Highways,Madhya Pradesh,355.36,355.36,84.44,2026-07,0.8068158121564738,5.034036573245084,0.05091456493993959,-2.007470919143246,22.43842557035735,42.88651885482067,Amber,,-1.6628224166148087
702665,Construction Bangalore Metro Rail Project Phase-2A & 2B,Bengaluru Metro Rail,Ministry of Housing & Urban Affairs,Urban Public Transport,Karnataka,14788.1,14788.1,67.5,2026-07,0.5939007564341526,0.4710521586267075,0.2634996558625163,8.969049321396882,14.902870295969185,42.87002061483345,Amber,Newly At Risk,4.416866217574658
709747,Bagodara Solar Power Project,Satluj Jal Vidyut Nigam [SJVN] Thermal Limited,Ministry of Power,Electricity Generation,Gujarat,339.35,339.35,51.86,2026-07,0.8294295167808994,11.653922507375311,0.027307702847348417,4.583885105794219,19.669330623959638,42.836860981412386,Amber,,0.1803450466045291
618296,Balance work of Construction of 2-lane with hard shoulder of Kohima - Jessami road on NH-29 old NH-150 from existing km 98.380 near Chizami vill. to km120.367 Nagaland/Manipur Border [Design km 95.700 to design km 117.200] [Design Length 21.500 km] in the state of Nagaland Under Bharatmala Pariyojna on EPC Mode Package-V under NHO,NHIDCL,Ministry of Road Transport & Highways,Roads & Highways,Nagaland,330.8,330.8,98.39,2026-07,0.8398954620040368,6.38889427896977,0.016661523674042732,-0.0015356830334386992,69.75830182655973,42.82784928390397,Amber,Newly At Risk,5.403310959139397
617964,"Widening to Four Lane rigid pavement configuration from Km 90.00 to Km 100.800 on NH-96 Km 42.0 to Km 53.300 as per new NH-330,design length of 11.300 km under EPC mode in the state of Uttar Pradesh.",MoRTH,Ministry of Road Transport & Highways,Roads & Highways,Uttar Pradesh,309.63,309.63,31.09,2026-07,0.8448468547984596,8.049846782615454,0.010934804538992173,0.0,-0.12362373208719302,42.78908296687259,Amber,Newly At Risk,4.959006492299878
617998,Widening to existing 2 lane with paved Shoulder to 4 Lane with paved shoulder from design Km 153.00 to 168.27 Mala Gate to Karkala of NH -169 on Shimoga - Mangalore section in the state of Karnataka on EPC mode under Annula Plan 2021-22 Job No. NH-169-KNT-2021-22-949,MoRTH,Ministry of Road Transport & Highways,Roads & Highways,Karnataka,177.94,177.94,83.0,2026-07,0.46068421241134994,3.9184312512607677,0.3950211204607146,0.0,23.990496172558085,42.78526664360322,Amber,Newly At Risk,7.016383023377664
612748,"Construction of 100 bed ESI Hospital and Staff Quarters [32 Nos.] at Harohalli, Karnataka",Employee's State Insurance Company [ESIC],Ministry of Labour and Employment,Healthcare,Karnataka,150.92,150.92,28.1,2026-07,0.6383675764161312,6.728554737417209,0.21707166515646775,6.735925520695935,16.78747081962183,42.77196207862994,Amber,Newly At Risk,3.006371586888811
612745,"Construction of 200 bed ESI Hospital at Bommasandra, Karnataka",Employee's State Insurance Company [ESIC],Ministry of Labour and Employment,Healthcare,Karnataka,278.0,278.0,35.0,2026-07,0.8121866077627033,3.1948710068368076,0.0410246495579053,1.1975585416664485,33.90080964370173,42.66056286603043,Amber,,2.2934612332423683
617942,Construction of Six lane Elevated Corridor from Km. 508.000 to Km. 513.150 including approaches on NH-66,MoRTH,Ministry of Road Transport & Highways,Roads & Highways,Goa,641.46,641.46,99.08,2026-07,0.8423387775757608,10.09657771012493,0.010597669075758827,-0.0022262249296718,1.4544130419664711,42.64682233257599,Amber,,-2.441693037099043
703586,Baiyyappanahalli-Hosur 48 km,M.D/KRIDE SWR mor,Ministry of Railways,Railways,"Multi-States (Karnataka, Tamil Nadu)",498.7,1160.0,85.0,2026-07,0.7455561838009135,5.1523550251604195,0.1072540402979121,4.564630505713645,26.995694575648685,42.640511204941276,Amber,,-11.266902767131938
617886,Widening of existing Single lane / Intermediate lane road to 2 lane from Km 101 to Km 125 of NH 61,MoRTH,Ministry of Road Transport & Highways,Roads & Highways,Nagaland,252.2,252.2,44.46,2026-07,0.8308919221678225,10.659413119601101,0.02167124243629797,0.0,19.27373872380708,42.62815823020602,Amber,Newly At Risk,4.673742051195035
618452,"2-laning of Zorinpui - Longmasu section of NH-502A from km 0.000 to km 28.244 in the State of Mizoram on EPC mode under NHO-NE, stretch of IMBR",NHIDCL,Ministry of Road Transport & Highways,Roads & Highways,Mizoram,781.85,781.85,4.71,2026-07,0.845403512670645,1.8627090440787826,0.00656231513923044,-0.020609743744474374,4.143721217176262,42.59829139049377,Amber,,-2.4222840779681505
618199,"Rehabilitation, Upgradation & Widening of existing Highway to Rigid Pavement 2 Lane with Paved Shoulder of NH 965DD from Lonand Shirval-Bhor Mandangad-Pchral Section ShindewadiPhata to Varandah Ghat Dist Border from Km 33/550 to 92/550 in the state of Maharashtra on EPC mode.",MoRTH,Ministry of Road Transport & Highways,Roads & Highways,Maharashtra,723.13,723.13,53.5,2026-07,0.7891372150184809,9.425608124658972,0.06223895546791837,0.0,4.367918833966887,42.56880852431996,Amber,,-1.1237841739965475
617921,Widening and strengthening to 2LPS including LA of Kandarpur-Balikuda from km 277/500 to 318/970 of NH-55 in the State of Odisha under Annual Plan 2021-22.,MoRTH,Ministry of Road Transport & Highways,Roads & Highways,Odisha,499.79,499.79,66.0,2026-07,0.8356505532830799,6.470688322818003,0.014646446786901215,0.0,0.02473255896373283,42.514850003499056,Amber,,1.2376969499591652
618412,Construction of i Connecting Road from Z-Morh Tunnel to Zojila Tunnel Road Length 18.475km and ii 14.150 Km long 2-L Bi-directional single tube Zoji-la Tunnel across Zojila Pass on Sonamarg - Kargil section from Km 82 to Km 118 of NH-01 under PMDP,NHIDCL,Ministry of Road Transport & Highways,Roads & Highways,Andhra Pradesh,6808.69,6808.69,68.8,2026-07,0.8281022468095665,9.751265713120217,0.021322280311104003,-0.023841232484472123,3.362302507775843,42.47122635603352,Amber,,2.40088915518227
618022,Upgradation to two lane with paved Shoulder Configuaration from Km. 0/00 to 47/000 of NH 351 Mahuva to Badhada section in the State of Gujarat,MoRTH,Ministry of Road Transport & Highways,Roads & Highways,Gujarat,173.06,219.08,77.0,2026-07,0.8428075528249159,8.220637372323473,0.0061949816120340055,-3.7959945062854774,7.369268482004548,42.4501267218475,Amber,,1.6406992139116738
618117,Upgradation to 2-Lane with Paved Shoulder from Design Km 36300 to Design Chainage 47918 and from Design Ch 69900 to Design Ch 83940 of NH-248A Natni Ka Bara in the State of Rajasthan on EPC Mode.,MoRTH,Ministry of Road Transport & Highways,Roads & Highways,Rajasthan,154.89,154.89,23.0,2026-07,0.8455203687199243,12.889101665805603,0.0018136264571387236,0.0,29.622796466045745,42.36669975885315,Amber,Stalled and Overdue,0.006388410369986275
619059,Construction of 2-Lane with hard shoulders of Merangkong-Tamlu-Mon Road on EPC Basis from existing road Km. 76.640 to Km 98.065 Design chainage Km. 63.800 to Km. 86.835 Design Length-23.035 Km in the state of Nagaland under SARDP-NE PKG-IV Balance work,NHIDCL,Ministry of Road Transport & Highways,Roads & Highways,Nagaland,323.98,323.98,79.03,2026-07,0.8339705387514972,5.055390246968622,0.013347863271248026,-0.0015356830334386992,35.67182172089405,42.36592010113726,Amber,,-1.2636943372361316
618373,"Construction of 4-Lane Bridge including approaches over River Brahmaputra between Dhubri on North Bank,Assam and Phulbari on south Bank,Meghalaya on NH-127B under JICA ODA Loan assistance Phase-III",NHIDCL,Ministry of Road Transport & Highways,Roads & Highways,Assam,4997.04,4997.04,77.14,2026-07,0.777926296403126,1.1533594473355366,0.06857746720266414,0.0,4.20031661408919,42.32518818028951,Amber,Newly At Risk,4.53739015462105
618203,"Construction of 4 lane with paved shoulder Pattan bypass Greenfield bypass from existing Ch. Km 24320 to Km 33760 and Design Ch. from Km 24400 to Km 35300, total length 10.900 km on road SrinagarBaramulla Uri NH-01 in the UT of Jammu & Kashmir under Project BEACON, Border Roads Organization BRO on EPC mode. Package-II",MoRTH,Ministry of Road Transport & Highways,Roads & Highways,Jammu and Kashmir,980.21,980.21,57.0,2026-07,0.8399998657718191,8.614200719241481,0.0049586643917612335,-0.0015356830334386992,0.4258520057883093,42.24792650817901,Amber,,-1.0280004501757318
400100,Sardar Gouthu Latchanna Thotapalli Barrage Project,Water Resources-AP,"Department of Water Resources, River Development & GR",Water Resources,Andhra Pradesh,353.05,1023.24,95.88,2026-07,0.6924765036728608,1.9796309582853173,0.1506464659410747,11.319165206377084,101.18464913628819,42.15614848069678,Amber,Newly At Risk,2.2236229325744503
618812,4L Access Controlled Greenfield Section Mancherial Warangal from Puttapaka village at Design Ch. 35.300 Km to Pangidipalle village at Design Ch. 72.350 KmPackage-II,NHAI,Ministry of Road Transport & Highways,Roads & Highways,Telangana,1129.33,1145.41,9.04,2026-07,0.7833683976533168,9.647136481227733,0.058175782402105566,-3.3874571626837753,19.55154785830336,42.07720900277111,Amber,,-3.3768885448518517
618031,Balance work of Construction of Two/Four lane with paved shoulder from Km 422.000 to 523.600 Chitradurga to Shivamogga of NH-13 in the state of Kanataka on EPC mode.,MoRTH,Ministry of Road Transport & Highways,Roads & Highways,Karnataka,516.96,516.96,98.0,2026-07,0.767673660625189,10.116266440784933,0.07280013659344783,0.0,12.189896949523044,42.023689860931846,Amber,,0.5476293091510485
618567,4/6L of Northern Ayodhya Bypass starting Km. 112.540 and ending Km. 139.928 north of existing NH-27 part-1 and part-2 south of NH-27 from km 0.000 to km 5.000.,NHAI,Ministry of Road Transport & Highways,Roads & Highways,Uttar Pradesh,2289.34,1834.25,33.53,2026-07,0.2504584756784387,3.987063618832446,0.5899623750489706,16.65694976701968,18.59763220275131,42.021042536370466,Amber,,1.4445936733421973
701329,Petrochemical and Lube Integration Project at Gujarat Refinery,Indian Oil Corporation Limited [IOCL],Ministry of Petroleum & Natural Gas,Oil & Gas,Gujarat,18936.0,17825.0,89.6,2026-07,0.7838041287092534,6.702511817813071,0.056034104873396134,10.109498982094504,22.64540944391001,41.99191167913248,Amber,,-26.26342682560145
400006,Jharsuguda-Barpali-Sardega Ph II Works- Rail Connectivity for Coal Loading Bulb at Barpali.,South Eastern Railway [SER] - I,Ministry of Railways,Railways,Odisha,808.99,808.99,44.0,2026-07,0.7270427969039185,7.534745581070422,0.11190700594648761,13.7977148545754,25.386812878367213,41.94749014252031,Amber,,0.8233706226521988
618633,4L of Kadapa China Orampadu section of NH-716 Package I of Kadapa-Renigunta section,NHAI,Ministry of Road Transport & Highways,Roads & Highways,Andhra Pradesh,1732.66,1732.66,5.01,2026-07,0.7213275693516995,4.606214970744371,0.11627978718276694,0.5498138622890937,33.25268411604729,41.88036782672332,Amber,,1.5883107366623719
618354,Wideinig & Upgradation to 2-lanes with paved shoulders road from Tamenglong to Mahur NH-137 in the State of Assam starting from km 96.870 near Jiri River to km 116.550 near Hangrum Package-7 on EPC mode Package7,NHIDCL,Ministry of Road Transport & Highways,Roads & Highways,Assam,846.82,846.82,90.36,2026-07,0.6932146559209468,8.01988362658694,0.14431804668080514,0.0,5.7737776388620015,41.8766351300876,Amber,Newly At Risk,6.440546139374334
618025,Rehabiitation and upgradation from km 121/000 to 154/000 Nakrekal to Mallampally section of NH-365 to 2 lane with paved shoulders in the state of Telangana in the EPC mode,MoRTH,Ministry of Road Transport & Highways,Roads & Highways,Telangana,192.67,192.67,96.0,2026-07,0.8278041382966878,2.239778745207085,0.008862751126119952,-0.03412549635035463,4.837117485078486,41.833344471140386,Amber,,0.0
618379,Widening and Up-gradation to 2- Lane with Paved Shoulder Configuration and geometric improvement from Km. 208. 000 to Km 250.000 Package-5 on Aizawl Tuipang Section of NH-54 in the State of Mizoram Package-5,NHIDCL,Ministry of Road Transport & Highways,Roads & Highways,Mizoram,752.89,752.89,95.35,2026-07,0.7667492903192537,3.2813040815563372,0.06816081237410257,-0.01799214786133512,13.59834093590512,41.74550513466781,Amber,,0.0
618359,Widening/Improvement to 4-Lane with Paved Shoulder from km 55000 Nagabang Gamsuk to km 82514 Oyan in the State of Assam and Arunachal Pradesh on EPC mode under Bharatmala Pariyojna of Length 27.514 Km Package-3,NHIDCL,Ministry of Road Transport & Highways,Roads & Highways,"Multi-States (Arunachal Pradesh, Assam)",665.47,665.47,96.7,2026-07,0.8315444123896312,5.125471246717019,0.002365309127111967,-0.0022262249296718,4.376343061414612,41.69548607583716,Amber,Newly At Risk,5.823895375877285
618202,Construction of 2 lane with paved shoulders Baramulla Bypass Greenfield bypass from existing Ch. Km 47020 to Km 56720 and Design Ch. From 48500 to 62600 Total length 14.100 km on road Srinagar Baramulla Uri NH-01 in the UT of Jammu & Kashmir under Project.Package-III,MoRTH,Ministry of Road Transport & Highways,Roads & Highways,Jammu and Kashmir,992.43,992.43,46.8,2026-07,0.8280688139629107,9.841888740505329,0.004190447685234735,-0.0015356830334386992,-1.3712049473285017,41.61296308240727,Amber,Newly At Risk,3.055837223453274
617245,Katihar-Kumedpur & Katihar-Mukuria 64.5 km Umbrella work PB57/2019-20/NR,CAO/C-II/NFR NFR mor,Ministry of Railways,Railways,"Multi-States (Bihar, West Bengal)",942.64,1961.0,65.0,2026-07,0.7709766300922242,9.334106688516417,0.059622184446272694,0.8783453824432248,51.01719157846668,41.52994072692484,Amber,,-8.513233798452902
604852,"Grass-root Terminal at Mirzapur, Uttar Pradesh",Indian Oil Corporation Limited [IOCL],Ministry of Petroleum & Natural Gas,Energy Storage,Uttar Pradesh,980.45,980.45,77.2,2026-07,0.8087033254546911,9.916040184993967,0.020617662956040592,-1.5161417417642826,12.936073859048834,41.466049420536585,Amber,,-7.764610269496927
612793,"Widening of basic strip at Western Side of Runway Chainage 80m to 920m i/c slope stabilization Measures [Balance work] of uphill and Improvement of Storm Water Drainage System at Pakyong Airport, Sikkim on design & build basis [EPC] with integrated 10 years maintenance.",Airport Authority of India [AAI],Ministry of Civil Aviation,Aviation & Aviation Infrastructure,Sikkim,323.26,323.26,36.14,2026-07,0.8261378746289154,6.6945400816561325,0.0030095966620902054,0.0,13.691986886124882,41.45737356455028,Amber,Stalled and Overdue,-2.7215956198177835
619060,"Construction of Balance Work of 4-Laning of the Section from Jhanji to Demow of NH- 37 Old from Km 514.800 to Km 534.800 20.000 Km, under SARDP- NE under EPC Mode in the state of Assam Pkg-III Road Works",NHIDCL,Ministry of Road Transport & Highways,Roads & Highways,Assam,344.71,619.7,72.0,2026-07,0.6130239200196893,3.8499164635798966,0.2153121224912985,-9.63749073558545,16.032891351948535,41.41680212554939,Amber,Newly At Risk,1.9502650187961734
705572,New Bongaigaon - Goalpara - Guwahati Kamakhya 176 km,CAO/C-III/NFR NFR mor,Ministry of Railways,Railways,Assam,4060.0,4983.94,91.0,2026-07,0.7116546553874101,11.23497414164705,0.11594965235957237,9.981768758765147,46.319046168143544,41.380215387349125,Amber,,-11.839935905451853
618012,"Widening & strengthenlng to 2LPS from km 0,000 to 40.000 Dhaugaon- Podamari section of NH 326 in the State of Odisha under Annual Plan 2021.22.",MoRTH,Ministry of Road Transport & Highways,Roads & Highways,Odisha,186.52,186.52,60.0,2026-07,0.8213785999315097,9.107770225529055,0.005884403915147902,0.0062049163997307515,1.69680832824071,41.36315019233288,Amber,,-0.1980229426152107
619341,"Telangana Super Thermal Power Project , Stage-II [3 x 800 MW]",National Thermal Power Corporation [NTPC],Ministry of Power,Electricity Generation,Telangana,29344.85,29344.85,0.97,2026-07,0.8036969787770977,3.118733871653145,0.023458944728729048,0.4963329953486895,8.542956870227814,41.357796175291334,Amber,,1.0253162740131572
618104,Widening to two lane with paved shoulders from Km 0/000 to Km 79/300 of Kalwakurthy - Kollapur section of NH-167K in the state of Telangana under annual plan 2021-22 on EPC mode under NHO.,MoRTH,Ministry of Road Transport & Highways,Roads & Highways,Telangana,886.69,886.69,90.05,2026-07,0.8093715303354627,8.600370029418558,0.016917582639278946,0.0,1.0199336303325979,41.31445564873708,Amber,,-1.5931317404057808
618219,Upgradation to 2-lane with Hard shoulder configuration of Suraithota Ch. 29.725 km to Malari Ch. 60.550 km road on NH- 107B under in the state of Uttarakhand.,MoRTH,Ministry of Road Transport & Highways,Roads & Highways,Uttarakhand,292.76,292.76,76.67,2026-07,0.8188828320636358,8.303650791297981,0.003944414257556998,-0.061054943918244835,0.054150647663451575,41.141362316059634,Amber,,0.015884958065619514
618055,Construction of Pratapgarh Bypass Extension connecting NH-31 to NH-330 on EPC mode in the State of Uttar Pradesh.,MoRTH,Ministry of Road Transport & Highways,Roads & Highways,Uttar Pradesh,225.17,225.17,78.0,2026-07,0.778668938322336,6.112048235881815,0.04391465508501941,-0.0022262249296718,3.252613390195166,41.12917967036777,Amber,,0.8311620718090111
702810,Singrauli Sewerage Management and Treatment Infrastructure Project,Ministry of Housing & Urban Affairs,Ministry of Housing & Urban Affairs,Waste & Water,Madhya Pradesh,402.01,438.1,90.0,2026-07,0.6609473883104153,5.022624484462551,0.16120758168907953,2.2095575827188734,14.333607530582706,41.10774849997475,Amber,,0.0
613008,Construction of Permanent Campus of Central Tribal University of Andhra Pradesh Phase-1,Central Tribal University of Andhra Pradesh,Department of Higher Education,Education,Andhra Pradesh,305.0,305.0,44.5,2026-07,0.8026776381093113,2.442723263334759,0.01826642522297006,8.62424294817033,7.080094078235856,41.04720316661407,Amber,Newly At Risk,1.819696914076843
618422,"Construction of 2-lane with hard shoulders of Merangkong-Tamlu-Mon road Wakching Twon portion on EPC basis from existing Chainage Km 59000 to Km 73640 [Design Km. 59000 to Km, 72450] Design length - 13.450 Km under SARDP-NE package-V Balance work",NHIDCL,Ministry of Road Transport & Highways,Roads & Highways,Nagaland,161.73,161.73,99.75,2026-07,0.8149067444477244,5.742975526479208,0.005549069975608136,-0.0015356830334386992,44.2417969899052,41.02279072116662,Amber,,-1.8025964160936567
618089,Rehabilitation & Up-gradation of Mudkhed to Nanded section from Km. 372000 to Km 388400 of NH 161A i.e. Nanded-Bhokar-Himayatnagar-Kinwat-Mahur-Arani Road Design chainage from Km 372000 Mudkhed to Km 387650 Nanded of NH 161A Length 15.65 Km to 2/4Lane with paved shoulders configuration in the State of Maharashtra on EPC mode.,MoRTH,Ministry of Road Transport & Highways,Roads & Highways,Maharashtra,206.54,206.54,65.14,2026-07,0.7513177329611368,6.9006479184318446,0.06894889075071932,-0.0015356830334386992,9.15416271186785,41.013331185592804,Amber,Newly At Risk,6.342425541311719
618263,"Rehabilitation and Up-gradation to 2LPS from Km. 0.000 to Km. 7.800 and Km. 35.400 to Km. 52.345 Design length 24.745 Km., except Bihar portion of NH-727B Tamkuhiraj to Bihar Border and Bihar Border to Majhauli on EPC mode in the State of Uttar Pradesh",MoRTH,Ministry of Road Transport & Highways,Roads & Highways,Uttar Pradesh,701.02,701.02,81.18,2026-07,0.7982599429461373,5.264420051471209,0.02135706900857835,-0.0022262249296718,-1.2677343425662468,40.98085059773579,Amber,Newly At Risk,10.413646921041796
701766,Green Building Development Project,ministry of housing and urban affairs,Ministry of Housing & Urban Affairs,Real Estate,Uttarakhand,150.97,206.0,40.3,2026-07,0.7528892866075922,11.78373253839072,0.06587886463919654,2.2561962108666562,59.859645247377806,40.93840756233944,Amber,Newly At Risk,1.983007119494097
617184,Transmission Scheme for integration of Davanagere/ Chitradurga and Bellary REZ in Karnataka [POWERGRID Chitradurga Bellary REZ Transmission Limited],Power Grid Corporation of India Limited [POWERGRID],Ministry of Power,Transmission & Distribution,Karnataka,3453.0,3453.0,23.01,2026-07,0.7668631153952921,5.271936508786419,0.050489475394748906,0.0,13.265976976900346,40.86762953950205,Amber,Newly At Risk,1.9594309460744057
618130,Widening to 2 lane with paved shoulders from 0.00 to 32.970 ofAdilabadto Bela section of NH 353B in the State of Telangana,MoRTH,Ministry of Road Transport & Highways,Roads & Highways,Telangana,490.92,490.92,79.07,2026-07,0.8039490759682457,7.128007036163633,0.01329356621164133,0.0,0.671689904401991,40.86213210899435,Amber,Newly At Risk,1.8498227867457118
618020,"Rehabilitation & Upgradation of KurwaiMungaoliChanderi Road section of NH-346, from Design Chainge 0.000 to 81.300 Km Total length 83.1 km to Two lane with paved shoulder configuration along with One time improvement in 07 nos of bypassed built- up areas in a total length of 22.615 km in the state of Madhya Pradesh on EPC mode.",MoRTH,Ministry of Road Transport & Highways,Roads & Highways,Madhya Pradesh,386.49,386.49,67.57,2026-07,0.7936035310513672,6.759539176714748,0.020993200944766546,0.0,8.965060145051037,40.72983659980668,Amber,Newly At Risk,1.189491918601469
617972,Upgradation to Two lane with Paved Shoulder Configuration of Narayanpur Kasturmeta pkg-II from design ch. 48.693 to 70.453 design length21.760 Km. on NH-130D under EPC mode in the state of Chhattisgarh.,MoRTH,Ministry of Road Transport & Highways,Roads & Highways,Chhattisgarh,200.67,200.67,0.0,2026-07,0.8089758308186558,11.062641839475086,0.004144512083959046,-0.0015356830334386992,0.907806487766174,40.65601714513074,Amber,Newly At Risk,0.8639048435677239
618433,Construction of Balance work of 2-Lane with PS of Joram Koloriang Road from existing Km122.600 to km138.00 [Design Km108.724 to Km123.714] in Arunachal Pradesh on EPC Mode under SARDP-NE Pkg-7,NHIDCL,Ministry of Road Transport & Highways,Roads & Highways,Arunachal Pradesh,184.89,184.89,99.69,2026-07,0.7278211208878185,3.5233428262987774,0.08457476986169127,-0.04043196165510927,27.679128487426333,40.619794537475485,Amber,,-1.2449823977145869
618205,"Construction of 4 lane with paved shoulder from Existing Ch. 14200 to 24320 Design Ch. 14200 to 24400, Ch. 33760 to 42780 Design Ch. 35300 to 44294 & Ch. 43440 to 47020 Design Ch. 44958 to 48500 Delina Flyover including construction of flyover length 1.704 km of total length 22.736 kms in AOR of 760 BRTF on road SRINAGAR BARAMULA URI NH-01 in the UT of Jammu & Kashmir under project BEACON, Border Roads Organization BRO Package-IJob No NH-1-J&K-2022-23-110",MoRTH,Ministry of Road Transport & Highways,Roads & Highways,Jammu and Kashmir,823.46,823.46,85.5,2026-07,0.7872062717883912,7.171388958330479,0.024920667109575963,-0.0015356830334386992,0.4129532793230337,40.606346944898355,Amber,,-2.6772445638682854
400101,Gundlakamma project,Water Resources-AP,"Department of Water Resources, River Development & GR",Water Resources,Andhra Pradesh,397.41,697.39,98.3,2026-07,0.6832551054304147,-2.7428698698670817,0.12772073091307135,17.448734821498157,53.63892402081257,40.548791817174305,Amber,,0.0
400192,Tubed Coal Mine,Damodar Valley Corporation,Ministry of Power,Coal,Jharkhand,1581.0,1581.0,37.0,2026-07,0.8054212936748555,9.989447563054293,0.005510642914300784,4.283079240068252,9.659564143256706,40.54659682945781,Amber,Stalled and Overdue,0.4436618668216852
618063,Widening & Strenghteningof section from Bharthana chowk to Kodarkoot km.0.00 to km.40.00 of NH-91-A on EPC mode,MoRTH,Ministry of Road Transport & Highways,Roads & Highways,Uttar Pradesh,262.37,343.77,94.0,2026-07,0.7312219687076054,5.289614159266542,0.07795131311510572,0.14450714679736326,3.6920632907955344,40.45866409113555,Amber,,-3.0406858291759136
618211,Improvement/construction of 2-lane with paved shoulder of Askote Llipulekh road from Tawaghat village to Budhi village design km. 56935 to km 95748 and from end of Tunnel portal to Kali Mandir design km 113828 to km. 133078 [total design length 58.063 km] under project Hirak of BRO in the state of Uttarakhand under Bharatmala Pariyojna on EPC Mode,MoRTH,Ministry of Road Transport & Highways,Roads & Highways,Uttarakhand,649.6,649.6,37.19,2026-07,0.7986513710734109,10.093304742300358,0.009530975728436445,-0.032702232792847674,1.5226022223365097,40.409117340092365,Amber,,-0.878483270350813
619102,4 L of China Orampadu-Renigunta section of NH-716 Package-II of Kadapa- Renigunta section,NHAI,Ministry of Road Transport & Highways,Roads & Highways,Andhra Pradesh,1500.11,1500.11,2.25,2026-07,0.6799329641499534,4.855794172701866,0.1280232913175729,1.1788882563025695,33.444172911503166,40.397812773376316,Amber,Newly At Risk,1.4280723640078605
617904,Construction of Bypass road to Balangir town from km 72/400 Desing km 0/0 to km 79/800 Design km 11/670 of NH-26 in the State of Odisha.,MoRTH,Ministry of Road Transport & Highways,Roads & Highways,Odisha,238.78,238.78,55.0,2026-07,0.7974485027346874,7.457975521955363,0.010049863962990064,0.0062049163997307515,3.1532697435023738,40.37491833488387,Amber,,-4.627127988643025
618992,100 MW SPP part of SECI 150 MW Hybrid,NLC India Limited [NLCIL],Ministry of Coal,Electricity Generation,Gujarat,480.68,480.68,1.2,2026-07,0.79701101951911,10.973373316582872,0.008225561116851184,-0.9041156187873727,8.919149673105629,40.26182903179806,Amber,Newly At Risk,2.0087829451688464
618173,Shirur-Kharda section from 55937 km to 114486 km to 2LPS/4L,MoRTH,Ministry of Road Transport & Highways,Roads & Highways,Maharashtra,381.77,381.77,83.93,2026-07,0.7325582453806272,19.23431155629271,0.0720005351159683,0.5538550356467516,6.571586658959541,40.22793902482977,Amber,,0.0
618348,Balance work of Widening to 2 Two lane with hard shoulder of Churachandpur to Tuivai section of NH-102B from km 130.000 to km 141.029 Package-4B in the State of Manipur on EPC Mode,NHIDCL,Ministry of Road Transport & Highways,Roads & Highways,Manipur,177.76,177.76,9.17,2026-07,0.7864224180650862,8.178236946855357,0.014337976867314493,0.0,56.29955734258757,40.03801974662004,Amber,,-1.884315816893789
400275,Tindivanam-Nagari 179.2 km,CAOC/SR SR mor,Ministry of Railways,Railways,"Multi-States (Andhra Pradesh, Tamil Nadu)",3631.0,3631.34,16.0,2026-07,0.32478980080410463,15.198062288997438,0.47501368410531847,4.340292819150576,95.22726417913718,39.99017424547115,Green,Rapidly Deteriorating,25.509668269254544
707086,Establishment of new GMC Rudrapur,"Medical Education, Ministry of Health and Family Welfare",Ministry of Health & Family Welfare,Healthcare,Uttarakhand,325.0,325.0,95.0,2026-07,0.6518216183019385,5.948932203634022,0.14797184526580567,17.673196942188024,89.54927965704061,39.98967317838721,Green,,-6.171948088662475
617885,Rehabilitation and Up-gradation of Nongstoin Wahkaji section of Project Road Km 0000 to Km 43060 to Intermediate Lane with earthern shoulder under SARDP-NE Phase-A in the State of Meghalaya on EPC mode. Job No- SARDP-NE ong-Don- Maw/MG/2020-21/294,MoRTH,Ministry of Road Transport & Highways,Roads & Highways,Meghalaya,302.88,302.88,99.62,2026-07,0.7940650757851716,9.52573243624983,0.004365304121363627,-0.0022262249296718,5.510742855800296,39.92151899532676,Green,,0.11199959226463818
701402,"Subernarekha Project, Odisha","Department of Water Resources, River Development & GR","Department of Water Resources, River Development & GR",Water Resources,Odisha,3055.88,7023.19,95.5,2026-07,0.7798629801584422,4.473116111371789,0.018545368409855663,33.37057546869811,75.39240871748534,39.92041742841489,Green,,2.2715963493572886
618817,4L Access Controlled Greenfield Highway section on NH-163G Khammam Vijayawada from V. Venkatayapalem village at Design Ch. 220.480 Km to BrahmanapalliK village at Design Ch. 250.400 Km Package-I.,NHAI,Ministry of Road Transport & Highways,Roads & Highways,Telangana,973.45,1021.96,45.89,2026-07,0.7402331675529247,10.511251326258686,0.056095057490378686,-5.432850371738414,36.79995227733008,39.81641125216517,Green,,-0.3256709169197052
618133,Strengthening and Widening of road Sakoli- Wadsa-Armori-Gadchiroli-Ashti- Allapalli - Sironcha National highway NH 353C in Km 262/00 to 321/00 including 16 minor Bridges and 2 Major Bridge Total length 59 Km section from repanpalli to sironcha in Gadchiroli Dist in the State of Maharashtra.,MoRTH,Ministry of Road Transport & Highways,Roads & Highways,Maharashtra,280.57,280.57,67.39,2026-07,0.6839211426529204,1.3100556653731967,0.1117846681252745,0.0,7.4893915771070105,39.78529053890975,Green,,8.480777825279741
618152,Mhaswad to Tembhurni section of NH-548C - 2L PS,MoRTH,Ministry of Road Transport & Highways,Roads & Highways,Maharashtra,488.6,488.6,96.19,2026-07,0.6768440342188479,12.712102253586071,0.11537258642542231,0.5538550356467516,7.9812020739654,39.61083103221351,Green,,0.0
612781,Rebuilding of COB 4 at Durgapur Steel Plant,Steel Authority of India Limited [SAIL],Ministry of Steel,Steel,West Bengal,916.78,916.78,37.19,2026-07,0.7300627607030562,12.054516096909861,0.06129205641360287,1.8351373535037698,1.5889750129333997,39.56774085583296,Green,,-2.6087879074660947
400154,EPR PUNDI OCP,Ministry of Coal,Ministry of Coal,Coal,Jharkhand,639.6,639.6,11.24,2026-07,0.7836768556902769,12.601383895524007,0.006481319326376852,-2.2840015971039866,5.645930858398481,39.50790875083269,Green,Rapidly Deteriorating,28.60254335647263
619005,Construction of bypass around Chatra Town on NH-22 old NH-99 in the state of Jharkhand under EPC Mode,MoRTH,Ministry of Road Transport & Highways,Roads & Highways,Jharkhand,235.42,199.2,13.0,2026-07,0.0778345004755972,4.734559376145832,0.7121425747461622,0.0,2.15079061212888,39.49885376108797,Green,,-31.25214384042387
400062,"Raghunathpur Thermal Power Station Phase II [2X660 MW] at Raghunathpur, Purulia, West Bengal",Damodar Valley Corporation,Ministry of Power,Electricity Generation,West Bengal,17673.0,17673.0,13.0,2026-07,0.7799126842701908,8.335442009453141,0.009720935644534145,3.4554608948291747,4.381965641684706,39.48168099573625,Green,,-1.2805593350413744
617911,Rehabilitation and upgradation Umaria to Shahdol section of NH-78 from Existing Km. 68/4 to Km. 142/2 to 2LPS including construction of Birshinghpur and Shahdol Bypass on EPC mode under NHDP-IVA,MoRTH,Ministry of Road Transport & Highways,Roads & Highways,Madhya Pradesh,511.83,613.16,94.5,2026-07,0.7768844879412065,7.119845541012203,0.012552896269640191,8.228695681441513,11.762548581792883,39.47186921054233,Green,,0.0
701346,North East Gas Grid,Indradhanush Gas Grid Limited,Ministry of Petroleum & Natural Gas,Oil & Gas,Tripura,9265.0,9265.0,88.2,2026-07,0.5596378512339178,6.029775180143299,0.2297465512607321,1.3988629779733386,20.208967212268977,39.469220124732495,Green,,-10.853998289074276
611495,Development of New Civil Enclave at Bagdogra Airport,Airport Authority of India [AAI],Ministry of Civil Aviation,Aviation & Aviation Infrastructure,West Bengal,1549.0,1549.0,27.9,2026-07,0.7079039568335092,5.725697100740161,0.08078954720073611,0.0,26.045787484631017,39.43467520171227,Green,,-6.749354126373923
619057,Construction of 4-Lane Badarpur Bypass from Design Chainage km 27300 at crossing with NH-6 Old NH-44 Near Siddeswar Pt.-I Village to Design Chainage km 38600 on NH-37 Old NH-44 at Kandigram Chaita Village on Silchar - Churaibari stretch in the State of Assam on EPC Mode under Bharatmala Pariyojana in Economic Corridors Silchar- Churaibari Pkg-3,NHIDCL,Ministry of Road Transport & Highways,Roads & Highways,Assam,574.26,574.26,71.09,2026-07,0.7000523049724081,6.681222431329084,0.08857265813830215,0.0,7.826638214021723,39.43124815553551,Green,,-7.257637750793656
702630,Surat Metro Rail Project,Gujarat Metro Rail Corporation Limited [GMRCL],Ministry of Housing & Urban Affairs,Urban Public Transport,Gujarat,12020.32,12020.32,81.9,2026-07,0.7719099985781182,4.26439808908847,0.016068278400938264,1.2650511620392013,9.123797383867359,39.39891384895282,Green,,0.8771000613070399
618290,"Construction of 2-lane with Paved shoulder of Kohima- Bypass Road Connecting NH- 39New NH-02, NH-150New NH-02, NH-61New NH-29, NH-39New NH-02 from Design Km 32.00 to Design Km 43.454Design Length-11.454 Km in the State of Nagaland under SARDP-NE on EPC Mode Package-IV",NHIDCL,Ministry of Road Transport & Highways,Roads & Highways,Nagaland,202.36,202.36,46.77,2026-07,0.7789015975665753,5.50016925017524,0.008946870655878071,-0.0015356830334386992,11.188570723085235,39.39242341112267,Green,,-1.694881522761186
400119,Life Extension of 48 well platforms of Mumbai High & Heera Fields,Oil and Natural Gas Corporation Limited [ONGC],Ministry of Petroleum & Natural Gas,Oil & Gas,Offshore,3190.69,3375.9,90.0,2026-07,0.5835436549129209,-7.874990703156246,0.2042184329526045,9.767122818452103,37.51175160836493,39.388104393276265,Green,,0.0
617999,Widening to 2LPS from Km 67 to Km 115 on Kadur-Hosadurga section NH 173 in the state of Karnataka NH-173-KNT-2022-23-980 dated 13.03.2023,MoRTH,Ministry of Road Transport & Highways,Roads & Highways,Karnataka,471.62,471.62,69.54,2026-07,0.7522755844445947,7.847487490201936,0.035396633220238755,0.0,6.903514494364385,39.38361088324168,Green,,-0.4874966072091311
612142,"Singrauli Super Thermal Power Project, Stage-III [2x800 MW]",National Thermal Power Corporation [NTPC],Ministry of Power,Electricity Generation,Uttar Pradesh,17195.0,17195.0,25.0,2026-07,0.7181314756582697,0.7376765664161278,0.06885011958587889,-0.07867207808715282,10.56027555996696,39.34907976220743,Green,,0.0
709842,"Kalol Redevelopment Project, Ahmedabad Asset",Oil and Natural Gas Corporation Limited [ONGC],Ministry of Petroleum & Natural Gas,Oil & Gas,Gujarat,1487.41,1487.41,66.0,2026-07,0.597747245116624,6.894755734244621,0.1886415130538858,0.058174684870141595,20.045359442934494,39.31943790852549,Green,,-4.988675635688516
611963,"Construction & Development of Infrastructural Facilities in the main campus of NIT Uttarakhand at Sumari, Pauri Garhwal",National Institute of Technology Uttarakhand,Department of Higher Education,Education,Uttarakhand,650.85,650.85,63.0,2026-07,0.7727089992493431,3.7008427921849605,0.012257373994920825,3.6733798828800923,0.5952500792187617,39.248318662213194,Green,,3.6741408773621274
400425,MOONIDIH XV SEAM UG,BCCL - CIL,Ministry of Coal,Coal,Jharkhand,1230.27,1230.27,84.02,2026-07,0.773377735606677,12.461918640474565,0.010722628191104628,5.588850694783134,59.04343086824615,39.20501818988908,Green,,1.3365468132868301
618317,4-Laning of chhimluang-Kolasib from section pkg-4 of NH-306 & NH-6 existing chainage km 59700 to km 86000 design chainage km 61000 to km 77500 on Silchar- vairengte-sairang road in the state of Mizoram under Bharatmala Pariyojna on EPC mode Vairengte - Sairang Pkg-4,NHIDCL,Ministry of Road Transport & Highways,Roads & Highways,Mizoram,561.91,561.91,17.12,2026-07,0.6919365073584969,0.8326361522677362,0.09215142035939723,-0.23889570768556756,2.726118133708567,39.20439638589471,Green,,6.03005044561543
604791,Numaligarh Refinery Expansion Project,Numaligarh Refinery Limited,Ministry of Petroleum & Natural Gas,Oil & Gas,Assam,12366.0,25313.0,87.0,2026-07,0.4181497072544443,0.8989768236240491,0.36525076246401433,7.736289235895621,31.10043080646884,39.17002348592293,Green,,-33.419255610546934
705366,Hajipur-Sagauli via Vaishali 148.3 km,CAO/Con/North/MHX ECR mor,Ministry of Railways,Railways,Bihar,2067.0,3991.33,74.0,2026-07,0.4918260028457414,2.0607918485083125,0.29140833029210106,14.856611706431746,51.808160304485625,39.16171665689212,Green,,-31.26714146674417
617948,Kante - Wakad section of NH-66 4L PS from Km.281/300 to 332/200,MoRTH,Ministry of Road Transport & Highways,Roads & Highways,Maharashtra,1117.75,2020.56,90.14,2026-07,0.6300261535986271,14.724267207132629,0.1524460331327739,0.4549291346651071,4.5765294003823,39.123609336570055,Green,,7.942543511205983
617963,Rehabilitation and upgradation to four lane road from km 70.500 to km 78.600 of NH- 92 under EPC mode in the State of Uttar Pradesh,MoRTH,Ministry of Road Transport & Highways,Roads & Highways,Uttar Pradesh,296.02,351.78,39.0,2026-07,0.7481321490746622,7.222037098149248,0.03414614026044883,-1.971600242695187,0.029233031250364007,39.11391446675555,Green,Rapidly Deteriorating,24.9447206241002
618146,Estimate for Improvement to two lane with paved shoulder from Ramnagar to Roseda from km 3.500 to 43.000 of NH 527 E on EPC mode in State of Bihar,MoRTH,Ministry of Road Transport & Highways,Roads & Highways,Bihar,495.16,495.16,39.0,2026-07,0.7699961963494093,5.453232672645571,0.011187881199554502,0.0,2.032850560346437,39.05920387744819,Green,,0.6538534600668484
618072,Widening to Existing single lane /intermediate lane to 2 lane from Km185.00 to Km 220.00 of NH-61 New NH-02 in the state of Nagaland.,MoRTH,Ministry of Road Transport & Highways,Roads & Highways,Nagaland,297.25,297.25,100.0,2026-07,0.7729676588226289,3.4985685079515947,0.0074463604630553475,0.0,15.086571469500116,39.02070096428421,Green,,0.7958197631958441
617905,Construction of 4 lane ROB with approaches in lieu of LC No. RV-172 at km 176.00 of NH-201 present NH-26 at Kesinga including land acquisition in the state of Odisha on EPC mode under Annual Plan 2021-22,MoRTH,Ministry of Road Transport & Highways,Roads & Highways,Odisha,324.09,324.09,78.0,2026-07,0.7656815891796114,7.151845318349112,0.014650994971429417,0.0,3.1599746135455895,39.016629207552036,Green,,-0.7406935141497186
618168,Widening to four lane with paved shoulder from Design Km.49.200 to Km.89.285 of NH-731B on EPC mode in the state of Uttar Pradesh,MoRTH,Ministry of Road Transport & Highways,Roads & Highways,Uttar Pradesh,917.91,965.3,56.0,2026-07,0.7520028392126095,6.133807856363516,0.02795779394148706,2.288232682165878,7.696136197075047,38.99803165770482,Green,,-0.11487367776803836
618775,Ara Bypass,NHAI,Ministry of Road Transport & Highways,Roads & Highways,Bihar,226.32,226.32,25.78,2026-07,0.7249722362111474,7.389893581261534,0.054841936270656,-1.3634922401282623,21.155298966365674,38.99070862409017,Green,,3.453360413026374
618540,Construction of Ring Road around Kanpur from Ch.23.325 to Ch.32.090 Chaudhariya to Transganga Package-IIA,NHAI,Ministry of Road Transport & Highways,Roads & Highways,Uttar Pradesh,1089.41,977.45,49.85,2026-07,0.46662050017824624,2.773529057491315,0.31165642608685024,-0.4955543610127256,11.51530184537663,38.91384631325482,Green,,4.208294180971151
602223,Comprehensive Scheme for Strengthening of Transmission and Distribution [T&D] Systems [CSST&DS] in Arunachal Pradesh and Sikkim,Power Grid Corporation of India Limited [POWERGRID],Ministry of Power,Transmission & Distribution,"Multi-States (Arunachal Pradesh, Sikkim)",4754.42,9129.32,83.9,2026-07,0.680348889734342,0.041588273929659664,0.09763736324136604,28.230940660051974,48.60280131518394,38.899312648785404,Green,,3.8246284374386548
617246,Up-gradation of Blast Furnace No. 3 at Durgapur Steel Plant,Steel Authority of India Limited [SAIL],Ministry of Steel,Steel,West Bengal,758.09,758.09,62.17,2026-07,0.6581215415165034,7.4303481188723435,0.11986083014581274,3.8809345142188527,1.5795432621007666,38.89911858311581,Green,,-4.111042804939707
618648,"Development of 6-lane Greenfield Southern Ludhiana Bypass from intersection with NH-44 near Village Rajgarh to intersection with Delhi Katra Expressway NE-5 near Village Ballowal, km 0000 to km 25240",NHAI,Ministry of Road Transport & Highways,Roads & Highways,Punjab,1424.55,1424.55,5.79,2026-07,0.3203633033759912,4.766443943068598,0.45753610191040983,6.653051782166107,27.020899233471383,38.89497026432005,Green,,7.327499950796735
618065,"Rehabilitation/Upgradation of existing Highway to 2LPS/4 lane of Dhawali to Rajoli from Design Km.149476 to 163476 existing Km.150000 to 164000, Pandhasala to Mohadongri from design Km.170476 to 181476 existing Km.171000 to 182000, Ambeshivni Fata to Bodli from design Km.183476 to 185476 existing Km.184000 to 186000 and Made Tukum to Gadchiroli from design Km.188476 to 189476 existing Km.188000 to 18900 having length 28 km of NH-930 of Dhawali to Gadchroli road in the",MoRTH,Ministry of Road Transport & Highways,Roads & Highways,Maharashtra,316.44,316.44,37.2,2026-07,0.7128717505381253,7.439073683070936,0.06446929438959842,0.0,0.452876522897611,38.867052246386194,Green,,6.147546403394443
619185,Rehabilitation and up-gradation and completion of balance work of section from Km 155.00 to Km 181.00 End of Jarwa to Rangat of NH -4 Total length 26 Km to Intermediate Lane/2-lane with hard shoulders in the UT of A&N Islands on EPC basis - Package-III.B Balance work,NHIDCL,Ministry of Road Transport & Highways,Roads & Highways,Andaman & Nicobar,183.56,333.12,50.15,2026-07,0.7610236486828567,5.244750152135642,0.015993015058919282,-9.622997651505667,18.773256220806196,38.850833187088796,Green,,6.181278651949896
709817,4th line - Dadhapara-Belha 9.2 km PB72/NR/2022-23,CAOC/SECR SECR mor,Ministry of Railways,Railways,"Multi-States (Chhattisgarh, Maharashtra)",169.06,169.06,10.0,2026-07,0.7374015175042863,10.713234530169634,0.03926777042960929,6.025609277526485,136.56003667970424,38.83346439669478,Green,,
618182,Widening to Two lane with paved shoulders from 106/830 to 158/496 of Yellareddy- Rudrur Section of NH-765D in the state of Telangana on EPC mode under NHO under Annual plan 2022-23,MoRTH,Ministry of Road Transport & Highways,Roads & Highways,Telangana,499.88,499.88,68.9,2026-07,0.7594826088775259,7.812868834974008,0.014310610404887743,0.0,2.3476091570224145,38.689660964120684,Green,,-7.297623456278387
618783,4-laning of Pilibhit - Sitarganj from Km. 32.500 to Km. 70.800 Pkg-2 of NH-30,NHAI,Ministry of Road Transport & Highways,Roads & Highways,"Multi-States (Uttar Pradesh, Uttarakhand)",1471.19,1471.19,44.41,2026-07,0.7232728471167047,4.730205937556013,0.04930479249714137,0.6787665423743717,29.125159650843987,38.628881980692306,Green,,-0.6155323075716197
707044,Establishment of new GMC Korba,"Medical Education, Ministry of Health and Family Welfare",Ministry of Health & Family Welfare,Healthcare,Chhattisgarh,325.0,322.85,55.0,2026-07,0.7585892103633227,7.045821117707299,0.013954523296802145,0.8521435145801372,12.128373492309976,38.627186683006244,Green,,1.4551113466388017
707045,Establishment of new GMC Mahasamund,"Medical Education, Ministry of Health and Family Welfare",Ministry of Health & Family Welfare,Healthcare,Chhattisgarh,325.0,325.0,84.0,2026-07,0.7247895879295825,9.353694806273781,0.047205251104450875,5.218325840167965,81.77968260022615,38.59974195170167,Green,,-3.4792979818657415
611961,Construction of IIT Bhubaneswar -Phase III,"Indian Institute of Technology, Bhubaneshwar",Department of Higher Education,Education,Odisha,454.27,454.27,10.45,2026-07,0.7379885616381111,3.5918966504361376,0.033805214342290765,-1.1578807261449517,14.344985327721856,38.589688799020095,Green,,4.677208420237598
618216,"Improvement/construction of existing CL-5 Road to NH Intermediate lane specification with hard shoulder from Km 133.000 to 166.000 net Length 33.000 kms of NH-505 Sumdo-Kaza-Gramphoo road in the state of Himachal Pradesh on EPC mode under project Deepak, BRO",MoRTH,Ministry of Road Transport & Highways,Roads & Highways,Himachal Pradesh,230.55,203.15,23.24,2026-07,0.6415970215898522,8.444686590089859,0.1286518846549128,0.0,6.771082494759403,38.512445312238256,Green,,3.326508814451209
702808,Satna Sewerage Management and Treatment Infrastructure Project,Ministry of Housing & Urban Affairs,Ministry of Housing & Urban Affairs,Waste & Water,Madhya Pradesh,191.56,215.89,96.0,2026-07,0.6400823939207689,9.056234281139117,0.12990669795182472,2.7315554579811225,53.63010235388845,38.499454593629686,Green,,-0.8208089205306806
618098,"Upgradation of exhisting 2 lane flexible pavement to 2 lane paved shoulders rigid pavement from design chainage Km 66.00 to Design Km 82.440 Start of Kolhapur Municipal corporation near Phulewadi to kale, design length 16.440 Km section on Talere Gaganbawada-Kolhapur road NH 166G in the state of Maharashtra on EPC mode",MoRTH,Ministry of Road Transport & Highways,Roads & Highways,Maharashtra,167.97,167.97,93.75,2026-07,0.7019569737740322,8.121183570174981,0.06631498299901598,-0.0015356830334386992,5.05708260671144,38.41359783865241,Green,,-0.0368118757590139
617333,Construction of surface traingle between Bhadaura and new crossing station Karma Dildarnagar-Taraghat line 11.1 km PB72/NR/2022-23,CAO/Con/South/MHX ECR mor,Ministry of Railways,Railways,"Multi-States (Bihar, Uttar Pradesh)",199.96,199.96,0.0,2026-07,0.7348280464331388,8.975005394614495,0.03198279952726734,3.9861660361671842,58.616414834876586,38.34054229802031,Green,Rapidly Deteriorating,15.546588557458307
618291,"Construction of 2-lane with Paved shoulder of Kohima-Bypass Road connecting NH- 39 New NH-02, NH150New NH-02, NH7-61 New NH-29 and NH-39 New NH-02 from Design km 21.000 to km 32.268 [Design length11.268 km] in the state of Nagaland Under SARDP-NE on EPC Mode Package- 3",NHIDCL,Ministry of Road Transport & Highways,Roads & Highways,Nagaland,159.85,342.29,39.54,2026-07,0.7618628675061966,5.061180608982371,0.004820337250412125,-19.38631411140593,17.30284799572705,38.33416023783043,Green,,-3.1339441992106387
602535,"Ratle HE Project - 850 MW, Ratle Hydroelectric Power Corporation Limited.",National Hydroelectric Power Corporation Limited [NHPC],Ministry of Power,Electricity Generation,Jammu and Kashmir,5281.94,5281.94,31.53,2026-07,0.7293738935171489,1.5012034900795108,0.035951378815795174,2.123358245193703,15.370745305030194,38.2662636166472,Green,,-0.49815549868007736
607653,Ludhiana Mullanpur 21Km Doubling Railway project,CAO/C/NR,Ministry of Railways,Railways,Punjab,234.78,234.78,99.0,2026-07,0.6897261036233706,-2.0983352237750776,0.07482574336409277,14.4347713766108,80.21838093267982,38.22759234937317,Green,,0.0
618073,Improvement to Two lane with Paved Shoulder from Junction of NH22 near Hajipur to Junction of NH -122 at Bachhwara via Mahnar and Mohiuddin Nagar from Km 0.00 to Km 29.730 of NH 122 B in the State of Bihar.,MoRTH,Ministry of Road Transport & Highways,Roads & Highways,Bihar,226.16,226.16,61.0,2026-07,0.7531557731283529,6.5546107846494355,0.010141035833493291,0.0,2.616322534593957,38.164840448092306,Green,,-1.2549561996283813
705480,"Lalitpur-Satna, Rewa-Singrauli & Mahoba-Khajuraho 541 km",CE/C-4/WCR WCR mor,Ministry of Railways,Railways,"Multi-States (Madhya Pradesh, Uttar Pradesh)",8914.0,8913.94,73.0,2026-07,0.49419056635479347,5.604012231430975,0.26860766211585335,55.13822858160334,104.77604646479783,38.13991142353234,Green,,-0.16094989929911918
705515,Budhapank-Salegaon via Rajatgarh - 3rd & 4th line 85 85 km,CAO/C/ECOR ECoR mor,Ministry of Railways,Railways,Odisha,1173.0,3034.8,86.0,2026-07,0.7243473282289958,10.42170930230876,0.03639077060803886,-1.3690280166987405,37.52189026036691,38.03690494185174,Green,,-13.824906083933925
619028,Augmentation of 1x500 MVA 400/220kV ICT [3rd] at Thrissur VSC HVDC Station in Kerala,Power Grid Corporation of India Limited [POWERGRID],Ministry of Power,Transmission & Distribution,Kerala,173.14,173.14,1.5,2026-07,0.7242896943640277,4.756678003708618,0.03403968853116797,0.0,77.01293007605187,37.91646914475979,Green,,1.9520451232074478
617947,Arawali Kante section of NH-17New NH-66 4L PS from Km.241/300 to 281/300,MoRTH,Ministry of Road Transport & Highways,Roads & Highways,Maharashtra,1006.99,1443.09,80.06,2026-07,0.6629272182083805,11.764271146809097,0.09164023602167222,3.178714946301836,1.023890579854902,37.72837271150264,Green,,-0.43936766881476075
618399,Construction of Kishtwar bypass with 2 lane with paved shoulder from Design Km. 80.675 Dulhasti to km 95.550 Bandarkoot of 14.88 km & a link road to Kishtwar town from 0000 to 1.871 of length1.871 Km on Khellani - Kishtwar - Chattroo section in UT of Jammu and Kashmir on EPC Mode Pkg-4,NHIDCL,Ministry of Road Transport & Highways,Roads & Highways,Jammu and Kashmir,859.67,859.67,50.64,2026-07,0.7070942000610088,0.07267176611485865,0.046589596635882836,-0.0015356830334386992,17.125779941296997,37.68418983484458,Green,,-3.745197807638604
617068,"Augmentation of Transformation Capacity by 3x500 MVA, 400/220 KV ICTS [6th-8th] and 1x1500 MVA, 765/400 KV ICT [4th] at Bidar PS [SPV Name- POWERGRID Bidar Augmentation Transmission Limited]",Power Grid Corporation of India Limited [POWERGRID],Ministry of Power,Transmission & Distribution,Karnataka,288.0,288.0,18.75,2026-07,0.7386064138819481,4.966786781879609,0.014653714379590286,0.0,11.45624844876812,37.66300641307692,Green,,0.03580446237408097
609996,Construction of Precast housing and hostels at IIT Hyderabad,"Indian Institute of Technology, Hyderabad",Department of Higher Education,Education,Telangana,262.0,262.0,90.39,2026-07,0.7009045763818627,3.5746886283983788,0.051022901076172716,-0.6316346472232577,32.61643394082225,37.596373872901765,Green,,-0.5031681216527986
701338,City Gas Distribution Maharashtra Natural Gas Limited,Gas Authority of India Limited [GAIL],Ministry of Petroleum & Natural Gas,Oil & Gas,Karnataka,5535.0,5535.0,47.0,2026-07,0.11191317574635849,0.9359020779322806,0.6380995519827687,13.490385134112698,94.05792551389303,37.50063638645636,Green,,-0.4010737009307306
618223,Rehabilitation and up-gradation to 2 lane with paved shoulder from existing chainage km 64535 to km 85385 Design chainage km 55800 to km 74350 under 13 TF on Akhnoor-Poonch road NH-144A under Project Sampark BRO in the UT of Jammu & Kashmir on EPC mode Package-III Job no NH-144A-J&K-2019-20-79,MoRTH,Ministry of Road Transport & Highways,Roads & Highways,Jammu and Kashmir,152.93,152.93,90.06,2026-07,0.4564501237341111,0.18170715382815222,0.29049354931234633,0.0,66.11303546773885,37.34718365232287,Green,,-1.0625063823761636
618177,Pal Phata Phulambri - Khultabad 2LPS,MoRTH,Ministry of Road Transport & Highways,Roads & Highways,Maharashtra,227.19,227.19,95.29,2026-07,0.7109279867114692,8.853928887718112,0.03519574285573688,0.0,5.333129675496329,37.3061864783603,Green,,1.287964265360749
709759,"Petrochemical evacuation marketing terminal at Barmer, Rajasthan",Hindustan Petroleum Corporation Limited,Ministry of Petroleum & Natural Gas,Energy Storage,Rajasthan,461.05,461.05,97.5,2026-07,0.7382174786110651,8.051235484693263,0.007842702285295577,-2.1031260848715494,20.63873607602088,37.30300904481803,Green,,1.1363126053135488
709783,"Installation of Multiple Effect Evaporator [MEE] for ETP-1, 2 & 4 of Panipat Refinery and Petrochemical Complex.",Indian Oil Corporation Limited [IOCL],Ministry of Petroleum & Natural Gas,Oil & Gas,Haryana,165.13,247.69,92.5,2026-07,0.43670987789430177,-1.6629676518634018,0.30877403464428094,6.723685001821786,41.516341257509545,37.274195626929135,Green,,-17.764882733190106
618365,Widening to 2 Lane with Hard shoulder of Akegwo-Avangkhu section of NH-202K for Package-III Design Chainage 69875 Km to 106816 Km in the State of Nagaland on EPC mode under NHO-NE,NHIDCL,Ministry of Road Transport & Highways,Roads & Highways,Nagaland,497.18,497.18,85.67,2026-07,0.731468194993534,11.355522856968781,0.013562369131156892,0.0,11.517737647202047,37.251528206234546,Green,,0.0
618293,"Construction of 2-Lane with paved shoulder of Kohima-Bypass Road connecting NH- 39New NH-02, NH-150New NH-02, NH-61New NH-29 and NH-39New NH-02 from design Km 0.00 to Km 10.500 in the State of Nagaland under SARDP-NE on EPC Mode Package-1 -Balance work",NHIDCL,Ministry of Road Transport & Highways,Roads & Highways,Nagaland,232.29,350.88,27.24,2026-07,0.7231087488374753,9.37263369693745,0.021222470075989097,6.577472305123623,14.127559361223625,37.21656094567322,Green,,7.824575816945341
705608,Jhansi-Khairar-Manikpur & Khirar-Bhimsen,North Central Railway,Ministry of Railways,Railways,"Multi-States (Madhya Pradesh, Uttar Pradesh)",4330.0,4330.0,73.0,2026-07,0.7168546695080388,7.183849379472755,0.027032133679552466,-0.6125990230776013,36.27030157897842,37.194340159379564,Green,,2.301512254980544
618284,Widening/Improvement to 4-Lane with paved shoulder from Km 99930 to Km 143680 Design Chainage 96000 to 139750 of Paikan to Dhupdhara Sahar of Bilasipura- Guwahati Road on NH-17 in the state of Assam on EPC mode under Bharatmala Pariyojana in Economic Corridors Project Length 43.750km under NHO-NE Package- 8,NHIDCL,Ministry of Road Transport & Highways,Roads & Highways,Assam,1457.59,1457.59,85.87,2026-07,0.6968315570400293,5.593490306374312,0.04652558225894969,0.0,5.674221085795609,37.167856964948946,Green,,-4.415093874063722
400048,Doubling of lines connecting the loading spurs in Talcher Yard.,East Coast Railway [ECoR] - II,Ministry of Railways,Railways,Odisha,186.21,186.21,88.0,2026-07,0.6118321513484077,8.365313985684995,0.1277168539322853,17.808099659535866,24.853580294180528,36.97745026403465,Green,,-1.4338297117181327
618367,Improvement and Widening to 2-lane with paved shoulder of road from design Km 72.000 Pati Chhari to design Km 107.654 Harina Total length 35.654 Km on Teliamura to Harina section of NH 208 in the state of Tripura on EPC mode under JICA ODA Loan Phase VI Package-4,NHIDCL,Ministry of Road Transport & Highways,Roads & Highways,Tripura,726.9,726.9,9.5,2026-07,0.730771678665019,6.8537957882731035,0.008287235237117585,0.0,4.575246639724837,36.952945695106834,Green,,3.6043407860005345
618042,"Rehabilitation/ Upgradation of existing Highway to four lane standards in Kurkheda town from km.413257 to km 410775, Two lane in Shankarpur Gurnuli km 42400 to km 43100 section and Reconstruction of Major Bridge at Ch. 448558 Bhuti Nallah and Ch. 411695 Sati River bridge, Minor Bridge at Ch. 411477 and Ch. 405800 Lendhari Bridge of NH 543 Bhamhapuri-wadsa-kurkheda-korchi-Deori-Amgaon road on EPC mode in the State of Maharashtra",MoRTH,Ministry of Road Transport & Highways,Roads & Highways,Maharashtra,163.86,163.86,50.25,2026-07,0.6815384223360217,6.814306135181921,0.05695048803934253,0.0,12.679437801743292,36.92444551876821,Green,,3.582710900126351
617897,Construction of proposed 4Lane Revelgunj bypass NH-19 in the State of Bihar on EPC mode connecting NH 19 to 85 origin,MoRTH,Ministry of Road Transport & Highways,Roads & Highways,Bihar,295.24,295.24,88.65,2026-07,0.6885219890387315,6.852448651586375,0.048230186325949095,0.0,4.206726221458155,36.837608768234034,Green,,-2.3773912479891166
400232,Brundamal - Jharsuguda - Fly-over connection for joining down line 6.6 km,CAO/C/ECOR ECoR mor,Ministry of Railways,Railways,Odisha,297.0,296.51,55.0,2026-07,0.6665064621375484,5.7726305438177254,0.06882747594732994,-0.8524600196903552,18.884880993970008,36.766696904243915,Green,,-6.202367688589966
400103,Indiramma Flood Flow Canal Project,Irrigation and CAD-TG,"Department of Water Resources, River Development & GR",Water Resources,Telangana,1331.3,5940.09,92.0,2026-07,0.6734893212368966,8.216482996481622,0.06179703154566494,22.54823142894437,187.95412744111687,36.76431763912808,Green,,0.0
701370,Borolia Irrigation Project,"Department of Water Resources, River Development & GR","Department of Water Resources, River Development & GR",Water Resources,Assam,256.16,256.16,55.44,2026-07,0.5956525743156291,11.186505660616604,0.13961769164992271,-0.7163082814795604,116.75387979393426,36.763513298277594,Green,,0.0
619298,Construction of 6 Lane Elevated corridor from KM 612582 to KM 617540 including construction of Service Roads in Kolhapur City on NH -48 in the State of Maharashtra on EPC mode under NHO,NHAI,Ministry of Road Transport & Highways,Roads & Highways,Maharashtra,1039.0,1039.0,0.0,2026-07,0.11260771609030464,2.835270579337766,0.622332715621309,1.5085700813937737,13.925095598911325,36.74702158558068,Green,,11.61815576727652
618180,Pune raigarh District Border To Mangaon Ch 69000 to 103775 NH-753F,MoRTH,Ministry of Road Transport & Highways,Roads & Highways,Maharashtra,223.46,223.46,89.08,2026-07,0.6984935168547316,11.33473286677976,0.036208667245708176,0.0,4.7498044165397175,36.735109205021985,Green,,0.0
701344,Dhamra Haldia Pipeline Project,Gas Authority of India Limited [GAIL],Ministry of Petroleum & Natural Gas,Oil & Gas,West Bengal,1030.65,1125.0,94.4,2026-07,0.5545359567229488,3.194162971483027,0.1796249191042312,11.727361506457282,26.32787195559669,36.708043791358996,Green,,-20.929483376862287
618001,"Construction of 4-lane flyover at Amberpet-X road, Hyderabad on NH-202 in the State of Telangana",MoRTH,Ministry of Road Transport & Highways,Roads & Highways,Telangana,216.53,265.88,92.1,2026-07,0.714710265718363,1.9393418216428722,0.018435210054352325,1.750209461731826,-0.94644449354329,36.65727378863577,Green,,1.2796564015088308
612072,Barejadi Nandej Geratpur - Sanand - 4th line 38.20 km,CAOCWR WR mor,Ministry of Railways,Railways,Gujarat,961.67,961.67,23.0,2026-07,0.6016913321805092,6.076339252346409,0.13108983571849706,6.568867817938126,27.14649802614019,36.63905839495031,Green,,12.868856730118797
709819,3rd & 4th line - Saragbundia & Madwarani 12.2 km PB72/NR/2022-23,CAOC/SECR SECR mor,Ministry of Railways,Railways,Chhattisgarh,167.64,167.64,10.0,2026-07,0.6960852528825172,6.77827549693952,0.03531616008696915,2.0937463508686798,55.265862477611435,36.57007064847432,Green,,-15.854955701452383
707069,Establishment of new GMC Kapurthala,"Medical Education, Ministry of Health and Family Welfare",Ministry of Health & Family Welfare,Healthcare,Punjab,325.0,550.0,0.0,2026-07,0.6595339350094607,-1.5600776777670882,0.07094661068432759,-1.1173449378198856,38.81998577826385,36.52402728468942,Green,,-0.42063171918625386
617930,Construction of Bypass on NH-59 from Km 336/350 to 349/910 13.56 km near Berhampur town including 4-lane RoB in the state of Odisha.,MoRTH,Ministry of Road Transport & Highways,Roads & Highways,Odisha,196.94,196.94,70.0,2026-07,0.7243229971599655,4.255260506513518,0.002282785255757124,0.02062230463692447,22.86108998501348,36.330289120786134,Green,,0.6378505786098572
616691,"Upgradation & Extension of ESIC Hospital and Construction of PG Hostel / Staff Housing for ESIC Hospital at Andheri, Mumbai",Employee's State Insurance Company [ESIC],Ministry of Labour and Employment,Healthcare,Maharashtra,260.13,260.13,89.0,2026-07,0.6227354771896667,5.329266877984239,0.10369131516611496,16.176656166121713,186.10749915608596,36.321339617789086,Green,,0.0
618209,Construction & up gradation of existing road to 2-Lane with paved shoulder from existing chainage km 468000 to km 489350 Design Chainage km 465150 to km 471500 of NH-07 Old NH-58 including Joshimath bypass on EPC mode in the state of Uttarakhand Length 6.35 km,MoRTH,Ministry of Road Transport & Highways,Roads & Highways,Uttarakhand,258.85,258.85,37.23,2026-07,0.715523010131842,5.112888891936346,0.010126433797160023,-0.10221537306197831,3.265606267643143,36.28247219645011,Green,,0.6156741937691166
400203,Dharamjaigarh-Korba,Railway,Ministry of Coal,Railways,Chhattisgarh,1686.22,2438.53,43.7,2026-07,0.697925731671814,10.859880644429012,0.026195782355599988,4.513616272328351,15.067163928500392,36.2060757013707,Green,,11.39675498928861
617901,Widening of Pachpadra-Bagundi Section to 4 Lane from Km 73/60 to 95/70 of NH-25 on EPC mode in the state of Rajasthan.,MoRTH,Ministry of Road Transport & Highways,Roads & Highways,Rajasthan,194.88,194.88,98.58,2026-07,0.7182483774654429,8.403155886656249,0.005427217760324799,0.0,1.2622276665276746,36.183779761288385,Green,,0.1488549007885709
617962,"Construction of Bypass to Madurai Achambathu Viratipathu in between km 6/850 10/382 of NH 49 Extn New NH 85 including Land Acquisition on Engineering, Procurement & Construction EPC basis Contract under NH O Annual Plan 2021-22 in the state of Tamil Nadu job No.NH-49 Extn New NH 85 - TN-2021-22-997",MoRTH,Ministry of Road Transport & Highways,Roads & Highways,Tamil Nadu,238.97,260.07,94.0,2026-07,0.7141668579522751,9.943014334322404,0.00831225061332727,-0.06034759016391744,5.399665702757023,36.12395542828012,Green,,-1.2173097446715033
611917,Poly Butadiene Rubber plant at Panipat,Indian Oil Corporation Limited [IOCL],Ministry of Petroleum & Natural Gas,Oil & Gas,Haryana,1459.0,2531.44,90.1,2026-07,0.5842436356426212,4.330141991669183,0.1381352275457482,5.201248725827443,31.78608214747873,36.11894315941847,Green,,-4.025684606330252
617960,Construction of new road at the missing link portion of NH-81 along approved alignment between Harishchandrapur and Eastern approach of Kalindri Bridge from Km 46.550 to Km 59.697 in the district of Malda. Job No-081-WB-2015-16/400,MoRTH,Ministry of Road Transport & Highways,Roads & Highways,West Bengal,271.17,291.2,85.56,2026-07,0.7072571688559638,15.949348564903612,0.014651596484201198,-0.8064895070551313,6.549520114126394,36.09543826700825,Green,,-0.013810176861120738
618154,"Rehabilitation & upgradation of Jamkhed to Sautada Section of NH548 D from km 195.375 to km 208.774, Length 13.399 Km to 2L PS /4L configuration with rigid pavement in the state of Maharashtra on EPC mode.",MoRTH,Ministry of Road Transport & Highways,Roads & Highways,Maharashtra,157.62,157.62,68.93,2026-07,0.6783369948544563,7.499317133899165,0.0433807989845523,-0.0015356830334386992,6.797910780914392,36.08588969195043,Green,,2.561378892970964
618266,Rehabilitation and upgradation to 2-lane with paved sholuders configuration of Bewar- Allahaganj- section of NH-730C Km.0.000 to Km 52.770 pakage-I in state of Uttar Pradesh undergreen national Highway Corridor Project GNHCP with the loan assistance of world Bank on EPC mode.,MoRTH,Ministry of Road Transport & Highways,Roads & Highways,Uttar Pradesh,325.24,340.16,99.0,2026-07,0.6427849527707529,9.28271522335309,0.07701347494441288,-0.09095330973212651,3.0964278029564722,35.98992138575829,Green,,0.8649890752740106
709750,Laying of new 28 inch Desal Water Pipeline and 10 inch Reject Water Pipeline between CPCL Manali Refinery and CPCL Desalination plant at Ennore,Chennai Petroleum Corporation Limited [CPCL],Ministry of Petroleum & Natural Gas,Oil & Gas,Tamil Nadu,205.0,205.0,76.9,2026-07,0.6638804533114236,2.500333379772444,0.05580225714499067,6.615182982016482,26.616007728794685,35.984135522820715,Green,,3.6642736597300356
618661,4L from km 0.000 to 42.040 Bhopal Ratnaigiri Tiraha to Vidisha Morikodi,NHAI,Ministry of Road Transport & Highways,Roads & Highways,Madhya Pradesh,1032.3,1038.18,20.23,2026-07,0.6936953854675199,5.969132480854084,0.02583088653464589,-5.357540201939826,10.178803874122627,35.97631360010829,Green,,-1.8187221577569943
701991,Kalyan Station Precinct Imporvement Project,ministry of housing and urban affairs,Ministry of Housing & Urban Affairs,Urban Public Transport,Maharashtra,600.0,723.7,85.0,2026-07,0.5899969919645273,-1.1981156762756522,0.12888036501944894,9.160846027159105,14.013311272326217,35.94386784919881,Green,,-5.715626371110957
705391,Jiribam-Imphal 110 km,CAO/C-III/NFR NFR mor,Ministry of Railways,Railways,Manipur,14323.0,21886.0,78.0,2026-07,0.37318677771824027,10.641980043128445,0.3443372430146159,48.7738662502119,113.00990158743798,35.876201036642804,Green,,9.051537818122306
618242,Widening and Reconstruction to 4-lane/4-lane with service road including structures from Pokharia More at Km 47.600 Ex. Km 50.230 to Govindpur at km 62.949 Ex. Km 65.325 of Nh-419 in the State of Jharkhand on EPC mode.,MoRTH,Ministry of Road Transport & Highways,Roads & Highways,Jharkhand,300.46,300.46,54.54,2026-07,0.7021176995543105,6.593138059454103,0.012486612559679807,0.0,1.841881111319647,35.73021560569951,Green,,0.1619287924125743
618155,Development/Widening of Talegaon Chakan Shikrapur Nhavara Section of NH-548D from existing chainage km. 54/000 to 82/300 and Design chainage Km. 54/000 to 82/120 Shikrapur to Nhavara Section to 2LPS/4L Configuration on EPC Mode in the State of Maharashtra.,MoRTH,Ministry of Road Transport & Highways,Roads & Highways,Maharashtra,396.17,396.17,76.2,2026-07,0.6787650165022928,7.970482936279719,0.035134266941695205,0.0,1.9712661847230337,35.6949641721994,Green,,-0.16749788388784737
618112,"Improvement and up-gradation of NH-227B 84 Kosi Parikrama Marg Package I, from km 228.920 Jagarnathpur to Km 235.960/0.000 MakhaudaDham to Km 29.000 Sarpur in the State of Uttar Pradesh on EPC basis",MoRTH,Ministry of Road Transport & Highways,Roads & Highways,Uttar Pradesh,912.5,912.5,8.0,2026-07,0.682705131363333,5.634048753257454,0.030584361881015935,0.0,-0.7655814999266771,35.66447466221745,Green,,-7.800964539102559
702628,Kanpur Metro Rail Project,Uttar Pradesh metro rail corporation [UPMRC],Ministry of Housing & Urban Affairs,Urban Public Transport,Uttar Pradesh,11076.48,11076.48,83.0,2026-07,0.6447033853534064,4.87092992480199,0.0683134463601639,0.29020384056777765,12.35985038336357,35.65084158567851,Green,,0.5399580735857299
705373,Fatuah-Islampur incl. material modification for extension of new line from Neora to Daniawan Daniawan to Biharsharif Biharsharif to Barbigha Barbigha to Sheikhpura,CAO/Con/South/MHX ECR mor,Ministry of Railways,Railways,Bihar,1473.0,3259.35,95.0,2026-07,0.4634740420737969,4.462851363236181,0.24582252734772803,14.505860779396885,57.35539236710277,35.464828471076245,Green,,-37.79225294636764
619010,Up-gradation to 2 lane with paved shoutders of Pawlrang - Rulchawm section- of NH- 102B of Aizawl - Imphal Economic Corridor from Existing Chainage km 72.030 to km 104.129 including 2.459 km re-alignment section from Tuivai River to Rulchawm connecting km 48.150 of NH-6 [Design Chainage km 68.170 to km 98.579] in the State of Mizoram under Bharatmala Pariyojna on EPC mode under NHO-NE Package-3 Keifang- Tuivai Pkg-3,NHIDCL,Ministry of Road Transport & Highways,Roads & Highways,Mizoram,500.88,500.88,99.52,2026-07,0.6901754654615282,4.739092506010956,0.0161274767666742,-0.033374870543110044,35.55125203644564,35.31514711141012,Green,,-1.7692631065925113
709865,Power Recovery Turbine [PRT] in PFCCU unit as an Energy Conservation Scheme,Numaligarh Refinery Limited,Ministry of Petroleum & Natural Gas,Oil & Gas,Assam,293.5,293.5,99.0,2026-07,0.634114778895352,8.221646610495942,0.07212758197988983,-0.5489373751585075,50.553505584837616,35.312118043762084,Green,,-8.70359712047523
705494,Rayadurg-Tumkur via Kalyandurg 213 km,CAOC/SWR SWR mor,Ministry of Railways,Railways,"Multi-States (Andhra Pradesh, Karnataka)",2496.0,4612.0,65.0,2026-07,0.6022108091839683,7.564575720679406,0.10385486755531398,65.05770006285118,118.58829479507263,35.30328383696412,Green,,-19.382003816315127
618364,"Widening to 2 Lane with Hard shoulder of Akegwo-Avangkhu section of NH-202K for Package-I Design Chainage 0000 Km to 34795 Km, in the State of Nagaland on EPC mode under NH O-NE",NHIDCL,Ministry of Road Transport & Highways,Roads & Highways,Nagaland,430.24,430.24,87.0,2026-07,0.7013640077177713,12.875086122007945,0.004532109537390783,0.0,11.517737647202047,35.2948058627581,Green,,0.0
709755,"Setting up of new rail fed POL facility at Kamardanga, Assam",Hindustan Petroleum Corporation Limited,Ministry of Petroleum & Natural Gas,Energy Storage,Assam,384.04,384.04,87.5,2026-07,0.6100761085858436,5.5433956780319,0.09393477319246928,0.613830643775523,35.163472888000584,35.20054408891564,Green,,-1.4736738012266954
701565,Jal Marg Vikas Project,Inland Waterways Authority of India [IWAI],"Ministry of Ports, Shipping and Waterways",Inland Waterways,"Multi-States (Bihar, Jharkhand, Uttar Pradesh, West Bengal)",5369.18,5061.15,85.1,2026-07,0.6864728101774958,7.283323822461362,0.017177269257433347,0.4552467389063645,16.377756157398764,35.182503971746456,Green,,-4.438208850088493
618034,Construction of 2 lane Barpeta Bypass from Km 77900Baradi to Km 86150 Deurikuchi Length8.25Km on NH-427 in the state of Assam under EPC ModeJob No.427/AS/2022-23/245,MoRTH,Ministry of Road Transport & Highways,Roads & Highways,Assam,173.65,173.65,20.0,2026-07,0.7006520623037497,19.07059232895605,0.0022198592688246837,-0.0015356830334386992,0.45493662486808784,35.14359607862872,Green,,-1.3714237497013926
617989,Construction of Major Bridge at Km.180.865 across river Krishna on NH 167 Hagari Jadcherla section,MoRTH,Ministry of Road Transport & Highways,Roads & Highways,Karnataka,157.32,187.61,69.0,2026-07,0.46288613747635277,2.0492550173257555,0.23668740445736694,-2.2342935662892254,65.1018288235208,34.978677096685985,Green,,1.475826076480658
618892,"4 Lane with Paved Shoulder from Dareota Village to Kalar Bala NH 205, Design Chainage -Km 33185 to Km 41000, Design Length-7.815 Km Package-IIB",NHAI,Ministry of Road Transport & Highways,Roads & Highways,Himachal Pradesh,992.85,992.85,0.68,2026-07,0.15052460706526308,6.019979331001241,0.5465424663190597,3.23857637173347,43.97416486540974,34.85335366921613,Green,Rapidly Deteriorating,15.09560163205937
605155,Kwar HE Project,National Hydroelectric Power Corporation Limited [NHPC],Ministry of Power,Electricity Generation,Jammu and Kashmir,4526.12,4526.12,36.52,2026-07,0.6713323466924266,5.133308385416042,0.02560344274385734,1.181491967794409,16.689634484811425,34.8467894718142,Green,,2.2063491631204855
618414,Construction of Balance work for 2-lane with hard shoulder of Peren- Dimapur section on NH-129A from Design Km 126.775 to Km 146.208 Length 19.433 Km in the state of Nagaland on EPC mode under NHO-TSP Package-II,NHIDCL,Ministry of Road Transport & Highways,Roads & Highways,Nagaland,258.52,258.52,96.53,2026-07,0.6847049086924378,10.604831415649766,0.011271567885245524,-0.0015356830334386992,15.190568724743162,34.79882382888417,Green,,-2.5584128216691298
709785,Laying of Natural Gas Pipeline from Hazaribagh to Ranchi [HRPL],Indian Oil Corporation Limited [IOCL],Ministry of Petroleum & Natural Gas,Oil & Gas,Jharkhand,202.07,202.07,58.4,2026-07,0.6826195311071085,6.173777260748842,0.012014954251594693,4.293547597163976,13.01821795917418,34.731724267935164,Green,,-11.10907060372621
618190,Widening to two lane with paved shoulders of 'Bodhan Basar Bhainsa ' section from Km 38/900 to 95/300 of NH-161BB in the state of Telangana under Annual Plan 2021- 22 on EPC Mode under NH O.,MoRTH,Ministry of Road Transport & Highways,Roads & Highways,Telangana,644.45,644.45,98.6,2026-07,0.6850969427120236,8.582965387489024,0.007898048712686904,-0.0010190785995805474,1.5557104348645632,34.649749571235525,Green,,-1.729437389703385
618306,"Widening/Improvement to 2 lane with earthen shoulder of Choithar to Marrem Khullen section of NH-202 of Imphal Ukhrul Jessami Economic Corridor from Design Chainage km 53.110 to km 95.700 in the State of Manipur on EPC mode under Bharatmala Pariyojana, under NHO-NE Package-5",NHIDCL,Ministry of Road Transport & Highways,Roads & Highways,Manipur,564.05,564.05,14.5,2026-07,0.6815361903107952,4.486103003284851,0.011240122047207781,0.0,28.220048260379194,34.63881561790015,Green,,-1.9951093416211876
618964,4 Laning of Sandalpur to Nasrullaganj Pkg-1 section of NH-146B Length 43.2 Km.,NHAI,Ministry of Road Transport & Highways,Roads & Highways,Madhya Pradesh,1425.98,1425.98,11.57,2026-07,0.6300705791636494,6.007358007419511,0.06067330103378832,-6.094742298179938,10.700463869945166,34.53719400987188,Green,,-1.6290610505193825
617925,Construction of Bypass to Khordha town from Km 294/000 to 300/300 on NH-57 including LA in the State of Odisha on EPC mode.,MoRTH,Ministry of Road Transport & Highways,Roads & Highways,Odisha,157.49,157.49,92.0,2026-07,0.6815673456440889,8.023028146067444,0.00844110644206522,0.00040017041463511323,2.8115599026299964,34.50042260430771,Green,,2.2127763956926927
618134,Rehabilitation /Upgradation from Lagam to Alapalli section Desing Km. 199/400 to km 227/400 Length 28.0 Km to 2 lane with Paved Shoulders/ 4 lane configuration section of NH-353 C Sakoli-Wadsa-Armori-Gadchiroli-Ashti-Alapalli Sironcha in Gadchiroli District on EPC mode in the state of Maharashtra.,MoRTH,Ministry of Road Transport & Highways,Roads & Highways,Maharashtra,459.39,459.39,81.42,2026-07,0.65018863779773,7.051314907750003,0.038376387410871855,0.0,5.220684233988616,34.428251260430095,Green,,6.100811095853651
618035,Rehabilitation & Upgradation of existing intermediate lane to two Lane with paved shoulder from km. 0.600 Gulganj bypass on NH-34 to km. 43.00 Barna River length 42.400 km. on Gulganj-Amanganj-Pawai-Katni NH43 Extn. in the state of Madhya Pradesh on EPCmode.,MoRTH,Ministry of Road Transport & Highways,Roads & Highways,Madhya Pradesh,275.4,275.4,60.14,2026-07,0.6821273560671804,7.62041136124754,0.0056286597434138785,0.0,0.5292215093988734,34.38780079052972,Green,,-0.5247127080221574
618140,Widening to two/four lane with paved shoulders from Km.34.250 to Km.71.830 of NH- 365A on Kodad-Khammam-Kurvi road.,MoRTH,Ministry of Road Transport & Highways,Roads & Highways,Telangana,445.76,445.76,13.33,2026-07,0.6832581948236345,7.784335611624665,0.0030529721440605566,0.0,0.2564890001662158,34.31555834838475,Green,,2.999645021310563
709754,"Construction of LPG Facilities at Kamardanga, Assam",Hindustan Petroleum Corporation Limited,Ministry of Petroleum & Natural Gas,Energy Storage,Assam,156.36,156.36,83.8,2026-07,0.6050108613541854,7.485151030840839,0.07972529411326956,0.741019961193095,40.608825534818116,34.236807773372746,Green,,-3.4958781076909133
617965,Kopargaon to Savali Vihir section,MoRTH,Ministry of Road Transport & Highways,Roads & Highways,Maharashtra,195.38,195.38,93.45,2026-07,0.609164170966951,10.561787933510493,0.07552566429827766,0.0,4.793590922497289,34.23449176326143,Green,,-3.1466028981599266
701745,New Suburba Station Development Project,ministry of housing and urban affairs,Ministry of Housing & Urban Affairs,Urban Public Transport,Maharashtra,262.76,262.76,48.0,2026-07,0.6314971965259222,27.489572997022776,0.05032897165929575,6.0090189437511645,17.204183871603725,34.0913084092609,Green,,-0.57217732351981
705933,Nimach-Ratlam 133 km,CAOCWR WR mor,Ministry of Railways,Railways,Madhya Pradesh,1095.88,1770.58,100.0,2026-07,0.5537357671049015,-2.7838025209837727,0.1269649855561168,0.8892913726123572,26.80382477616495,34.03503763305091,Green,,-25.190727911355395
709778,Installation of new Biturox Unit along with allied facilities at Gujarat Refinery,Indian Oil Corporation Limited [IOCL],Ministry of Petroleum & Natural Gas,Oil & Gas,Gujarat,328.29,344.36,87.7,2026-07,0.6752536790216318,6.446581659520153,0.003845048114730137,1.6090380280579029,16.750004854889863,33.9549363568181,Green,,-14.995726457902336
618153,Satara to Mhaswad,MoRTH,Ministry of Road Transport & Highways,Roads & Highways,Maharashtra,653.46,653.46,98.08,2026-07,0.5654792101157867,14.33498295037201,0.11196824640076007,0.5538550356467516,6.943775581729503,33.87237282582734,Green,,0.0
618572,Binnaguri Bypass-Descoped portion of Ghoshpukur-Dhupguri Section of NH-31Dpkg-1,NHAI,Ministry of Road Transport & Highways,Roads & Highways,West Bengal,309.99,306.02,3.67,2026-07,0.6242888634719532,6.7226888880582525,0.05278521574274953,-1.3627089473793799,13.588849299873072,33.85370396073514,Green,,-0.7360365260656607
613013,Establishment of NIT Nagaland,NIT Nagaland,Department of Higher Education,Education,Nagaland,275.63,275.63,98.0,2026-07,0.5814385688616082,3.797979647274077,0.09430797531179312,22.034073269704955,142.41735884640389,33.787327208670064,Green,,0.0
618166,Construction of 4-lane green field highway from Km. 35.000 to Km. 49.155 of NH- 731A with paved shoulders on Hybrid Annuity Mode in the state of Uttar Pradesh,MoRTH,Ministry of Road Transport & Highways,Roads & Highways,Uttar Pradesh,697.66,697.66,100.0,2026-07,0.6031293128476484,4.535241439499976,0.07218341383586846,-0.0022262249296718,-1.1390012395830447,33.76563633417584,Green,,1.8269995845107303
618340,Widening/Improvement to 4-Lane with Paved Shoulder from km 626030 Nalani hulla Gaon to km 650450 Chotahapjan on existing Tinsukhia -Makum Bypass of NH-15 OLD NH-37 and Strengthening of existing NH-315 OLD NH-38 from Km 0000 Chotahapjan to Km 16900 Bogapani section 2-Lane PS in Assam on EPCMode under NHO-NE Package-3,NHIDCL,Ministry of Road Transport & Highways,Roads & Highways,Assam,458.59,458.59,88.99,2026-07,0.4692026570998421,4.36498526519025,0.20587731701640047,0.0,10.99760110933691,33.75399870581213,Green,,0.05134592349515543
400047,Doubling of Lingaraj SILO connectivity of NTPC line and augmentation of NTPC exchange yard and NTPC Block Cabin.,East Coast Railway [ECoR] - II,Ministry of Railways,Railways,Odisha,210.0,210.0,53.0,2026-07,0.5805235766965333,9.353438905440672,0.09420062156656232,19.816486304145887,24.83503498883793,33.73620991315478,Green,,-1.7132198278543171
619013,"Construction of Balance Work of 4-Laning of the Section from Jhanji to Demow of NH- 37 Old from Km 501.800 to Km 514.800 13.000 Km, under SARDP- NE under EPC Mode in the state of Assam Pkg-II Road Works",NHIDCL,Ministry of Road Transport & Highways,Roads & Highways,Assam,508.76,542.87,73.88,2026-07,0.5322697562611419,4.319005560404252,0.14214467026419453,3.4308088769909832,16.011156916590267,33.720721326266826,Green,,3.2682641177882203
612183,Development of New Civil Enclave at Bihta,Airport Authority of India [AAI],Ministry of Civil Aviation,Aviation & Aviation Infrastructure,Bihar,1413.0,1413.0,4.15,2026-07,0.644868443987755,6.439487167879807,0.027929748600750086,0.0,19.501584129838204,33.639909629425254,Green,,-1.5771211358638908
612853,Gurdaspur Jammu Pipeline,Gas Authority of India Limited [GAIL],Ministry of Petroleum & Natural Gas,Oil & Gas,Punjab,521.9,521.9,91.1,2026-07,0.5878669121453123,5.78392055368738,0.08044264910788328,10.680410765553225,39.54399879324596,33.41547806265977,Green,,4.07612568010147
618977,"Development of New Greenfield Airport at Bundi, Kota Rajasthan.",Airport Authority of India [AAI],Ministry of Civil Aviation,Aviation & Aviation Infrastructure,Rajasthan,1507.0,1507.0,13.6,2026-07,0.6635647790532534,2.2344323932352124,0.0031893719505139153,0.0,7.162396799513265,33.33770755018837,Green,,0.8953319155505568
618169,Construction of Two Lane with paved shoulder highway from Design Ch.0.000 to Ch.49.2OO of NH-731B on EPC Mode,MoRTH,Ministry of Road Transport & Highways,Roads & Highways,Uttar Pradesh,640.18,602.76,98.0,2026-07,0.5382205728655661,5.861257873177587,0.12790779888670187,-0.0022262249296718,2.1029453922462378,33.3064185876134,Green,,1.93291252896422
619183,Widening of Existing Road from Intermediate Lane 2-lane to 4-lane Between Km 19.994 to Km 35.180 of NH-848A Rakholi-Khadoli-Velugam Section in U.T. of Dadra and Nagar Haveli and Daman and Diu,MoRTH,Ministry of Road Transport & Highways,Roads & Highways,Dadra & Nagar Haveli and Daman & Diu,198.06,239.57,80.0,2026-07,0.6615194240135533,8.040022268730075,0.0030576987390141764,-0.16908027593191105,-0.14414299944211784,33.22885613762838,Green,,-0.8509558849618415
701289,Capacity Expansion of Panipat Refinery from 15 to 25 MMTPA,Indian Oil Corporation Limited [IOCL],Ministry of Petroleum & Natural Gas,Oil & Gas,Haryana,34627.0,36225.0,94.3,2026-07,0.6488932497273999,4.449224358540996,0.015459761273833217,4.625463413534071,15.27585106689873,33.217650550061656,Green,,-17.431100556314547
616879,Demo Bio-ATF Project,Mangalore Refinery and Petrochemicals Limited,Ministry of Petroleum & Natural Gas,Oil & Gas,Karnataka,364.0,364.0,54.8,2026-07,0.5858769308478303,5.43490953220938,0.07394953224357649,-1.0319549028101394,24.528124971988085,32.99132315457034,Green,,-8.700014987947874
618027,Widening to 2LPS from Km 71.00 to 104.00 Existing chainages Sarjapur to Pattadkallu on Bhanapur to Gaddanakeri section NH-367 in the State of Karnataka under NHO on EPC mode under Annual Plan 2022-23 NH-367-KNT-2022-23-972 dated 08.02.2023,MoRTH,Ministry of Road Transport & Highways,Roads & Highways,Karnataka,445.62,445.62,90.0,2026-07,0.5338163817790055,7.156071283629765,0.1252372290894187,0.0,13.734855432300625,32.95268054342121,Green,,2.897547394260002
618308,Construction of 4-Lane Panchgram Bypass from Design Chainage km 15500 on NH- 37 Old NH-53 at Kalinagar Pt.-I Village to Design Chainage km 27300 at crossing with NH-6 Old NH-44 Near Siddeswar Pt.-I Village on Silchar - Churaibari stretch in the State of Assam on EPC Mode under Bharatmala Pariyojana in Economic Corridors Silchar- Churaibari Package-2,NHIDCL,Ministry of Road Transport & Highways,Roads & Highways,Assam,676.18,728.97,57.17,2026-07,0.6116925808360306,5.095845451075504,0.04712125670616513,12.568114985775754,4.430720085700968,32.940691877109785,Green,,9.189652064090762
612068,Jaipur Metro Phase 1D Project from Mansarovar to Ajmer Road Chauraha,Jaipur Metro Rail Corporation,Ministry of Housing & Urban Affairs,Urban Public Transport,Rajasthan,204.81,204.81,12.48,2026-07,0.6294357970998384,2.7784519146163986,0.02893382120760092,13.284900548756605,34.99258809056512,32.918480915371966,Green,,-1.8927518687833782
617931,Construction of ROB and its approaches in lieu of LC No. 10/B/T at Km 307.050 of NH-60.,MoRTH,Ministry of Road Transport & Highways,Roads & Highways,West Bengal,155.87,138.57,17.08,2026-07,0.43250216888581067,6.909439213069127,0.2252377192962994,-0.004807841434286811,10.439518678697313,32.886994409105505,Green,,-1.6188669220650524
618138,"Widening, Reconstruction & Up-gradation to 2 lane with Paved Shoulder/Four Lane configuration for the work of Sautada to Shirapur Section of NH-561 from Design km 86300 to km 125589 in the state of Maharashtra on EPC mode. Design length 39.289 km",MoRTH,Ministry of Road Transport & Highways,Roads & Highways,Maharashtra,349.57,349.57,54.04,2026-07,0.6376074331360236,5.752716934189136,0.017705395297755083,0.0,1.5700145830040126,32.76564142168893,Green,,1.9541317102996594
705454,Chhota Udepur-Dhar 157 km,CAOCWR WR mor,Ministry of Railways,Railways,"Multi-States (Gujarat, Madhya Pradesh)",1794.0,1993.65,58.0,2026-07,0.503038914935592,5.888459571353342,0.15206874937498108,22.96957260915509,71.02927115963543,32.75538321552865,Green,,-31.513904952785296
619114,Indore - Harda Pkg-II [Raghavgarh to Nanasa from km. 29.30 to km. 92.30],NHAI,Ministry of Road Transport & Highways,Roads & Highways,Madhya Pradesh,1081.51,1146.63,40.25,2026-07,0.5433588406227041,6.762832050890961,0.1116234870006992,-0.35932269225425945,27.312186949264277,32.74911638117017,Green,,-0.7199769826815512
617988,Sangameswaram - Atmakuru section from Km 96 to Km 124 & Velegodu- Nandyal section including Nandyal Bypass from Km 143/6 to 185/9 NH-167K,MoRTH,Ministry of Road Transport & Highways,Roads & Highways,Andhra Pradesh,776.17,644.14,41.98,2026-07,0.16254811960043966,3.2820122863173875,0.4912372547205159,-0.002210428344609214,2.9701954490976976,32.68926871604778,Green,,8.012776096076287
705661,Katni - Grade separator / bypass 21.50 km,GM IRCON KATNI WCR mor,Ministry of Railways,Railways,Madhya Pradesh,1248.0,2300.0,84.0,2026-07,0.5904105919621794,7.772531086692157,0.06300740678366772,-2.768821277784109,39.59203840725807,32.670899937292354,Green,,-54.56086359790687
400022,Taranga Hill-Abu Road via Ambaji 116.65 km,CAOC/NWR NWR mor,Ministry of Railways,Railways,"Multi-States (Gujarat, Rajasthan)",2798.0,3198.16,48.0,2026-07,0.04103686514781866,-0.5814628013616487,0.6123321343578607,6.176966904086497,59.911673596418304,32.66844997528397,Green,,2.3716495813733083
618441,"Construction of Balance Work of 4-Laning of the Section from Jhanji to Demow of NH- 37 Old from Km 490.800 to Km 501.800 11.000 Km, under SARDP- NE under EPC Mode in the state of Assam Pkg-I Road Works",NHIDCL,Ministry of Road Transport & Highways,Roads & Highways,Assam,467.79,476.5,87.33,2026-07,0.40095457284297226,4.498280578721268,0.25214162144745544,4.0030573458149465,17.703462262235487,32.654809714521384,Green,,-1.3952180995983525
617896,"Construction of 4 lane Gauripur Bypass Starting bfrom Km 852.56 of NH- 31Dumardoha Pt-II and Terminating at Km 862.17 Baladmara via. Khudimari Pt.- II, Fulkumari, Charaldanga, Sajuakuti,Geramari Pt.-III and finally meeting at km 862.17 of NH-17New/ NH-31Old in the State of Assam under EPC Mode Job no. 31/AS/ 2023- 24/265",MoRTH,Ministry of Road Transport & Highways,Roads & Highways,Assam,421.15,421.15,34.0,2026-07,0.6457292941219175,7.086290584755704,0.007204337615711862,0.0,2.931342738611215,32.64668158688146,Green,,0.12896186920094976
705410,Nangal Dam-Talwara 83.74 km - New broad gauge line & taking over siding Mukerian- Talwara 29.16 km,CAOC/NR NR mor,Ministry of Railways,Railways,"Multi-States (Himachal Pradesh, Punjab)",2018.0,4076.15,84.0,2026-07,0.4587753740849861,8.427788395773995,0.19318052371589695,9.235145591282583,101.70375474086498,32.59779489004415,Green,,-38.13825115828843
705359,Talcher-Bimlagarh 154 km,CAO/C/ECOR ECoR mor,Ministry of Railways,Railways,Odisha,1928.0,4546.84,56.0,2026-07,0.6263604682373409,7.676125129507388,0.02347658091471831,29.435318986806678,54.390412362972256,32.49185245760296,Green,,-21.9330282016278
618823,4 laning of Barasat - Barajaguli Section of NH-12 from Km. 31.000 to Km. 48.679 in the district of North 24 - Parganas,NHAI,Ministry of Road Transport & Highways,Roads & Highways,West Bengal,352.01,346.39,43.52,2026-07,0.5808919521064202,4.008802152447858,0.06755397629256328,1.2324146673926777,24.650918664203683,32.42229641994918,Green,,-3.0996523808999044
709774,Revamping/ Augmentation of facilities at existing port terminal at Mangalore,Indian Oil Corporation Limited [IOCL],Ministry of Petroleum & Natural Gas,Oil & Gas,Karnataka,463.0,500.62,85.6,2026-07,0.5649185506202984,5.38159462203975,0.08310605668379105,1.4506442747736465,30.76967518811214,32.40123036520447,Green,,-19.81898265933735
707046,Establishment of new GMC Kanker,"Medical Education, Ministry of Health and Family Welfare",Ministry of Health & Family Welfare,Healthcare,Chhattisgarh,325.0,325.0,45.0,2026-07,0.6202625103050807,0.4243837009603995,0.027029633724360444,7.642433653935859,9.67352228507544,32.364607201472054,Green,,2.3003604106056876
616044,UKNI DEEP OC MINE -COST PLUS,WCL - CIL,Ministry of Coal,Coal,Maharashtra,237.06,237.06,94.57,2026-07,0.6411681151282441,0.9514799549182151,0.0034860145946920937,9.85507758768261,20.97826646824496,32.23270648614681,Green,,-0.01583595372002833
618213,Rehabilitation and Upgradation of road Rishikesh Dharasu Old NH-94 with 2-lane with paved shoulder from km 76.000 to km 110.000 Design Chainage from km 74.733 to km 107.347 32.614 km including construction of Kamand re-alignment from existing Chainage Km 105.200 to Km 108.600 design chainage Km 103.436 to Km 105.949 - total length 2513 mtrs and land slide treatment work between design chainage Km 73.800 to Km 74.00 200m on EPC mode under improvement to NH connectivity to Chardham in,MoRTH,Ministry of Road Transport & Highways,Roads & Highways,Uttarakhand,273.76,273.76,96.46,2026-07,0.6341993704408286,2.0594421182873446,0.010152190195966977,-0.07174397076696859,4.4146987376220475,32.217578031839786,Green,,0.0
618556,"Construction of 26 VUPs, Major Bridge, Service Road etc. on Lalitpur-Sagar- Lakhnadon section of NH-44 NS",NHAI,Ministry of Road Transport & Highways,Roads & Highways,"Multi-States (Madhya Pradesh, Uttar Pradesh)",665.91,665.91,97.4,2026-07,0.4506725146641327,8.35248683354235,0.19286577921609072,4.836801187853384,37.52573008237591,32.176914694011174,Green,,-9.731596821149303
618805,6L Connectivity to Port Road from Sabbavaram Sheelanagar-NH516C,NHAI,Ministry of Road Transport & Highways,Roads & Highways,Andhra Pradesh,977.33,977.33,7.2,2026-07,0.6097206774495176,2.6060728124670387,0.03127549376409538,-7.217645779825673,9.097120148705008,32.049808560680646,Green,,-1.0811346303041205
618218,Rehabilitation & upgradation of existing road to 2-lane with hard shoulder from Joshimath km 0.00 to Saraithota km 29.725 road on NH-107B under Bharatmala Pariyojna on EPC mode in the state of Uttarakhand,MoRTH,Ministry of Road Transport & Highways,Roads & Highways,Uttarakhand,338.38,338.38,80.0,2026-07,0.6195470274663573,9.020950806489745,0.021199070417765285,-0.010110841269721619,5.16850499439084,32.03730489420612,Green,,-2.2444717033806327
702793,Indore Water Supply Infrastructure Project,Ministry of Housing & Urban Affairs,Ministry of Housing & Urban Affairs,Waste & Water,Madhya Pradesh,287.17,287.17,99.0,2026-07,0.5089739488350541,8.80904713970438,0.13070728071527474,-1.3493745268190438,14.176966941535072,31.98406147751644,Green,,0.0
611669,NER Provision of Automatic Block Signalling on Gorakhpur Cantt[Excl] Chhapra Gramin & Burhwal Jn [Excl] Sitapur Jn section of high density routes,North Eastern Railway [NER],Ministry of Railways,Railways,"Multi-States (Bihar, Uttar Pradesh)",380.47,380.47,25.0,2026-07,0.6001731134809122,2.202101931366193,0.03466655326881623,3.5838673672729904,25.77915415439915,31.741983337486417,Green,,-0.16018511086552678
618147,Widening to 2 Lane with Paved Shoulders from design Km 103.200 Existing Km 103.200 to design Km 116.700 Existing Km 118.470 on AP/KNT Border to Sira Section of NH-544E in the State of Karnatakaon EPC mode under Annual plan 2022- 23,MoRTH,Ministry of Road Transport & Highways,Roads & Highways,Karnataka,166.58,166.58,65.0,2026-07,0.6033853774907036,9.661305646223132,0.0281342317279084,0.0,41.75215193257547,31.5759804609306,Green,,0.8281079440237988
617304,"Setting up of LPG Plant with Rail Unloading Facility at Hathua, Dist. Gopalganj, Bihar",Bharat Petroleum Corporation Limited [BPCL],Ministry of Petroleum & Natural Gas,Oil & Gas,Bihar,340.15,340.15,56.0,2026-07,0.4109538397154238,6.3020207263655985,0.21986082687986805,15.968293711000024,19.08508678773635,31.540733329764592,Green,,-17.57087630390891
701405,J. Chokka Rao Devadula Lift Irrigation Scheme,Irrigation and CAD-TG,"Department of Water Resources, River Development & GR",Water Resources,Telangana,8200.71,14730.0,87.7,2026-07,0.5919146841440751,15.818770640897595,0.03828119088810049,24.582684330905245,76.65336807450812,31.50979375160878,Green,,-0.18440099199579763
618824,"Development to 4-laning of the de-scoped stretches from Km 115.342 to Km 191.700 of NH-34 in Nadia District 3.962 & Murshidabad District 5.538 pertaining to Krishnagar to Berhampore section of NH-34 New NH-12 , in the state of West Bengal under NHO.",NHAI,Ministry of Road Transport & Highways,Roads & Highways,West Bengal,201.1,197.74,54.79,2026-07,0.5420385119854216,6.665945221038334,0.08799420670164748,1.3488638124952526,29.223916721102142,31.501635934353455,Green,,1.8054853611236474
618040,Rehabilitation and Upgradation to Two lanes with Paved Shoulders configuration and Strengthening from Km 175.00 to Km 196.00 Gumkhal to Satpuli of NH-119 New NH- 534 in the State of Uttarakhand under NHO Annual Plan 2021-22 under EPC mode,MoRTH,Ministry of Road Transport & Highways,Roads & Highways,Uttarakhand,452.81,452.81,42.0,2026-07,0.6186372331947453,6.582247975571022,0.00991110513400676,0.0007820953479954201,1.6527017400019437,31.4274169164376,Green,,8.854372393440276
618292,Construction of 2-Lane with paved shoulder of Kohima-Bypass Road connecting New NH-02 and New NH-29 from Design Km 10.500 to design Km 21.000 [Design Length- 10.500 km] including TUNNEL of 500m at Ch. 11.000 in the state of Nagaland Under SARDP-NE on EPC Mode Package-2,NHIDCL,Ministry of Road Transport & Highways,Roads & Highways,Nagaland,277.44,277.44,69.76,2026-07,0.6183221133744716,9.328933088656699,0.009372580658060134,-0.0015356830334386992,13.177729748012354,31.384734701626588,Green,,1.836379741828953
618085,Upgradation of Nasrullagani-Rehti-Budhni Scction to 2-lane with paved shoulder from Km 0150 to Km 50500 of NH-146B in the state of Madhya Pradesh on EPC mode.,MoRTH,Ministry of Road Transport & Highways,Roads & Highways,Madhya Pradesh,305.12,293.74,92.33,2026-07,0.5952698059869346,7.285231283418557,0.03143700335467133,0.0,7.923327470818755,31.335340467080297,Green,,1.7092030871655872
618662,4L Vidisha Gyaraspur section of NH-146 from Design Chainage km 59475 existing chainage km 81240 to Design Chainage km 88361 existing chainage km 110.315,NHAI,Ministry of Road Transport & Highways,Roads & Highways,Madhya Pradesh,980.2,980.2,12.25,2026-07,0.6104474357983705,4.010894865605967,0.01602706159798746,-7.730608300559596,10.612890300146042,31.323724869817898,Green,,-1.913272479539014
400299,Pottangi Bauxite Mines Project,National Aluminium Company Limited [NALCO],Ministry of Mines,Metals & Mining,Odisha,1381.0,1960.77,52.4,2026-07,0.6121845724039596,7.775033931767454,0.0113991056818953,0.06569610289138667,32.53216199202943,31.179183904292746,Green,,1.2230452679098462
706837,Pradhan Kuntha Jn Line Doubling Project,East Central Railway [ECR] - I,Ministry of Railways,Railways,Jharkhand,349.22,349.22,72.0,2026-07,0.6073849527979097,6.440856380155565,0.015717534042224087,5.5954178413442355,10.922419575969,31.15512434200669,Green,,1.9579948438083363
618159,"Construction of new 2 Lane with paved shoulders of NH Standards from km 0.080 to km 11.690 L11.610 km in Majuli and from km 19.715 to km 27.484 L 7.769 km in Jorhat on the newly declared NH 715K and construction of 1.10 km flyover on NH-715 with its approaches and service roads L1.10 km, Total Length 20.479 km in the State of Assam Job No. 715K/AS/2023-24/256",MoRTH,Ministry of Road Transport & Highways,Roads & Highways,Assam,382.1,382.1,6.7,2026-07,0.6163394669038322,4.398503414556808,0.003165817456210892,-0.0015356830334386992,-0.10458647631299627,30.975264218002156,Green,,-0.5531866721693319
618255,Two laning with paved shoulders of Lambasingi to Paderusection of NH 516E,MoRTH,Ministry of Road Transport & Highways,Roads & Highways,Andhra Pradesh,361.24,358.05,56.69,2026-07,0.6005220634385391,4.82570849484453,0.018794495541987553,0.0,0.265810567494947,30.96582794902633,Green,,-9.943654084588172
701391,Aruna Medium Irrigation Project,Department of water resources-MH - II,"Department of Water Resources, River Development & GR",Water Resources,Maharashtra,210.45,1472.14,100.0,2026-07,0.595508998498939,3.2356814735107093,0.023434877596046625,12.315433196339363,189.33928715954548,30.947193804749283,Green,,1.258503895824461
618732,6L Greenfield Varanasi- Ranchi- Kolkata Highway from Sonepurbigha village to junction with NH- 22 Chatra Bypass near Chatra from km 184.700 to km 222.000Pkg - 8,NHAI,Ministry of Road Transport & Highways,Roads & Highways,"Multi-States (Bihar, Jharkhand)",1728.17,1728.17,3.94,2026-07,0.47629258038295874,6.415609862262563,0.1426296203081019,-3.183486547131134,43.128635138605084,30.94611003455303,Green,,4.294929801793131
618018,Upgradation of Bilaspur-Takhatpur-Mungeli-Pandariya-Pondi Road on N.H.-130A Package IIIA Takhatpur By-pass from existing Ch. 26.542 to 32.093 [Design Ch. 18.700 to 25.900] & Mungeli By-pass from existing Ch. 45.786 to 56.275 [Design Ch. 29.600 to 51.600] and Package IIIB Pandariya By-Pass from existing Ch. 82.582 to 87.133 [Design Ch. 77.900 to 81.1000 & Pondi By-pass from existing Ch. 103.166 to 104.756 [Design Ch. 97.000 to 103.395] to two lane with paved shoulder configuration in the,MoRTH,Ministry of Road Transport & Highways,Roads & Highways,Chhattisgarh,351.19,351.19,11.0,2026-07,0.611406501168542,3.4234733677148568,0.005411332650821974,0.0,-0.39117900190299765,30.8408916909682,Green,,0.0
709776,Augmentation/Revamping of Facilities at existing Guwahati Terminal at Betkuchi,Indian Oil Corporation Limited [IOCL],Ministry of Petroleum & Natural Gas,Oil & Gas,Assam,277.0,323.09,84.3,2026-07,0.2564433798803145,3.4244116287274875,0.3567697336104989,4.472962999801119,31.282802113888064,30.66065567454067,Green,,-28.882520380263607
618933,Construction of 6 lane Indore western bypass from km 34000 to Km 64000 Pkg-II in the state of Madhya Pradesh on Hybrid Annuity Mode under NHO,NHAI,Ministry of Road Transport & Highways,Roads & Highways,Madhya Pradesh,1430.56,1430.56,17.5,2026-07,0.4881860957073833,5.132238934545982,0.12303469839962758,1.6844984387272661,31.15315195598032,30.561039705350545,Green,,-4.634888056616923
709781,Revamping / Augmentation of Facilities at Mathura Bitumen Plant,Indian Oil Corporation Limited [IOCL],Ministry of Petroleum & Natural Gas,Oil & Gas,Uttar Pradesh,260.12,260.12,57.3,2026-07,0.5847894510638442,6.186481761870142,0.02579427503751846,-1.3302720801158439,14.729754787760147,30.52918630506813,Green,,-11.737340502041121
618079,Construction of Dharmagarh Bypass on NH-130C including land acquisition in the state of Odisha on EPC Mode under Annual plan 2022-23.,MoRTH,Ministry of Road Transport & Highways,Roads & Highways,Odisha,172.66,172.66,15.0,2026-07,0.607500874607074,5.283630753912622,0.0019172767037458182,0.0062049163997307515,1.114539409977243,30.470907565540994,Green,,4.62176992577394
701330,Mehsana-Bhatinda & Bhatinda-Jammu Natural Gas Pipeline,Indian Oil Corporation Limited [IOCL],Ministry of Petroleum & Natural Gas,Oil & Gas,Rajasthan,7392.0,7392.0,90.2,2026-07,0.5613693263339921,28.168880412598348,0.046335945597570746,4.072186913323793,59.91229837772373,30.385263596578138,Green,,-22.73674235559673
618010,Development to 4-lane with paved shoulder for the road section Talwandi Sabo- Raman road to refinery Road junction with Bathinda Dabwali Road of NH-254 from existing Km 131.600 to Km 155.650 Design Km 131600 to km 155600 in the State of Punjab. Job No NH-254-PB-2022-23-565,MoRTH,Ministry of Road Transport & Highways,Roads & Highways,Punjab,546.67,546.67,45.0,2026-07,0.5882024923983421,6.503894383377968,0.019197428657622667,0.004550149470021444,1.7779709809496074,30.369996052798236,Green,,0.3178334947544137
618178,Widening and strengthening of Gangakhed to Kingaon section of NH-752K in Km 38/750 to 72/304 Flexible Pavement Length33.554 km to 2-lane configuration on EPC mode in the State of Maharashtra.,MoRTH,Ministry of Road Transport & Highways,Roads & Highways,Maharashtra,162.67,162.67,72.0,2026-07,0.5961322218385171,8.974285594684495,0.010171936605473659,0.0,3.352088899525574,30.315207922199537,Green,,-0.4991760701528243
618068,"Construction of Kaithi-Padaria Kala bypass, Patna-Tamoli bypass, Jaso bypass and Nagod bypass total length 15.44 Km to 2-lane with paved shoulders flexible pavement on NH-943 in the State of Madhya Pradesh on EPC Mode.",MoRTH,Ministry of Road Transport & Highways,Roads & Highways,Madhya Pradesh,158.36,158.36,62.8,2026-07,0.6002009103830315,5.53116257485178,0.005487299608295758,-0.0015356830334386992,19.564183067695133,30.284410499566363,Green,,3.3988630309067744
709777,Installation of Bitumen Manufacturing Unit along with allied facilities at Barauni Refinery,Indian Oil Corporation Limited [IOCL],Ministry of Petroleum & Natural Gas,Oil & Gas,Bihar,389.35,410.3,66.3,2026-07,0.5724583602654316,2.701180998193238,0.03270858459288442,3.563021148806421,27.383014007417966,30.2583472429158,Green,,-58.89353537003251
617995,Widening to Two Lane with Paved Shoulders from Km 67.000 to Km 114.425 of Kalwakurthy- Mallapally Section of NH 167 Erstwhile section of SH 18 in the State of Telangana on EPC mode under NH O Annual Plan 2016-17,MoRTH,Ministry of Road Transport & Highways,Roads & Highways,Telangana,300.0,300.0,99.2,2026-07,0.597065692185895,11.756451096828247,0.006898111453123779,-0.4979536759270586,4.724025723782943,30.19819018195094,Green,,0.0
618017,"Upgradation of Keonchi - Ratanpur Road of NH 45 Package-II, from design chainage km 278.75 to km 321.348 of length 42.598 km to two lane with paved shoulders under Corridor scheme on EPC mode in the state of Chhattisgarh.",MoRTH,Ministry of Road Transport & Highways,Roads & Highways,Chhattisgarh,286.0,286.0,60.0,2026-07,0.6000073793889008,5.076458367584062,0.0039012846467149586,0.0,1.8078161549397522,30.195433201780787,Green,,0.6572691122939425
618088,Nandurshingote to Kolhar,MoRTH,Ministry of Road Transport & Highways,Roads & Highways,Maharashtra,325.79,325.79,41.93,2026-07,0.5582126248132121,5.7539670187361915,0.044189811828985084,0.0,1.068663040084822,30.12012183210986,Green,Rapidly Deteriorating,18.779230104415667
618193,Widening of Existing Road to Two Lane with Paved Shoulder Configuration from Km 0.00 to 26.000 & Km 45.200 To 59.622 Of NH 365BB in the State of Andhra Pradesh Under Annual Plan 2023-24 through EPC Mode,MoRTH,Ministry of Road Transport & Highways,Roads & Highways,Andhra Pradesh,368.63,368.63,45.62,2026-07,0.5576234890949783,5.608542550811801,0.04312594907075487,0.0,1.5261495925592519,30.037471908286655,Green,,-10.668997590926608
618584,4L of Kishanganj - Bahadurganj section from Km. 0.000 to Km. 23.649 & interchange at Start Point Length - 1.200 Km of NH-27,NHAI,Ministry of Road Transport & Highways,Roads & Highways,"Multi-States (Bihar, West Bengal)",962.84,855.56,20.14,2026-07,0.45907742745389296,5.130168196133789,0.14095393337465567,3.208323081319139,12.738082539593696,30.00156804142743,Green,,1.7074917002934242
618236,Rehabilitation and Up-gradation of Dhindi - Digamarru section from Km 126/510 to Km 135/740 of NH -214 New NH -216 and digamarru -Losari section from Km 0/000 tp Km 34/230 of NH-214 A New Nh-216 to two lane with paved shoulder in the state of AP-NH,MoRTH,Ministry of Road Transport & Highways,Roads & Highways,Andhra Pradesh,316.06,288.76,100.0,2026-07,0.5329433274868025,9.742584066349057,0.06633525023657023,-1.0520096105142511,8.376738520175705,29.963928886168638,Green,,-0.6808071866816086
705489,Madurai-Tuticorin via Aruppukkottai 143.5 km,CAOC/SR SR mor,Ministry of Railways,Railways,Tamil Nadu,601.43,2053.39,14.0,2026-07,0.4883794201461053,-7.159118497501113,0.10924989250319066,13.41810451759992,38.17380584489059,29.8814656324648,Green,,
617804,Mechanization of Berth No.14 for handling Containers and other cargo on DBFOT basis - Phase II,New Mangalore Port Authority,"Ministry of Ports, Shipping and Waterways",Shipping,Karnataka,153.23,153.23,95.0,2026-07,0.3288568354539425,3.719824461078319,0.2685785672155295,6.553210536836166,76.62421367598252,29.871770133473596,Green,,-0.08072065431295528
617892,Construction of 2-lane road of Potin to Pangin section of NH-13 from Km 163.59 to Km 206.66 Package-5 on EPC Mode in the State of Arunachal Pradesh under Arunachal Pradesh Package of Roads and Highways of SARDP-NE [Job No SARDP-NE/P- P/Pkg-A/NH-13/Ar.Pr./PWD/2018-19/116],MoRTH,Ministry of Road Transport & Highways,Roads & Highways,Arunachal Pradesh,450.65,450.65,96.61,2026-07,0.5902112009648358,3.4205348591714957,0.006141354282015474,-0.010400772291382877,3.0567646957109713,29.817627762342564,Green,,-8.667354051543423
619193,Rehabilitation and upgradation of NH-221 from km 121/0 to 165/0 Rudrampur to Bhadrachalam section to two lane with paved shoulder under NHDPIV in the state of Telangana through EPC mode,MoRTH,Ministry of Road Transport & Highways,Roads & Highways,Telangana,295.47,334.82,82.76,2026-07,0.32928292118998914,-6.9582013081402385,0.2660578497314827,7.137405726590588,11.49460128084623,29.767038546073593,Green,,-0.5117848233463462
618257,Rehabilitation and Upgradation to 2-lane with paved shoulders configuration of Koyyuru to Chaprathipalem section Km 120000 to Km 165500 of NH-516E in the State of Andhra Pradesh under Green National Highways Corridor Project GNHCP with the loan assistance of World Bank on EPC mode,MoRTH,Ministry of Road Transport & Highways,Roads & Highways,Andhra Pradesh,349.29,349.29,98.09,2026-07,0.47307850024433995,5.555665237988645,0.12182334565340308,-1.050780499098128,4.193050035704358,29.745092294887154,Green,,-0.8488466398246004
617279,Transmission System for evacuation of power from Mahan Energen Limited Generating Station in Madhya Pradesh [SPV Name - POWERGRID MEL Power Transmission Limited],Power Grid Corporation of India Limited [POWERGRID],Ministry of Power,Transmission & Distribution,Madhya Pradesh,558.0,558.0,18.47,2026-07,0.5813970647433233,5.367847262809123,0.013004588939265803,0.0,16.166607867489482,29.720082684129455,Green,,1.8665615307539127
900874,Jhajha - Batia 20 km Umbrella work PB23/2018-19/NR,CAO/Con/South/MHX ECR mor,Ministry of Railways,Railways,Bihar,588.18,588.18,0.0,2026-07,0.16946401420391097,-1.824714328893488,0.4245842702164157,6.657958640331112,19.97445965560383,29.702414221016333,Green,Rapidly Deteriorating,24.2617599683164
618434,Roing-Hunli Road Greenfield Alignment Project,NHIDCL,Ministry of Road Transport & Highways,Roads & Highways,Arunachal Pradesh,1718.59,1718.59,82.45,2026-07,0.5795930240848141,8.435951508934203,0.01385407868028732,-0.00022143387802893964,2.7521498162905256,29.672355138255067,Green,,1.7605713660525026
618256,"Rehabilitation and Upgradation to 2-lane with paved should ders Sir, configuration of Chaprathipalem to Lambasingi section Km 165500 to Km 205000 of NH-516E in the State of Andhra Pradesh under Green National Highways Corridor Project GNHCP with the loan assistance of World Bank on EPC mode",MoRTH,Ministry of Road Transport & Highways,Roads & Highways,Andhra Pradesh,311.22,311.22,93.01,2026-07,0.4791818957476238,4.294364017161306,0.113802598914232,0.0,4.20019914920506,29.649224733092794,Green,,0.8535304889309323
618318,4-Laning of Kolasib - Sethawn section Package-5 of NH-6 from Existing Chainage km 86000 to km 107850 Design Chainage km 77500 to km 95500 on silchar - vairengte - sairang road under Bharatmala Pariyojna on EPC mode under NHO-NE Vairengte - Sairang Pkg-5,NHIDCL,Ministry of Road Transport & Highways,Roads & Highways,Mizoram,720.4,720.4,11.86,2026-07,0.5667921236217233,-0.12913043964902826,0.025516535622262634,-0.17782835005802566,2.726118133708567,29.615432962199296,Green,,9.000525443498475
618403,Construction of Intermediate Lane Road with hard shoulder from design Km 0.000 to Km 17.387 Total length 17.387 km of Hunli to Ithun Bridge section on NH-913 Frontier Highway in State of Arunachal Pradesh on EPC mode under NHO-NE,NHIDCL,Ministry of Road Transport & Highways,Roads & Highways,Arunachal Pradesh,275.5,275.5,56.18,2026-07,0.5832578963498737,0.3905051135903931,0.0024122310796198102,-0.0463853667748809,4.625480323911535,29.283506371474676,Green,Rapidly Deteriorating,15.268659296161355
709832,25.5 MW WIND POWER PROJECT AT KAYATHAR IN TAMILNADU,National Aluminium Company Limited [NALCO],Ministry of Mines,Metals & Mining,Tamil Nadu,166.0,166.0,70.0,2026-07,0.4638456928465871,11.747029953334804,0.1202407416490132,3.825096863075525,89.262268638772,29.204321724780012,Green,,-3.814972262923842
617215,Doubling between Parbhani-Parli Vaijnath stations 64.71 km PB34/CR/2023-24,CAOCON/SCR SCR mor,Ministry of Railways,Railways,Maharashtra,769.93,769.93,1.0,2026-07,0.11713119871781343,1.8802566761468604,0.4656627627916921,9.882562630851295,22.87191625433642,29.13969807547528,Green,Rapidly Deteriorating,17.15888060916801
617830,C2/C3 Vijaipur Pata Pipeline,Gas Authority of India Limited [GAIL],Ministry of Petroleum & Natural Gas,Oil & Gas,Madhya Pradesh,1792.0,1792.0,73.0,2026-07,0.5158004805613422,3.604840480414849,0.06460848696889977,2.962466122782849,29.710812909593553,29.0204483765121,Green,,-19.836834070286713
705638,Kumbalam-Turavur - Patch doubling 15.59 km,CAO/CN/ERS SR mor,Ministry of Railways,Railways,Kerala,813.0,1171.46,30.0,2026-07,0.2174826182603673,2.17489680417705,0.36101993671884847,8.364153979795267,33.1762693133671,28.92512774896079,Green,,2.542107834428588
400426,Expansion of Malanjkhand Copper Project,Hindustan Copper Limited [HCL],Ministry of Mines,Metals & Mining,Madhya Pradesh,1856.36,3800.0,28.0,2026-07,0.5545832364357473,-4.623529503240602,0.023599002863043957,6.378357951505732,27.31901709510181,28.90911196493956,Green,,0.009346247173183997
618076,Improvement and Widening two lannig with paved Shoulder of NH 127B from km 31.500 Goeragre to km 63.224 Package-II in state of Meghalaya,MoRTH,Ministry of Road Transport & Highways,Roads & Highways,Meghalaya,504.0,350.67,4.5,2026-07,0.3111271589906156,6.787118080081091,0.2668951088852879,0.0,3.577303494670116,28.901113393795175,Green,,0.35776328930816703
618235,Balance work of Rehabilitation and Up-gradation to 4-Lane configuration of Ras- Beawar Section Km 00.000 to km 30.050 of NH-158 in the State of Rajasthan under Green National Highway Corridor Project GNHCP.,MoRTH,Ministry of Road Transport & Highways,Roads & Highways,Rajasthan,278.1,278.1,56.2,2026-07,0.5753344341015755,6.841152072635064,0.0011424958409474498,0.0,-0.4484783349175939,28.823846497126148,Green,Rapidly Deteriorating,15.308674058602053
210914,Amended BharatNet Program - WB & ANI,Department of Telecommunications,Department of Telecommunications,Telecommunication,PAN India,1674.0,1674.0,15.13,2026-07,0.5726529264124872,3.516854252427646,0.0007788527106773978,-1.5038379981214833,4.402792432461405,28.671588956158228,Green,,
618164,Construction of four lane highway with paved shoulder from Km.74.700 to Km.112.950 of NH-731A i/c Yamuna Bridge on HAM in the state of Uttar Pradesh.,MoRTH,Ministry of Road Transport & Highways,Roads & Highways,Uttar Pradesh,1141.67,1157.31,100.0,2026-07,0.5339709835160035,5.9521599418102396,0.038759576547537665,2.99075962521399,2.2711506606607164,28.63652800317706,Green,,-5.4214147106818125
709813,New BG line intersection 5 nos between Geratpur-Sanand & Botad-Ahmedabad 16.51 km PB29/NR/2022-23,CAOCWR WR mor,Ministry of Railways,Railways,Gujarat,437.21,463.95,22.0,2026-07,0.5452992451988591,5.844886657825776,0.0259940502080267,8.16920001662023,49.03403884764312,28.56466477034429,Green,,-28.767613008609953
604853,"Indian Oil Technology Development and Deployment Centre at R&D Campus-II, Faridabad",Indian Oil Corporation Limited [IOCL],Ministry of Petroleum & Natural Gas,Oil & Gas,Haryana,2281.94,3200.0,65.4,2026-07,0.41463808487450293,6.060032382638864,0.1525225267653315,3.349048251962576,20.24077408272496,28.358030581991724,Green,,-26.876762917786923
618019,Upgradation & widening of Jharkheda- Berasia - Dholkhedi from design km 0000 to km 87900 Design length 87.90km of NH-346 including 3 nos. bypasses of 13.10 Km in the State of Madhya Pradesh under EPC mode.,MoRTH,Ministry of Road Transport & Highways,Roads & Highways,Madhya Pradesh,365.21,365.21,91.0,2026-07,0.5570466854040816,6.336157386947821,0.009732720645320702,0.0,3.9681536009868266,28.338970302470116,Green,,-0.8068244762333308
618156,"Construction of Morena bypass, Ambah bypass & Porsa bypass Totat length 27.16 km Section of NH-552 Ext. to TWo lane with paved shoulder configuration in the state of Madhya Pradesh on EPC mode",MoRTH,Ministry of Road Transport & Highways,Roads & Highways,Madhya Pradesh,492.66,492.66,73.5,2026-07,0.5619007752307212,8.870017875179332,0.0044289970750920815,0.0,6.989493976473947,28.316488615290663,Green,,3.843922319050833
709848,MHN TCPP PGC BGC Project [MTPBP],Oil and Natural Gas Corporation Limited [ONGC],Ministry of Petroleum & Natural Gas,Oil & Gas,Offshore,2329.45,2354.23,95.6,2026-07,0.4773282893427184,4.500312218739658,0.08830196184954263,0.8195980272979198,24.72214462853093,28.281512559613052,Green,,-20.262075877755766
618214,Rehabilitation and upgradation to 2 lane / 2 lane with paved shoulder configuration for design chainage km 107.347 to km 129.208 & km 133.878 to km 138.570 existing chainage km 110.000 to km 133.020 & km 137.330 to km 142.028 and land slide treatment at existing km 138.500 Design chainage km 134.970 of NH -94 on EPC mode under improvement to NH connectivity to Chardham in the state of Uttarakhand.,MoRTH,Ministry of Road Transport & Highways,Roads & Highways,Uttarakhand,346.5,346.5,100.0,2026-07,0.5483497730638055,6.3024302747264045,0.016975433857784824,-0.07238034162418658,3.1404722124465194,28.266260346079513,Green,,0.0
617370,Doubling between Jaunpur Jn - Zaffarabad 6.28 km PB73/2023-24/NR,CAOC/NR NR mor,Ministry of Railways,Railways,Uttar Pradesh,180.66,237.38,22.0,2026-07,0.5368862486384364,6.54635236120666,0.028400880168888903,3.910713736821957,50.28876522794142,28.26435644036626,Green,,8.574877807562473
617894,"Construction or 4 lane Raniganj Bypass of length 5.261 km on NH-60 new NH-14 from km 273.00 of NH to km 478.18 of NH-2 New NH 16 in paschim Bardhaman, West Bengal in EPC Mode- reg. Job No. 014-WB-2022-23/514",MoRTH,Ministry of Road Transport & Highways,Roads & Highways,West Bengal,410.83,410.83,67.28,2026-07,0.4424773112710539,7.160468878807193,0.12250657634501519,-0.0015356830334386992,16.055989152635924,28.249194380803456,Green,,-2.4962092576643045
618534,Construction of Six lane elevated flyover including reconstruction/rehabilitation of existing pavement from Km 426230 to Km 430500 Length 4.27 Km at Nirsa in the Barwa Adda Panagarh section of NH-19 from Km.398.240 to Km.521.120 including Panagarh Bypass in the State of Jharkhand on EPC Mode.,NHAI,Ministry of Road Transport & Highways,Roads & Highways,Jharkhand,470.75,470.75,0.0,2026-07,0.1853040539306961,2.9805167622961934,0.3796550795949141,0.13827673007955213,46.04541163617288,28.247956676280513,Green,,-1.1600748630202133
619033,"1000 seater Boys hostel, 500 seater Girls hostel, 1.5 MLD Sewage Treatment Plant and Faculty Residence - 72 nos. Flats",NIT Rourkela,Department of Higher Education,Education,Odisha,198.97,198.97,50.0,2026-07,0.5540012967053819,-1.165090315706268,0.009168163007427328,-1.5313914611920334,24.160607663518334,28.158472985640458,Green,,-13.649015619542446
222253,Amended BharatNet Program - UP (East),Department of Telecommunications,Department of Telecommunications,Telecommunication,Uttar Pradesh,5008.0,5008.0,7.65,2026-07,0.5598790872372976,4.040893371915237,0.0020788581966571444,-0.061801699759499285,8.30544445153874,28.097897271697736,Green,,11.211941206573055
705392,Dimapur-Kohima 88 km,CAO/C-1/NFR NFR mor,Ministry of Railways,Railways,"Multi-States (Assam, Nagaland)",6663.0,15310.23,45.0,2026-07,0.5030240228658743,9.903325046092913,0.05600849260288777,81.91329666463496,121.49277893829657,27.951625773438103,Green,,-10.855690576917574
618619,Bypass on Western side of Gwalior City,NHAI,Ministry of Road Transport & Highways,Roads & Highways,Madhya Pradesh,998.95,998.95,0.0,2026-07,0.5272311554246524,5.255194069318353,0.030879061694590565,-7.4571876781715165,17.420410815367983,27.905510855962145,Green,,-4.426349696073014
618157,Construction of Ater realignment & Bhind bypass Total length. 21.50 km Section of NH-552Extn. to Two lane with paved shoulder configuration in the State of Madhya Pradesh on EPC mode.,MoRTH,Ministry of Road Transport & Highways,Roads & Highways,Madhya Pradesh,348.06,348.06,79.0,2026-07,0.5538956669345358,5.632341264342383,0.0036919982000368943,-0.0015356830334386992,2.4184758236722246,27.879383256728634,Green,,7.249773313677164
709818,4th line - Rajnandgaon-Dongarhgarh 31.2 km PB72/NR/2022-23,CAOC/SECR SECR mor,Ministry of Railways,Railways,Chhattisgarh,328.34,328.34,5.0,2026-07,0.5068013785055997,1.7487689646322047,0.049802585016250525,6.445637797951302,20.858202905991938,27.830198176092512,Green,,-19.72222994593979
618015,"Upgradation of Keonchi - Ratanpur Road of NH 45 Package-I, from design chainage km 237.860 to km 273.200 of length 35.340 km to two lane with paved shoulders under Corridor scheme on EPC mode in the state of Chhattisgarh.",MoRTH,Ministry of Road Transport & Highways,Roads & Highways,Chhattisgarh,225.41,228.93,60.0,2026-07,0.5517950114888516,4.837097088500589,0.0037398052759369223,-0.7342790838051416,2.2132086936786664,27.776740838239423,Green,,-1.7306742319813218
701530,Ken-Betwa Linking Development Project,"Department of Water Resources, River Development,","Department of Water Resources, River Development & GR",Water Resources,"Multi-States (Madhya Pradesh, Uttar Pradesh)",21030.0,21030.0,0.0,2026-07,0.5171096484016932,-0.9758606374178378,0.038150633517689526,17.57316896842644,138.13499635893416,27.763014095969137,Green,,-1.766005754788928
701113,"Development of Lal Bahadur Shastri International airport, Varanasi including C/o New Terminal Building, Apron Extension, Runway Extension, PTT and allied works.",Airport Authority of India [AAI],Ministry of Civil Aviation,Aviation & Aviation Infrastructure,Uttar Pradesh,2869.65,2869.65,33.0,2026-07,0.5473973504523164,4.060519027485483,0.0038593743039253984,0.0,6.7259197148294145,27.56283623781209,Green,,6.174560760519686
617889,Treatment of landslide zone from location no. 01 to 28 km 62.860 to 152.750 on NH- 12509 in the State of Uttarakhand under EPC mode in NHO Annual Plan 2022-23,MoRTH,Ministry of Road Transport & Highways,Roads & Highways,Uttarakhand,192.22,192.22,98.5,2026-07,0.5313237589658414,8.442693083732905,0.01808374843495303,-0.019405938715535042,16.611675246826785,27.470375370039722,Green,,0.7421342259234969
701228,Kochi - Koottanad - Bangalore - Mangalore Pipeline Phase-II,Gas Authority of India Limited [GAIL],Ministry of Petroleum & Natural Gas,Oil & Gas,Tamil Nadu,2915.0,5909.0,97.4,2026-07,0.51493794012917,2.1652515088900954,0.034180167105322526,11.02824801237462,40.15982926789951,27.455905361724632,Green,,-16.17319190384263
618119,Rehabilitation and up-gradation to 2-lane configuration of Bageshwar to Kangarchina road from km 129.600 to Km 161.600 Existing Chainage 136.00 to Km 169.00 of NH- 309Ain the State of Uttarakhand Package-IV under NHO Annual Plan 2021-22,MoRTH,Ministry of Road Transport & Highways,Roads & Highways,Uttarakhand,472.23,472.23,67.0,2026-07,0.5440906601559831,4.961292095182406,0.003917276462035481,-0.0022262249296718,0.19658567918399497,27.400396830900924,Green,,3.7393773823738172
618158,"Upgradation of Goras to Shyampur Road section of NH-552 Ext., from Design Chainge 48.400 to 111.800 Km Total length 63.40 km to two lane with paved shoulder configuration along with One time improvement of 8.91 km in the state of Madhya Pradesh on EPC mode",MoRTH,Ministry of Road Transport & Highways,Roads & Highways,Madhya Pradesh,416.96,416.96,16.52,2026-07,0.5456713895876594,6.3172311525401454,0.0018962145561072369,0.0,1.234674141710804,27.37838020718833,Green,,-0.006274952111812837
400424,GEVRA OC [70 MTY],SECL - CIL,Ministry of Coal,Coal,Chhattisgarh,11816.4,11816.4,78.48,2026-07,0.5423548968839755,5.635685725183841,0.004654362944267455,1.7924138995440777,9.424631980079845,27.35046299141215,Green,,-6.890319345494923
613015,Redevelopment of Chhatrapati Shivaji Maharaj Terminus [CSMT] and construction of associated infrastructure,Rail Land Development Authority,Ministry of Railways,Railways,Maharashtra,1813.0,1813.0,25.0,2026-07,0.4464279092994653,6.632459203028749,0.09719946954681793,12.906354165153763,21.621651643866763,27.181368942314162,Green,,1.7270923909640779
616842,LUNI- SAMDARI- BHILDI DOUBLING,North Western Railway [NWR],Ministry of Railways,Railways,"Multi-States (Gujarat, Rajasthan)",3085.59,3085.59,36.0,2026-07,0.5095648751905116,5.528725174546531,0.033196081212315716,2.336701674714971,10.637654459898405,27.13804782014137,Green,,6.191287657196607
618091,Widening to two lane with paved shoulders from Km 0/000 to Km 45/946 of Nizampet- Narayankhed-bidar section of NH-161B in the state of Telangana under Annual Plan 2021-22 on EPC mode under NHO,MoRTH,Ministry of Road Transport & Highways,Roads & Highways,Telangana,512.98,512.98,46.0,2026-07,0.5342730500159656,5.262160827590661,0.004897682182223431,0.0015655798829325156,1.2610254045499278,26.95853660990945,Green,,-1.323120196522126
709851,Integrated Development of 4 Contract Areas under DSF-II,Oil and Natural Gas Corporation Limited [ONGC],Ministry of Petroleum & Natural Gas,Oil & Gas,Offshore,6183.79,6183.79,47.4,2026-07,0.40777971982184086,3.2212781939744852,0.130660988184149,-0.6018600330765678,17.505684966553915,26.922035400299492,Green,,-16.21502598622063
617404,North Western Railway - New line between Ramdevra and Pokhran via Bhairav Gufa - Kailash Tekri 13.38 Km PB30/NR/2025-26,CAOC/NWR NWR mor,Ministry of Railways,Railways,Rajasthan,189.21,189.21,3.0,2026-07,0.5322270322818156,3.2320912478213266,0.005352986801661066,8.053039182441303,63.61378180668217,26.879000954173833,Green,,5.7292604265500415
709752,HP-COAT [Crude to Olefins and Aromatics Technology] demo unit at Visakh Refinery,Hindustan Petroleum Corporation Limited,Ministry of Petroleum & Natural Gas,Oil & Gas,Andhra Pradesh,160.0,220.0,94.0,2026-07,0.4168313510448541,4.97657205083638,0.1200662589209869,3.1550819559272516,33.26747995929693,26.84488049829205,Green,,3.56000915272017
618036,Upgradation and reconstruction of existing intermediate lane to two Lane with paved shoulder configuration from km. 43.00 Barna River to km. 77.00 ken river length 34.00 km. on Gulganj-Amanganj-Pawai-Katni NH43 Extn. along with One time improvement in 01 no. of bypassed built-up area in a total length of 1.585 km in the state of Madhya Pradesh on EPCmode.,MoRTH,Ministry of Road Transport & Highways,Roads & Highways,Madhya Pradesh,315.55,315.55,43.0,2026-07,0.5336157497607648,5.720095136775895,0.0023443075440234187,0.0,0.13960459285046062,26.798002865239408,Green,,7.083942714305202
617829,LPG Bottling Plant at Mualkhang,Indian Oil Corporation Limited [IOCL],Ministry of Petroleum & Natural Gas,Energy Storage,Mizoram,225.71,225.71,34.0,2026-07,0.5276801088320052,-2.7082960795370323,0.003966737905046047,-0.5461690222064848,8.687941325642193,26.582342336852566,Green,,-9.927559644381969
708687,Amended BharatNet Program - UP (West),Department of Telecommunications,Department of Telecommunications,Telecommunication,Uttar Pradesh,1917.0,1917.0,7.2,2026-07,0.5210613103298259,4.240076005452593,0.008723217967261087,-0.17022083165256702,8.1014629308483,26.48922641485435,Green,,11.403349471910301
617231,East Central Railway - Construction of Bulb line at Nabinagar Ankorah 17.49Km PB45/ECoR/2024-25.,CAO/Con/South/MHX ECR mor,Ministry of Railways,Railways,Bihar,611.74,611.74,0.0,2026-07,0.13452612916980103,2.3095228004808837,0.3949407708792366,4.192723523592267,16.326663198099478,26.473345002451882,Green,Rapidly Deteriorating,15.249199631438515
618149,Widening to two lane with paved shoulders from Km 0.00 to 102.310 Design Chainage of NH-548B Murrum-Maharashtra Border in the State of Karnataka,MoRTH,Ministry of Road Transport & Highways,Roads & Highways,Karnataka,957.09,957.09,60.21,2026-07,0.5096620637156667,5.979278463136732,0.018737612788699867,0.0,2.0575569034861183,26.41998382521833,Green,,9.395765589643151
617338,Stamp Charge Battery No.12 Battery Proper at IISCO Steel Plant,Steel Authority of India Limited [SAIL],Ministry of Steel,Steel,West Bengal,2518.39,2518.39,27.66,2026-07,0.5093223422411283,6.157628120405288,0.019040601389434395,3.0623702088076525,-0.05521422958408585,26.418147181528134,Green,,1.2595093970120388
617906,Up-gradation of Dhoraji-Jamkandorna-Kalavad Section of NH-927D from Design Chainage km 0/00 to km 58/115 to Two lane with PS configuration in the State of Gujarat on EPC,MoRTH,Ministry of Road Transport & Highways,Roads & Highways,Gujarat,246.6,291.19,35.0,2026-07,0.5256550595140547,7.254252860226043,0.0026992469934271433,1.2119941457994685,0.3646040123729201,26.41771532537409,Green,,6.112923105986372
611957,"Phase III A works at IIT Indore [03 Hostels, 01 Studio Apartment, 01 Housing, Heavy & Sophisticated lab complex, Academic POD and Infrastructure for center of excellence]","Indian Institute of Technology, Indore",Department of Higher Education,Education,Madhya Pradesh,496.28,496.28,67.5,2026-07,0.5068155536119892,4.399558810854404,0.019035221149930195,-3.7675852656740543,11.32309798400804,26.292538738095967,Green,,-0.7843585248052491
709831,SOURCING OF BAUXITE ARRANGEMENT FOR 5TH STREAM ALUMINA REFINERY FROM SOUTH BLOCK MINING LEASE OF PANCHPATMAILI MINES,National Aluminium Company Limited [NALCO],Ministry of Mines,Metals & Mining,Odisha,483.0,483.0,93.18,2026-07,0.48859445909177224,8.132740333533029,0.03247674564606739,-0.03979406818337876,13.111578467122039,26.053560236891983,Green,,-1.0536119935121278
603293,Badam Coal Mining project of NTPC,National Thermal Power Corporation [NTPC],Ministry of Power,Coal,Jharkhand,502.0,784.0,67.86,2026-07,0.5126542121583721,8.072831763656893,0.008287657221484997,2.1816197144200062,26.087492043340813,26.047093468992855,Green,,0.4207779031171093
175860,"Amended BharatNet Program - MP, DD and DNH",Department of Telecommunications,Department of Telecommunications,Telecommunication,PAN India,4943.0,4943.0,8.4,2026-07,0.5188918752709524,2.2823878350261517,0.0013789971916269622,-0.5245817253724225,4.685852486221325,26.013543623128964,Green,,
701408,Madhya Ganga canal Phase-II,Irrigation & Water Resources-UP,"Department of Water Resources, River Development & GR",Water Resources,Uttar Pradesh,1060.67,4417.21,82.39,2026-07,0.3567023035447922,3.4606939601231677,0.16229223273561205,20.102507476083026,122.65567038546999,25.949726814020213,Green,,0.0
618848,Construction of Underpass beneath airport runway on NH-31 old NH-56 for proposed expansion of runway of Babatpur Airport Varanasi,NHAI,Ministry of Road Transport & Highways,Roads & Highways,Uttar Pradesh,649.44,649.44,22.0,2026-07,0.492623116977106,4.308241748421907,0.02540724497727953,1.5307101931392055,10.572296212365899,25.90151809771928,Green,,7.883663182641584
400116,Bargi Diversion Project Phase - III [km. 104 to km 154],Water Resources-MP,"Department of Water Resources, River Development & GR",Water Resources,Madhya Pradesh,1229.15,1399.7,81.52,2026-07,0.38526944707775085,0.285419741610241,0.13225144523367033,1.3801092172556066,53.23190722259657,25.876044615571058,Green,,0.426905684017008
612827,Flyover between Pendurthi-Simhachalam North to avoid surface crossing at Simhachalam 7.135 km PB73/2023-24/NR,CAO/C/SCoR SCoR mor,Ministry of Railways,Railways,Andhra Pradesh,183.65,183.65,21.0,2026-07,0.4925133412513068,7.29343312736834,0.024793856995645822,2.9518364960874277,68.7801328400151,25.86535991234763,Green,,7.732716938830187
618122,Widening to 2 lane with paved shoulded of Jareikela Jharkhand/Odisha Border - Dhabaleswar section from 0/0 to 36/0 of NH-320D in the State of Odisha under Annual Plan 2021-22.,MoRTH,Ministry of Road Transport & Highways,Roads & Highways,Odisha,172.09,172.09,34.0,2026-07,0.5123872775961504,8.934879353197342,0.003980032378505772,0.0,-0.4533436999678877,25.81836549873281,Green,,4.56900114427911
618095,Widening to Two Lane with Paved Shoulders from Km 0.00 Design Chainage 0.00 to Km 23.338 Design Chainage 23310 of NH-166E MH/KNT Border- Kanamadi- Bijjargi- Tikota section in the state of Karnataka in EPC Mode under Annual plan 2022-23 NH- 166E-KNT-2022-23-974,MoRTH,Ministry of Road Transport & Highways,Roads & Highways,Karnataka,196.05,196.05,75.0,2026-07,0.4804013265430627,6.105824444844104,0.034607877707098604,0.0,12.89973984413247,25.750460212508063,Green,,-2.7240724555304183
617225,PCMC To Nigdi- Extension Of North South Corridor Of Phase-1,Maharashtra Metro Rail Corporation Limited [MMRCL],Ministry of Housing & Urban Affairs,Urban Public Transport,Maharashtra,910.18,960.18,49.12,2026-07,0.21777976223877252,3.563505684047041,0.2957808538710947,2.270399092576768,9.397613723828487,25.678030805493364,Green,,-4.231889828467743
709816,4th line - Bhilai-Bhilai nagar 8.8 km PB72/NR/2022-23,CAOC/SECR SECR mor,Ministry of Railways,Railways,"Multi-States (Chhattisgarh, Maharashtra)",177.34,177.34,3.0,2026-07,0.5017497403905518,8.884120528130582,0.011157505439676885,4.1943050777945405,93.83528612256494,25.645362291511432,Green,,-20.314236023156276
619299,Construction of a 6-Lane Elevated Corridor from Km 593766 to Km 596620 Including Construction of Service Roads in Kagal City on NH-48 in the State of Maharashtra on EPC Mode.,NHAI,Ministry of Road Transport & Highways,Roads & Highways,Maharashtra,357.99,357.99,0.0,2026-07,0.19723218492312108,4.363974942696885,0.307308776893083,4.268983731085914,33.00019499721567,25.227048090810207,Green,,8.681667364881413
702627,Patna Metro Rail Project,Patna Metro Rail Corporation Ltd. [PMRCL],Ministry of Housing & Urban Affairs,Urban Public Transport,Bihar,13365.77,13365.77,50.05,2026-07,0.3387832567229587,3.9082336554875807,0.16562219981642107,9.460788188635409,12.284382890794198,25.220272826968994,Green,,1.7821759918101172
617938,Rehabilitation And Upgradation to four lane with paved shoulder configuration from km 24350 to km 61875 Jawale - Borgaon Kale of NH-63 in the State of Maharashtra on EPC mode under Annual Plan 2024-25 Total length - 37.525 Km.,MoRTH,Ministry of Road Transport & Highways,Roads & Highways,Maharashtra,574.18,574.18,20.0,2026-07,0.49301335150536924,5.2471698015481065,0.01098901081016015,0.0,2.2212173727384292,25.20011811577647,Green,,3.5231839240585145
613808,MURAIDIH UG PROJECT,BCCL - CIL,Ministry of Coal,Coal,Jharkhand,339.87,339.87,70.47,2026-07,0.4808135735013293,9.607349096370397,0.021147026061419293,2.2327183105531767,66.70386931453768,25.098029978137433,Green,,0.18485396829821
618371,"Widening/Improvement to 4-Lane with Paved Shoulder configuration of existing single lane road from Srirampur near Bhairiguri Village to Kachukhana Harichara Paglagaunj Package-I of Srirampur - Dhubri Section of NH-127B from existing Km 0.000 to Km 28.050 Design Km 0.000 to Km 27.650, Design Length27.650 Km under JICA ODA Loan assistance Phase-V -Balance work",NHIDCL,Ministry of Road Transport & Highways,Roads & Highways,Assam,613.89,613.89,89.5,2026-07,0.4454868206208916,5.603253907244904,0.05480210656285568,0.0,4.53838383063919,25.014446359187364,Green,,-4.34401736652514
400171,2G Ethanol Biorefinery at Bathinda,Hindustan Petroleum Corporation Limited,Ministry of Petroleum & Natural Gas,Oil & Gas,Punjab,1421.46,1421.46,95.9,2026-07,0.3345432899083717,8.093150762590993,0.1636688430274963,19.879593986798202,23.510994274532823,24.910606646793397,Green,,-27.475463499079858
709780,Construction of Additional Tankages and Allied Facilities at JNPT Terminal,Indian Oil Corporation Limited [IOCL],Ministry of Petroleum & Natural Gas,Oil & Gas,Maharashtra,341.43,436.14,72.9,2026-07,0.4339165558622887,5.748007096927245,0.063540335904154,8.829914867730391,22.35738894760809,24.872844588322135,Green,,-23.112633113027055
612513,"Construction of 100 Bedded ESI Hospital at Duburi, Odisha.",Employee's State Insurance Company [ESIC],Ministry of Labour and Employment,Healthcare,Odisha,164.6,164.6,7.2,2026-07,0.468052285680447,2.359439534450815,0.027359266042105923,-3.5714833731418922,17.371716619255302,24.770577586127647,Green,,0.2666584541377901
618326,Widening/Improvement to 4-Lane with Paved Shoulder from KM 38500 to Km 51246 Design Chainage 38500 to 50959 with proposed Daboka Bypass of Daboka- Parokhaowa of NH 29 on EPC under NHO-NE Package-1,NHIDCL,Ministry of Road Transport & Highways,Roads & Highways,Assam,516.88,516.88,99.7,2026-07,0.43107200082610414,8.407236160057755,0.06204695314250743,0.0,32.338453436971186,24.655947698430577,Green,,7.855946290919324
616983,Kosamba Umarpada GC PROJECT,Ministry of Railways-,Ministry of Railways,Railways,Gujarat,467.58,467.58,16.0,2026-07,0.4369384648950803,5.930138339387882,0.052866038887240445,1.781301154775622,13.343461918036425,24.49022518911604,Green,,1.9436343569347763
702629,Agra Metro Rail Project,Uttar Pradesh metro rail corporation [UPMRC],Ministry of Housing & Urban Affairs,Urban Public Transport,Uttar Pradesh,8379.62,8379.62,73.0,2026-07,0.41531131318952014,-0.9832010242855528,0.07440025347720827,3.2543030435899087,11.731932613378593,24.48557833333642,Green,,-0.7706402328981632
476006,Amended BharatNet Program - HP,Department of Telecommunications,Department of Telecommunications,Telecommunication,PAN India,1292.0,1292.0,23.18,2026-07,0.48886322590046444,2.534690580568643,0.0005526364102137331,-2.4706341315356486,4.600942755945276,24.47079311553391,Green,,
618948,4L of NH-80 section of Mirza Chauki to Farakka section from existing km 190.00 to design km 200.75 junction at km 3.100 of NH 133 B and from existing km 260.00 to existing km 283.00 design km 274.133 in the state of Jharkhand package - II,NHAI,Ministry of Road Transport & Highways,Roads & Highways,"Multi-States (Jharkhand, West Bengal)",782.18,782.18,8.65,2026-07,0.4465099276090523,1.7629883433129117,0.03769614835620316,0.989063757758398,18.657508661462213,24.21030379826277,Green,,-4.2936020713066405
618184,Construction of 2 Lane with paved shoulder from km 55.6 to km 90.7 existing chainages of NH-766C complete Realignment of 13.76 km with 2 major Bridges across Sharavathi Backwaters on EPC mode under Annual Plan 2022-23 in the state of Karnataka NH-766C-KNT-2022-23 dated 14.10.2022,MoRTH,Ministry of Road Transport & Highways,Roads & Highways,Karnataka,313.56,313.56,65.0,2026-07,0.44845316407038016,2.518310383125593,0.03075820748276021,-0.0015356830334386992,14.227020054745122,23.960568577657018,Green,,-1.238154170106597
171218,Amended BharatNet Program - PB,Department of Telecommunications,Department of Telecommunications,Telecommunication,PAN India,1245.0,1245.0,26.58,2026-07,0.4760162919212287,3.279075554709752,0.000807315098775535,-2.639589244926566,4.59160341667271,23.84118035100021,Green,,
400168,"500 KTA PDHPP Project, Usar",Gas Authority of India Limited [GAIL],Ministry of Petroleum & Natural Gas,Oil & Gas,Maharashtra,8797.0,11256.0,91.9,2026-07,0.45784840119367726,6.333766704859279,0.0165776773089582,6.605760158758802,17.17405509700418,23.721303925131775,Green,,-27.379980236456557
400160,RAJRAPPA RCE OCP,CCL - CIL,Ministry of Coal,Coal,Jharkhand,510.85,510.85,75.61,2026-07,0.4702883542250917,0.8315839182375487,0.0035149626333145726,9.777075446302565,75.32166270482323,23.69016584292031,Green,,1.5522268321516677
618201,"Widening and strengthening to 2 lane with paved shoulder from existing Ch. Km 56720 to Km 100820 and Design Ch. From Km 62600 to Km 106360 Total Length43.760 Km on SRINAGAR -BARAMULA URINH-01 in the UT of Jammu & Kashmir under project BEACON, Border Roads Organization BRO on EPC mode.",MoRTH,Ministry of Road Transport & Highways,Roads & Highways,Jammu and Kashmir,702.1,702.1,51.0,2026-07,0.46518005526922496,3.7055633107895685,0.006262964777684578,0.0,1.5843398199665082,23.572151002345475,Green,,2.138763716790713
611943,New BG line between Naliya - Jakhau Port 24.88 Km,CAOCWR WR mor,Ministry of Railways,Railways,Gujarat,410.26,410.26,5.0,2026-07,0.46150826049602356,5.022390172198123,0.006455903268187897,-1.3326426649224639,9.52233513318729,23.398208188210575,Green,,-9.714316730113893
615189,MAKARDHOKRA EXPN OC 4.9 MTY,WCL - CIL,Ministry of Coal,Coal,Maharashtra,361.87,361.87,12.2,2026-07,0.4658852873533407,6.520094039694211,0.0019148851428289978,4.05159035452676,19.894066518063216,23.390008624808488,Green,,1.2442099681937933
618262,Construction of Deoria Bypass from existing Km. 27.140 to existing Km. 46.780 Design Km. 49.109 on NH727A Design length 21.969 Km. to four lane with paved shoulder configuration under Hybrid Annuity Mode HAM in the State of Uttar Pradesh,MoRTH,Ministry of Road Transport & Highways,Roads & Highways,Uttar Pradesh,1734.7,1734.7,10.0,2026-07,0.462907424629606,5.241015685220178,0.004886704954530238,-0.0015356830334386992,-2.6673451482597437,23.38970647920681,Green,,8.464888254774735
611884,Doubling between Bhiwani - Dobh Bahali PB73/2023-24/NR,CAOC/NWR NWR mor,Ministry of Railways,Railways,Haryana,471.0,471.0,77.0,2026-07,0.27017943716944226,3.166759542231146,0.19334203520618481,4.621756466089939,38.84510948940334,23.176073618781352,Green,,7.620038714582613
618014,"Upgradation of Ambikapur-Ramanujganj-Garwa road of NH-343, Package-III, Badki mahri village to Ramanujganj section from existing km 80.600 to km 110.330 Design Ch. 85.370 to Ch. 114.800 of total length 29.430 km to two lane with paved shoulders udner corridor scheme under EPC Mode in the of Chhattisgarh",MoRTH,Ministry of Road Transport & Highways,Roads & Highways,Chhattisgarh,199.05,199.05,38.56,2026-07,0.45378757597544245,5.054027142915306,0.006247695596904514,0.0,0.7655336924653792,23.00176357861735,Green,,-3.2643018629707115
618125,Rehabilitation and upgradation of NH 326A from km 0/0 to 41/979 excluding km 2/255 to 3/372 and km 36/820 to 38/275 Odisha border to Narasamapeta to two lane with paved Shoulders in the State of Andhra Pradesh under NHO on EPC Mode,MoRTH,Ministry of Road Transport & Highways,Roads & Highways,Andhra Pradesh,228.32,228.32,100.0,2026-07,0.3994703894287415,-7.747406798593284,0.056891049187251574,-0.006454703313666464,4.564716696580126,22.818071930799654,Green,,4.733261045247826
618126,"Pre-Construction activities from Km 134.000 to Km 190.233 of NH-333A and Construction of 4 no. of Bypasses at Katoria, Lakhpura, Banka & Panjwara total length-14.359 Km to two lane with paved shoulders standard in State of Bihar.",MoRTH,Ministry of Road Transport & Highways,Roads & Highways,Bihar,479.37,479.37,58.75,2026-07,0.44297513832311713,4.489291089874407,0.012285658875090439,-0.0015356830334386992,0.1262925055591853,22.76303985991038,Green,,1.7394585919327632
617909,Construction of Rewa Bypass to 4-lane with paved shoulder along with service road from Ratahara Chowk to Chorhata Chowk Road section of NH-30 from km 00.000 to 19.200 in the State of Madhya Pradesh on Hybrid Annuity Mode HAM.,MoRTH,Ministry of Road Transport & Highways,Roads & Highways,Madhya Pradesh,648.05,648.05,50.0,2026-07,0.44564125455591796,5.530521213217143,0.006823364081421195,0.0,1.6305193017112956,22.62323093186696,Green,,9.604190154022056
705742,Jeypore - Malkangiri 130 km,CAO/C/ECOR ECoR mor,Ministry of Railways,Railways,Odisha,2344.0,2343.64,6.0,2026-07,0.04714693461877406,-3.220991700358849,0.4049064098899546,15.759867447247036,149.3274949517627,22.60266722543643,Green,,
701383,Waghur Project,Department of water resources-MH - II,"Department of Water Resources, River Development & GR",Water Resources,Maharashtra,1058.99,1758.51,89.57,2026-07,0.37340909933159344,-0.8259409034858909,0.07730466565112251,11.060178177616326,85.62635435530038,22.5356882491358,Green,,-5.92216641465976
617221,"Construction of Girls Hostel 400 seater, Boys Hostel 600 seater, Academic Block, International Hostel 100 seater, VC Residence and Purchase of Equipment",Central University of Punjab,Department of Higher Education,Education,Punjab,210.99,210.99,58.0,2026-07,0.36464103216380217,1.4490885874778396,0.08479467140476017,0.13755839918489077,0.9565461349132899,22.471785178428117,Green,,8.507544243858046
944288,Super accelerated cooling system (Uniform Cooling) for high strength plates in Plate Mill at BSP,Steel Authority of India Limited (SAIL,Ministry of Steel,Steel,Chhattisgarh,192.21,192.21,48.01,2026-07,0.37851226415997413,2.572103204095153,0.06845887026392988,0.9072837150008763,26.940506916897238,22.3485567211952,Green,,
618869,"Construction of 4/6 lane Highway of Southern Bareilly Bypass, starting at Ch. 237000 of NH 530 near Jhumka chauraha, Dhantiya village and ending at Ch. 267000 of NH 30 near Invertis University including Trumpet Interchange",NHAI,Ministry of Road Transport & Highways,Roads & Highways,Uttar Pradesh,1122.02,1869.59,16.4,2026-07,0.26276977165260745,6.290084544791516,0.18404599562113752,3.1545170357648344,23.064823507536136,22.340788363687246,Green,,-6.281209782065485
618096,Rehabilitation and Up-gradation to 2 lane road with paved shoulders configuration for the balance work of 13 km length on Helwak-Patan-Karad section Km. 85000 to 133 417 of NH-166E in the state of Maharashtra on EPC mode.,MoRTH,Ministry of Road Transport & Highways,Roads & Highways,Maharashtra,181.45,181.45,87.0,2026-07,0.42664364504991364,6.818650707127123,0.016657870812044142,-0.0015356830334386992,6.273879354882806,22.165075793097888,Green,,3.215645901894998
705919,Agra Fort-Bandikui Doubling Line Project,CAO/C/NCR,Ministry of Railways,Railways,Rajasthan,1390.0,1390.0,56.0,2026-07,0.3849005623788084,0.3605305078669882,0.05367586880064313,21.79370211838992,16.723502430822233,21.928821558972576,Green,,-0.5254939204483975
612815,Nipania-Bhatapra 14.4 km 4th line PB72/NR/2022-23,CAOC/SECR SECR mor,Ministry of Railways,Railways,Chhattisgarh,170.49,170.49,3.0,2026-07,0.41142530010003686,1.7136700322134646,0.026749094897858868,3.5323047025533545,123.29528030216066,21.908719749894786,Green,,-3.666734075318459
615861,Indaram Opencast Project,Singareni Collieries Company Limited [SCCL],Ministry of Coal,Coal,Telangana,424.81,424.81,81.0,2026-07,0.42787617390609245,5.4518041110112625,0.007916236118354633,4.277561153695566,14.649713636290892,21.789620501222355,Green,,0.6706208948170413
705453,"Dahod-Indore via Sardarpur, Jhabua & Dhar 200.97 km incl. material modification for change in alignment via Amjhera 4.82 km",CAOCWR WR mor,Ministry of Railways,Railways,"Multi-States (Gujarat, Madhya Pradesh)",456.07,9217.23,57.0,2026-07,0.40945049466433653,-5.06095993179191,0.026248398551493198,19.634321483176638,111.80545970143847,21.784944660791485,Green,,-9.264883408055212
615843,TETARIAKHAR OC,CCL - CIL,Ministry of Coal,Coal,Jharkhand,232.64,232.64,30.06,2026-07,0.4319545551757277,7.039985788555619,0.0008045230304065592,1.9640897197176452,6.5988672152525805,21.637953910306713,Green,,1.259550069345444
618188,Rehabilitation and Up-gradation to 2 lane with paved shoulder configuration of Mahud Sangola road NH 965 G 159400 to 161900and 162400 to 183960 Design Chainage from km. 32/300 to km. 34/800 and km. 35/800 to km. 56/860 Rigid Pavement on EPC mode in the State of Maharashtra.,MoRTH,Ministry of Road Transport & Highways,Roads & Highways,Maharashtra,253.78,253.78,100.0,2026-07,0.3931675880495079,3.9129445560154656,0.039478834545271006,0.0,10.856604089333457,21.632321129738948,Green,,-0.7687479409084439
618113,"Improvement and up-gradation of NH-227B 84 Kosi Parikrama Marg Package III, from Km.47.800 Gosaiganj to Km.73.300 Bikapur in the State of Uttar Pradesh on EPC basis.",MoRTH,Ministry of Road Transport & Highways,Roads & Highways,Uttar Pradesh,587.97,587.97,50.72,2026-07,0.4030525136053483,4.00902780171405,0.0295305795149835,-0.0022262249296718,2.358748257708328,21.62915465601659,Green,,-9.67917809678859
613798,AMERA OC RCE [1.0 MTY],SECL - CIL,Ministry of Coal,Coal,Chhattisgarh,335.97,335.97,42.47,2026-07,0.4263463932406493,-0.22410610864662173,0.004605637653993381,4.61798942933017,14.404673656166647,21.547601544732135,Green,,-0.6336518434135705
619228,Transmission System Strengthening for integration of additional RE Potential at Davanagere [0.25 GW] and Bellary [2.75 GW],Power Grid Corporation of India Limited [POWERGRID],Ministry of Power,Transmission & Distribution,Karnataka,1111.0,1111.0,1.0,2026-07,0.4187513988366692,4.145742022589828,0.009751014860190026,0.0,9.13500684934855,21.42512068484296,Green,,5.01703517667125
618310,Widening/lmprovement to 4-L of Karimgani - sutarkandi section of NH 37 from design Ch 0020 Start of proposed Karimganj Bypass from NH -8 to design Chainage Km 14380 near Sutarkandi Spur Connectivity to Indo/Bangladesh Border on Silchar- Churaibari in the State of Assam on HAM Mode Package-7,NHIDCL,Ministry of Road Transport & Highways,Roads & Highways,Assam,791.79,791.79,41.88,2026-07,0.4156657514880078,3.50184351400955,0.007885428663538894,0.0,2.584978011601383,21.177559007577333,Green,,13.882726923037715
615982,NILJAI EXPANSION DEEP OCP,WCL - CIL,Ministry of Coal,Coal,Maharashtra,319.75,319.75,79.83,2026-07,0.40893815227031777,6.574360121936958,0.0024217764769816955,12.401589085048006,20.092902110873606,20.567996437364975,Green,,0.0
603945,Integrated Anandpur Barrage Project,Water Resources-OR,"Department of Water Resources, River Development & GR",Water Resources,Odisha,567.03,2990.05,62.85,2026-07,0.4023347573853984,4.304344440668331,0.005307177396296979,5.526975675783292,114.31565704921168,20.38209673908477,Green,,2.5882570961222697
914467,Amended BharatNet Program - BR,Department of Telecommunications,Department of Telecommunications,Telecommunication,PAN India,1550.0,1550.0,17.76,2026-07,0.4069620356462046,2.785420129104431,0.0006382970539575974,-0.2933267862836894,4.619383460661748,20.380016635008108,Green,,
665021,Amended BharatNet Program - UKD,Department of Telecommunications,Department of Telecommunications,Telecommunication,PAN India,1821.0,1821.0,20.54,2026-07,0.4061613388844301,1.861655507614247,0.0010823933648633356,-0.6663895231000373,4.421233137177877,20.362186612464672,Green,,
709779,Capacity Expansion of Digboi Refinery from 0.65 to 1.0 MMTPA,Indian Oil Corporation Limited [IOCL],Ministry of Petroleum & Natural Gas,Oil & Gas,Assam,768.0,740.0,60.1,2026-07,0.36894329431550477,4.757402192983917,0.037522896148551914,0.38149322292046894,43.37522795349459,20.323309523202834,Green,,-31.324874696224907
619196,Change of service of existing Mundra-Panipat Pipeline [Panipat - Churwa section] from Crude oil to Product,Indian Oil Corporation Limited [IOCL],Ministry of Petroleum & Natural Gas,Oil & Gas,"Multi-States (Gujarat, Haryana, Rajasthan)",359.0,359.0,43.3,2026-07,0.4011735109048169,2.5973911646382453,0.00418635851411597,-0.35218609978770443,11.5426563104359,20.267993470946642,Green,,-18.283142412998863
707419,IMC at Prayagraj,National Industrial Corridor Development Corporation,"Ministry of Ports, Shipping and Waterways",Real Estate,Uttar Pradesh,658.0,658.0,27.79,2026-07,0.3947400140682601,3.2916997251991376,0.007388748738865733,-0.5335413133838179,8.614583210656077,20.106438140356293,Green,,3.985584924090503
613800,JAGANNATHPUR OC RCE PROJECT,SECL - CIL,Ministry of Coal,Coal,Chhattisgarh,459.49,459.49,96.15,2026-07,0.39927699542246436,0.7665176473329459,0.0027259090652257487,-1.0164414935884578,9.944662688636408,20.100145224384505,Green,,-1.7947862403238162
738679,Stamp Charge Battery No.7 Battery Proper at RSP,Steel Authority of India Limited (SAIL,Ministry of Steel,Steel,Odisha,2584.41,2584.41,54.16,2026-07,0.22137714567099306,3.3787116380830984,0.16927126949934596,4.348428704749261,20.761017254003974,19.53242075851695,Green,,
611855,Nathdwara Mavli - Devgarh Madariya 82.542 km,CAOC/NWR NWR mor,Ministry of Railways,Railways,Rajasthan,968.92,1100.0,75.0,2026-07,0.1837586793509281,4.200431336827789,0.2064819179971258,5.991913530629995,29.103228729171704,19.512029867402696,Green,,-33.51183209529783
618295,Improvement/Widening of New NH-217 Dainadubi-Darugiri section to Two lane with paved shoulder in Meghalaya from design Km 0000 to Km 40840 existing Km 8600 to Km 53000 of Old NH-62 under BMP Lot-1 Pkg-1B Meghalaya portion,NHIDCL,Ministry of Road Transport & Highways,Roads & Highways,Meghalaya,705.83,705.83,46.38,2026-07,0.3863890602314305,5.5377206654752085,0.0026090791771000332,-0.0022262249296718,2.680181696745557,19.449906970426525,Green,,5.415526801276501
618049,Up-gradation to 2/4 lane with paved shoulder configuration of NH-652 from Tuljapur Naldurg-Akkalkot road Chainage from Km. 00.000 to km 30.982 in the State of Maharashtra on EPC mode.,MoRTH,Ministry of Road Transport & Highways,Roads & Highways,Maharashtra,183.41,183.41,98.0,2026-07,0.3668028944610767,7.722325233787875,0.018054917929594908,0.0,6.5203952916045385,19.242890619533583,Green,,0.04910827271858409
615206,GANDHIGRAM UG MINE,WCL - CIL,Ministry of Coal,Coal,Madhya Pradesh,414.15,414.15,56.88,2026-07,0.38271195888428977,11.627246017303108,0.0010247008117760179,1.036682149856666,7.508398822027755,19.18683298480329,Green,,1.263310806092342
701404,Kanupur Irrigation Project,Irrigation and CAD-TG,"Department of Water Resources, River Development & GR",Water Resources,Odisha,989.43,2301.28,79.5,2026-07,0.35535206000285224,9.582133033739792,0.02804745382976509,16.27103480623247,121.52432513343525,19.169975691630867,Green,,0.0
617979,"Rehabilitation, upgradation & widening of existing highway to 2L/4LPS Rigid Pavement of NH 160 section- Phaltan to Mhaisal near Karnataka Border including Tasgaon Bypass, from existing chainage Km 301/430 to Km 458/415 in the State of Maharashtra. Package-I starting from existing chainage Km 301/430 at Phaltan Village Junction of Phaltan Baramati Road Design Chainage -301/430km & ending at existing chainage Km 341/300 Dahiwadi Village Bus Stop Design chainage Km 340466km in the S",MoRTH,Ministry of Road Transport & Highways,Roads & Highways,Maharashtra,533.76,533.76,74.29,2026-07,0.3586481684986979,8.977147564179916,0.02204361733971664,0.0,4.9391420903955,19.034589291920728,Green,,-7.235061593142632
635651,"New Product Testing Laboratory for NPM, SPP & NHSM at RSP",Steel Authority of India Limited (SAIL,Ministry of Steel,Steel,Odisha,155.26,155.26,71.75,2026-07,0.33903237408705605,2.0874855658052236,0.039687594666131525,0.7063857390361794,25.056544600859826,18.93599843765938,Green,,
618003,Construction of four lane ROB and its approaches in lieu of existing Level Crossing No. RV-71 at km 435 on NH-217 New NH-353 at Khariar including land acquisition under NHO in Annual Plan 2021-22 for the state of Odisha for F.Y. 2021-22 to F.Y 2033-34,MoRTH,Ministry of Road Transport & Highways,Roads & Highways,Odisha,154.49,154.49,90.0,2026-07,0.36526356637385987,5.000609831535224,0.012659879287675436,0.0062049163997307515,0.4309579262868617,18.896172283076766,Green,,0.9670473388321135
617832,Koderma-Barkakana Arigada 133 Km,CAO/Con/South/MHX ECR mor,Ministry of Railways,Railways,Jharkhand,2887.11,2887.11,0.0,2026-07,0.12160171789795671,5.476875645662618,0.25188375400144747,4.87689510765692,10.192887146552774,18.67427359497021,Green,,8.279796882701701
618170,Construction of Two lane with paved shoulder configuration of Shujalpur Bypass section of NH-752C from km 33100 Design to km. 42570 Design total design length 10.470 km in the State of Madhya Pradesh on EPC mode.,MoRTH,Ministry of Road Transport & Highways,Roads & Highways,Madhya Pradesh,214.07,214.07,46.33,2026-07,0.36968614269936634,2.4058910128288744,0.002089326876179425,-0.0015356830334386992,3.2238892141715563,18.588773478777288,Green,,6.474548081750953
613799,AMGAON OC RCE [1.0 MTY],SECL - CIL,Ministry of Coal,Coal,Chhattisgarh,316.11,316.11,78.86,2026-07,0.367139503104743,-0.3064251490151886,0.0034075557901061095,5.481967448175309,15.05342640949873,18.527352944742457,Green,,-1.5349765636281738
619227,Network Expansion Scheme in Maharashtra for removal of Transmission constraints in Pune Region-I [765/400kV AIS Pune East],Power Grid Corporation of India Limited [POWERGRID],Ministry of Power,Transmission & Distribution,Maharashtra,1420.0,1420.0,3.92,2026-07,0.3246819881050263,3.663323773254237,0.04423454905443033,0.0,26.93588527287863,18.44582685797283,Green,,4.367674701682013
617914,Upgradation and reconstruction of Shahpura-Dindori Section of NH 45 from Km 103.700 Design to Km 164.580 Design including 3 bypasses Total length 60.88km to Two lane with paved shoulder configuration along with One time improvement in 03 nos of bypassed built-up areas in a total length of 12.341 km in the State of Madhya Pradesh on EPC mode,MoRTH,Ministry of Road Transport & Highways,Roads & Highways,Madhya Pradesh,241.23,250.09,41.25,2026-07,0.36286769923795625,2.886370313362681,0.005237625499215329,-0.7879229613506598,2.8272958980404717,18.405266236858576,Green,,8.550804740187079
616050,AMALGAMATED INDER-KAMPTEE DEEP,WCL - CIL,Ministry of Coal,Coal,Maharashtra,235.9,235.9,98.97,2026-07,0.3661272475795897,4.6904302083480856,0.0014377049218037114,8.528521057780926,15.56122384089105,18.378247625069672,Green,,1.1683544757173472
619221,Realignment of Rudrapur-Kathgodam Section of NH-87 New NH-109 From Design Chainage 000 Existing Chainage Km.54050 To Design Chainage 7875 Existing Chainage Km.61550 Due To Proposed Expansion Of Pantnagar Airport in the state of Uttarakhand.,NHAI,Ministry of Road Transport & Highways,Roads & Highways,Uttarakhand,252.97,252.97,0.0,2026-07,0.32126626640051487,3.42477014499776,0.04604496724447229,7.876505322296094,46.69019306169379,18.365561682249357,Green,,
618982,Talabira II & III OCP - FMC,NLC India Limited [NLCIL],Ministry of Coal,Coal,Odisha,522.45,522.45,74.8,2026-07,0.3630989035499244,5.708437143472883,0.0021656024945756096,0.5017640261508954,10.745349465876863,18.263225302225,Green,,5.584980757023649
618127,Construction of 2- Lane with paved shoulder from km 56.45 Dharampur More to 93.050 Pakur of NH-333A in the State of Jharkhand on EPC mode,MoRTH,Ministry of Road Transport & Highways,Roads & Highways,Jharkhand,255.73,255.73,15.0,2026-07,0.3592403391293531,5.444194940517041,0.005769686791581533,0.0,1.0048582983541166,18.250501296046732,Green,,-1.087260824760314
618103,Rehabilitation and upgradation from Km 22300 to 58635 of MudireddyPalle to Kadapa/Nellore Border via porumamilla Section of NH 167 Two Lane with paved Shoulder in,MoRTH,Ministry of Road Transport & Highways,Roads & Highways,Andhra Pradesh,279.29,279.29,90.33,2026-07,0.3480159961565093,7.231258480938896,0.014878836740494743,-0.00849657928159812,4.36472664902608,18.1447416448502,Green,,-0.6270406425402939
617991,"Rehabilitation and up-gradation of NH-167 from Km 14/900 to Km70/000 Design Ch. 14/900 to 69/700 Chintakunta to Adoni section to two lane with paved shoulders in the State of Andhra Pradesh under Corridor Approach through Engineering, Procurement",MoRTH,Ministry of Road Transport & Highways,Roads & Highways,Andhra Pradesh,290.15,290.15,91.9,2026-07,0.30407907447348964,4.720061204217988,0.0556731586827928,-1.1230798442559191,3.016585857737157,17.987611657814124,Green,,-0.5861264951507472
618021,Up-gradation of Pichhore- Dinara section of NH-346 from Km 292.750 to 334.550 to two lane with paved shoulders in the state of Madhya Pradesh on EPC mode,MoRTH,Ministry of Road Transport & Highways,Roads & Highways,Madhya Pradesh,425.97,425.97,36.85,2026-07,0.35650433199844594,3.806633515267178,0.002653022990242451,0.0,2.0939604466148753,17.95786774943442,Green,,10.531816012744418
618768,Four laning of Agra-Aligarh Section from Km. 0.000 Junction of NH-34 Aligarh Km 144.60 to Km. 28.000 near Asroi village in Hathras of NH-509 Package-I,NHAI,Ministry of Road Transport & Highways,Roads & Highways,Uttar Pradesh,1309.08,1309.08,3.96,2026-07,0.33980302390933165,2.58093641011838,0.017850459331265812,-0.3664983004165011,17.63236351030079,17.882674162029875,Green,,1.7579239404306257
618246,Construction of New 4-Lane Bridge Parallel to existing Vikramashila Setufrom km 8920 to Km 13375including approach road 35m Naugachhia side &53 m Bhagalpur sideacross River Ganga on newly declared NH-131B at Bhagalpur in the State of Bihar,MoRTH,Ministry of Road Transport & Highways,Roads & Highways,Bihar,1110.23,1110.23,52.6,2026-07,0.33350565215152383,-1.2470895178692916,0.022000998808225015,0.0,6.585142513803853,17.775332547987443,Green,,-0.33213051395923543
618428,Realignment of NH-717A from Design Ch.0.00 Km 77.800 of NH-10 to Design Ch.2.00 Km 3.100 of NH-717A with two lane paved shoulder including Major Bridge of 680 m in the State of Sikkim on EPC Mode-COS work,NHIDCL,Ministry of Road Transport & Highways,Roads & Highways,Sikkim,264.84,380.94,100.0,2026-07,0.34051353353382946,-4.343894035160477,0.013908751598261595,2.380750502464203,23.99359908926168,17.721114256604555,Green,,-1.4284950559037064
618043,Upgradation and reconstruction of Dindori - Mandla Section of NH 543 from Km 77100 Design to Km 170580 Design Total length 93.48km to Two lane with paved shoulder configuration along with One time improvement in 04 nos of bypassed built-up areas in a total length of 7.23 km in the state of Madhya Pradesh on EPC mode,MoRTH,Ministry of Road Transport & Highways,Roads & Highways,Madhya Pradesh,492.12,523.71,88.0,2026-07,0.3355491064593014,6.890022990125304,0.014671934167107232,2.4645614976829053,3.305620374003515,17.511052031320432,Green,,0.0
612066,Rajasthan Metro Rail Project Phase 1C from Badi Chaupar to Transport Nagar via Galta Gate,Jaipur Metro Rail Corporation,Ministry of Housing & Urban Affairs,Urban Public Transport,Rajasthan,980.08,980.08,0.0,2026-07,0.3233630164793435,-1.7965678243151006,0.025221948479053107,11.922778102928373,28.356041060335464,17.429248247919833,Green,,0.0
615349,TAPIN SOUTH EXPN,CCL - CIL,Ministry of Coal,Coal,Jharkhand,230.41,230.41,23.67,2026-07,0.34704427792643944,1.7645845843010242,0.0012502965027244074,0.6821880522231221,5.788647639319686,17.414728721458193,Green,,-0.16329560666995846
709800,"CUF POL Depot at Sadashibpur [Meramundali], Odisha",Bharat Petroleum Corporation Limited [BPCL],Ministry of Petroleum & Natural Gas,Oil & Gas,Odisha,393.54,393.54,86.0,2026-07,0.3331479780553861,5.790227627306924,0.013692392926983621,2.035013172114897,18.638140880515156,17.342018549118485,Green,,-22.642848388563024
616254,Visakh Raipur Pipeline Project,Hindustan Petroleum Corporation Limited,Ministry of Petroleum & Natural Gas,Oil & Gas,"Multi-States (Chhattisgarh, Odisha)",2212.0,2212.0,38.4,2026-07,0.32775632952763156,3.134300573844897,0.019076077816785178,5.97149845806318,12.641237161338106,17.341620367220838,Green,,6.328437450082772
617888,Landslide treatment work on NH 58 from Kodiyala Km. 266.130 to Devprayag Km. 296.925 10 location under EPC mode in the State of Uttarakhand on EPC Mode,MoRTH,Ministry of Road Transport & Highways,Roads & Highways,Uttarakhand,192.54,192.54,99.0,2026-07,0.3360292765870803,7.811236978716057,0.009942686316928623,0.004037743662778827,15.296812982034218,17.298598145200447,Green,,0.0
618646,4L of Pathalgaon-Kunkuri-CG/JH Border section of NH-43 from Km. 00.000 to Km.104.250,NHAI,Ministry of Road Transport & Highways,Roads & Highways,Chhattisgarh,3147.07,3147.07,0.0,2026-07,0.19435845852212794,1.7585045073898586,0.15137791929512573,-0.7412669651211498,41.129152782804326,17.286818890862683,Green,,-0.9765484211667399
618053,Muddanur to B. Kothapalli section of NH-716G from Km. 0/000 to Km. 56/500 56.500 Km in the State of Andhra Pradesh on EPC mode Job no. 741,MoRTH,Ministry of Road Transport & Highways,Roads & Highways,Andhra Pradesh,1019.97,1019.97,33.55,2026-07,0.33683257951324613,4.688575669667838,0.008025219847612184,-0.032702232792847674,1.1831897566315088,17.242889968042917,Green,,3.1940376648479916
618294,Improvement and Widening of National Highway No. 127B Darugiri - Songsak - Williamnagar Junction Section to two lane with paved shoulder from design Km 0000 to Km 36635 Design length 36.635 Km existing Km 112000 to Km 151060 of NH-1278 under Bharatmala Pariyojana Lot-1 Pkg-1B Meghalaya portion,NHIDCL,Ministry of Road Transport & Highways,Roads & Highways,Meghalaya,801.07,801.07,26.8,2026-07,0.34095763631015635,3.8978519092265156,0.003051008044923788,0.0,2.680181696745557,17.20043221775401,Green,,-1.5340271177827454
618311,Widening/lmprovement to 4-Lane with Paved shoulder for existing as well as Greenfield alignment of Badarpur Churaibari section of NH-8 from Design chainage 87.700 Chandkhira to Km. 106.500 Churaibari section Assam-Tripura border in the state of Assam on HAM Mode Package-6,NHIDCL,Ministry of Road Transport & Highways,Roads & Highways,Assam,870.0,870.0,40.99,2026-07,0.3354352535298989,2.8340714668530342,0.008533826733042538,0.0,2.4854214585349914,17.19845401314707,Green,,7.6364820524369055
400142,Pachwara South Coal Block,NLC India Limited,Ministry of Coal,Coal,Jharkhand,2242.9,2242.9,87.0,2026-07,0.32038469916660695,3.4963133489276808,0.022981763772622236,11.776399915658082,9.910960759077907,17.16832314696146,Green,,6.676140523225161
618086,"Widening to Two Lane with Paved Shoulders from KB Cross to Chunchanahalli ie., Design Ch. 485240 Km Existing Km 494.000 to Design Ch. 523393 Km Existing km 533.152 & From Design Ch. 530393 Existing Km 540.175 to Design Ch. 534476 Existing Km 544.200 at Nelligere of NH-150A on EPC mode under Annual Plan 2022-23 NH-150A-KNT-2022-23-977 dated 08.03.2023",MoRTH,Ministry of Road Transport & Highways,Roads & Highways,Karnataka,617.28,617.28,48.5,2026-07,0.3117906932301371,5.508081415607743,0.030016053868313203,0.0,8.423554959721002,17.090337354922514,Green,,3.333626768522409
615822,SIRKA OC,CCL - CIL,Ministry of Coal,Coal,Jharkhand,183.18,183.18,56.47,2026-07,0.3324440258687972,0.7080550844752379,0.004359917884498742,1.1016105301340213,6.630514492260659,16.840197187664796,Green,,1.5916137389775393
615186,SASTI EXPANSION OPENCAST,WCL - CIL,Ministry of Coal,Coal,Maharashtra,319.04,319.04,32.21,2026-07,0.3338877565207177,7.130041674806464,0.0019215608706739647,8.522466444981026,13.268109199908885,16.790465869569584,Green,,-0.7123834311844561
617802,Augmentation of Transformation Capacity and Implementation of Line Bays at Mandsaur S/S for RE Interconnection [SPV Name- POWERGRID Mandsaur I RE Transmission Limited],Power Grid Corporation of India Limited [POWERGRID],Ministry of Power,Transmission & Distribution,Madhya Pradesh,319.0,319.0,4.8,2026-07,0.3264896659637397,5.108470067411066,0.005295468532321211,0.0,10.779179708919136,16.589256724803043,Green,,-0.6194089271441499
618539,Construction of Ring Road Kanpur from Ch. 32.090 to Ch.51.200 Transganaga to Sathara Package-II B,NHAI,Ministry of Road Transport & Highways,Roads & Highways,Uttar Pradesh,1089.41,1106.92,20.4,2026-07,0.3188088490557314,5.708494703203187,0.010865681255240619,-6.010473445085897,9.525267109521861,16.483726515548604,Green,,-1.191124342805164
617207,Delhi Metro Rail Phase-IV [2 Corridors],Delhi Metro Rail Corporation Limited [DMRC],Ministry of Housing & Urban Affairs,Urban Public Transport,Delhi,8399.81,8399.81,4.31,2026-07,0.3256602407628633,4.136793116638502,0.0030011784629402263,-0.16986675345272137,4.372078423929984,16.433070961290177,Green,,1.5120748741079346
400205,Sahjanwa - Dohrighat 81.17 km,CAOC/NER NER mor,Ministry of Railways,Railways,Uttar Pradesh,1319.75,1319.75,1.0,2026-07,0.11906352962085141,0.5546510440737246,0.2074760549333254,11.298517327118242,91.35833147515214,16.32697922770884,Green,,-2.931468602970483
613804,RPR TAWA-III UG 0.84 MTY,WCL - CIL,Ministry of Coal,Coal,Madhya Pradesh,314.09,314.09,17.78,2026-07,0.3218565038877756,8.025112220965386,0.0004951911964044008,1.229050245632519,5.477592255216671,16.117584754209,Green,,1.542663234645735
705512,Kottavalasa-Koraput 189.278 km,CAO/C/ECOR ECoR mor,Ministry of Railways,Railways,"Multi-States (Andhra Pradesh, Odisha)",2500.0,3580.41,74.0,2026-07,0.25074534398540377,7.992740138708379,0.07001270596167823,30.327235540210516,22.28763869782384,16.0379024973541,Green,,-28.121440649310163
619008,Rehabilitation and Up gradation of Charthana Jintur Section of NH 752 I Km 25100 to 47100 to 2 Lane with Paved Shoulder configuration Flexible Pavement in the state of Maharashtra on EPC mode. Reg- Resubmission of Annual Plan Estimate.,MoRTH,Ministry of Road Transport & Highways,Roads & Highways,Maharashtra,157.69,157.69,51.0,2026-07,0.3134637325568937,10.68647573031067,0.005717365184218776,0.0,5.619121140296252,15.959054887055624,Green,,-1.5408809810019033
618707,Additional works under BM1 to ensure road safety under 6L of Bengaluru Mysuru Access control with close toll from Km.17.300 to Km.136.300 of NH-275,NHAI,Ministry of Road Transport & Highways,Roads & Highways,Karnataka,738.37,738.37,12.67,2026-07,0.29319984297650714,4.072818260163045,0.025503091855191486,-0.19826520275242465,11.662561947462926,15.935146741584932,Green,,1.4702131854202882
400369,BINA KAKRI AMALGAMATION EXPANS,NCL - CIL,Ministry of Coal,Coal,"Multi-States (Madhya Pradesh, Uttar Pradesh)",836.42,836.42,92.05,2026-07,0.2997612056810938,-3.190303480550019,0.01770042772539923,2.78615397344891,67.46042822335805,15.873081670324652,Green,,1.467690761846164
619191,Kanpur LPG Bottling Plant,Bharat Petroleum Corporation Limited [BPCL],Ministry of Petroleum & Natural Gas,Oil & Gas,Uttar Pradesh,202.0,202.0,62.5,2026-07,0.2871025165618031,3.4942131797020517,0.02685619998311357,2.3853193629566047,29.96975519515486,15.697935827245832,Green,,-9.063142913932857
615192,GOKUL EXTENSION OC MINE,WCL - CIL,Ministry of Coal,Coal,Maharashtra,309.58,309.58,8.44,2026-07,0.308394244441177,6.150150177096072,0.002109420010047757,4.005583286065079,22.631490813627515,15.525183222561239,Green,,1.0444383238388522
615183,KHADIA EXPANSION [10 TO 16 MTP,NCL - CIL,Ministry of Coal,Coal,"Multi-States (Madhya Pradesh, Uttar Pradesh)",491.67,491.67,57.12,2026-07,0.30158740195371825,-0.6684211956651107,0.006277534652168967,3.117308228008295,17.46938774810648,15.39324683029436,Green,,-0.23596415825741524
834015,Stamp Charge Battery No.12 By-product Plant at RSP,Steel Authority of India Limited (SAIL,Ministry of Steel,Steel,Odisha,1140.07,1140.07,22.59,2026-07,0.23006184459411444,2.6779471402886648,0.07766468915835718,-0.16617777788555857,15.881925587959953,15.38632668762358,Green,,
616586,Bangriposi - Gorumahisani 85.60 km PB9/SECR/2023-24,CAO/C/SER SER mor,Ministry of Railways,Railways,"Multi-States (Odisha, West Bengal)",2269.49,2269.49,2.0,2026-07,0.05139509360847225,1.9425944165447302,0.2561401481239225,5.812629294031017,12.668390999513436,15.376762086619738,Green,,5.629614019945931
616841,Pushkar - Merta Katyasani 51.346 km,CAOC/NWR NWR mor,Ministry of Railways,Railways,Rajasthan,799.64,799.64,7.0,2026-07,0.27561128862897694,3.279315966485583,0.030931410208886803,6.183837959722701,19.109085207660517,15.327134941893187,Green,,-14.955263581245385
706854,Boridand-Ambikapur 118.81 km Umbrella work PB57/2019-20/NR,CAOC/SECR SECR mor,Ministry of Railways,Railways,Chhattisgarh,1376.0,1576.72,38.0,2026-07,0.02708102101779567,-3.0033442016675393,0.2781840103374176,3.9848065852996988,18.453630441543716,15.263251567760664,Green,,11.809164689152931
400247,"Kalinarayanpur-Krishnanagar with Krishnanagar-Shantipur-Nabadwipghat - GC, Krishnanagar-Chartala, MM for Krishnanagar-Chapra-NL, Naihati-Ranaghat-3rd line, Nabadwipghat-Nabadwipdham upto BB loop 9.58 km, Ranaghat-Lalgola- strengthening bridge No.2",CAOC/ER ER mor,Ministry of Railways,Railways,West Bengal,1000.0,2153.91,49.0,2026-07,0.23642915368155368,11.43638382193878,0.06827866850550103,70.71908950715849,118.11230319480251,15.235391109352737,Green,,-63.65877434541791
705513,Koraput-Singapur Road 164.56 km,CAO/C/ECOR ECoR mor,Ministry of Railways,Railways,Odisha,2362.0,2462.17,56.0,2026-07,0.18885483973131129,8.336973079734626,0.11534538462299915,11.41519833365539,43.32901484643838,15.210011217715522,Green,,-38.06261527403663
108841,"Amended BharatNet Program - KTK, GOA, PY",Department of Telecommunications,Department of Telecommunications,Telecommunication,PAN India,3742.0,3742.0,8.15,2026-07,0.2985145696180268,2.0714767930709073,0.0010233628327642747,-0.8850760944856745,4.787429397931361,14.976896622539554,Green,,-0.8118504609823347
617902,construction or By-pass road on NH-26 for Nabrangpur Town,MoRTH,Ministry of Road Transport & Highways,Roads & Highways,Odisha,168.95,168.95,38.0,2026-07,0.29449013309415306,5.242724571223772,0.003520955487824351,0.0,-0.45652601376915436,14.90055442909887,Green,,-1.5984551217998284
298178,"Meja Thermal Power Project, Stage-II , (3x800 MW)",National Thermal Power Corporation [NTPC],Ministry of Power,Electricity Generation,Uttar Pradesh,38358.0,38358.0,0.02,2026-07,0.27340949817005195,0.6496965334544046,0.017684829178131897,1.0804211107223807,11.47559674444633,14.554716367409192,Green,,
617945,Balance work of NH-66 from design Km 84/00 to Km 87/100 Indapur Bypass and Km 91/600 to Km 99/100 Mangaon Bypass to four lane with paved shoulder in State of Maharashtra under NHO on EPC Mode.,MoRTH,Ministry of Road Transport & Highways,Roads & Highways,Maharashtra,354.21,354.21,67.16,2026-07,0.27524591039888463,4.172962934737276,0.01505540023876068,0.0,7.443413846171063,14.515065531882264,Green,,3.907783786655635
701398,Nardave Medium Irrigation Project,Department of water resources-MH - II,"Department of Water Resources, River Development & GR",Water Resources,Maharashtra,211.46,781.85,75.0,2026-07,0.2706088563365112,3.8816674994082576,0.019424474193384896,11.54608507026966,193.05144469347118,14.501666526494805,Green,,2.8462674545724145
617920,Widening and Strengthening to 2LPS including LA from km 318.970 to 353.450 Balikuda-Mulkani Section of NH-55 under NHO in Annual Plan 2022-23 in the State of Odisha. Job No. NH-55-OD-2022-23-656,MoRTH,Ministry of Road Transport & Highways,Roads & Highways,Odisha,511.54,511.54,3.0,2026-07,0.2755092337614667,5.838758434952402,0.013496631795455937,0.034767931332404634,-0.13296999475346627,14.450293277846132,Green,,-0.058533558555343035
619187,"Slope protection and landslide mitigation at 4 vulnerable locations km 1.950 to Km 2.100, km 11.100 to 11.450, km 22.435 to km 22.485 and km 22.610 to km 22.680 within Sevoke-Rangpo section of NH-10 old NH-31A in Darjeeling & Kalimpong district in the State of West Bengal on EPC mode",NHIDCL,Ministry of Road Transport & Highways,Roads & Highways,West Bengal,152.27,152.27,34.47,2026-07,0.259169918538004,5.170467546274693,0.02788469922919511,0.0,5.885182854278477,14.352730888359954,Green,,3.7932727258526544
709815,4th line - Bhatapara-Hathband 8.8 km PB72/NR/2022-23,CAOC/SECR SECR mor,Ministry of Railways,Railways,"Multi-States (Chhattisgarh, Maharashtra)",177.03,177.03,3.0,2026-07,0.2767574870309613,7.280354144001124,0.00844867432994055,2.4912962921287782,128.1426361465651,14.260308068045093,Green,,-23.465560121107416
615347,TRANSMISSION SYSTEM FOR EVACUATION OF POWER FROM POTENTIAL RENEWABLE ENERGY ZONE IN KHAVDA AREA OF GUJARAT UNDER PHASE-V [8 GW] PART A [SPV Name POWERGRID West Central Transmission Limited],Power Grid Corporation of India Limited [POWERGRID],Ministry of Power,Transmission & Distribution,"Multi-States (Gujarat, Maharashtra)",24819.0,24819.0,18.56,2026-07,0.26866316444360905,2.702073584377494,0.01634904736712652,0.0,14.56094291155974,14.250610590536777,Green,,2.2726124910365844
616843,Ajmer-Chanderiya section 178.28 km Umbrella work PB57/2019-20/NR,CAOC/NWR NWR mor,Ministry of Railways,Railways,Rajasthan,1634.79,1634.79,23.0,2026-07,0.27212685655201224,6.484960161570014,0.012828293129169065,6.502668556002799,14.746599978848884,14.247757484059065,Green,,-24.993083909763634
400178,DINESH[MAKARDHOKRA-III] OC,WCL - CIL,Ministry of Coal,Coal,Maharashtra,822.88,822.88,40.63,2026-07,0.2771656152107568,6.590799784310817,0.006903640982171203,8.84843833012315,16.951602319421422,14.2034628096464,Green,,-1.3013302654942631
613787,Jamrani Dam Multipurpose Project,Irrigation-UK,"Department of Water Resources, River Development & GR",Water Resources,Uttarakhand,2584.1,2584.1,26.22,2026-07,0.2028484294563381,3.1177723609535253,0.07739588036711048,13.218045069991268,21.653304094358734,14.01221549117243,Green,,-2.7335162079730857
619312,Bulk Loading Hub- Kanpur,Bharat Petroleum Corporation Limited [BPCL],Ministry of Petroleum & Natural Gas,Oil & Gas,Uttar Pradesh,186.0,186.0,62.5,2026-07,0.2546208889673836,2.46143326230954,0.024819617695553405,2.0543172477068294,19.95722286705071,13.972025333146851,Green,,-3.8127153506864726
613794,PARASEA-BELBAID UG PROJECT,ECL - CIL,Ministry of Coal,Coal,West Bengal,389.1,389.1,22.26,2026-07,0.27644054213632374,3.735990345364244,0.0012366427124756454,2.3978123064214643,10.605865815131333,13.88385924243997,Green,,4.040344314904308
709798,Ethylene Cracker Project at Bina Refinery including downstream Petrochemical Plants and expansion of Refinery,Bharat Petroleum Corporation Limited [BPCL],Ministry of Petroleum & Natural Gas,Oil & Gas,Madhya Pradesh,43367.0,43367.0,33.5,2026-07,0.26856284259053004,5.114749588201795,0.006763304215794819,-1.4335495261354763,12.610070310703898,13.766307340316242,Green,,-7.584530251233794
619026,KPSIII HVDC Transmission Limited,Adani Transmission Limited,Ministry of Power,Transmission & Distribution,Gujarat,19000.0,19000.0,1.0,2026-07,0.269183685375442,2.6759146295256278,0.00409232283798118,-0.33924456368600425,8.689384382942569,13.66380041067116,Green,,-1.921966292503818
400115,Bargi Diversion Project Phase - IV [km. 154 to km 197],Water Resources-MP,"Department of Water Resources, River Development & GR",Water Resources,Madhya Pradesh,751.03,893.35,75.0,2026-07,0.22215973388612917,6.357627951953725,0.049332212919533776,7.517689467453872,44.23248450596568,13.574597340283148,Green,,0.0
618066,Construction of Amethi bypass Part-II at km.30.050 of NH-931 under EPC mode in the state of Uttar Pradesh,MoRTH,Ministry of Road Transport & Highways,Roads & Highways,Uttar Pradesh,283.86,283.86,48.0,2026-07,0.2528310613851481,5.3459129756060575,0.017213100073384793,-0.0022262249296718,-0.4146048048387775,13.502208072926644,Green,,6.185823836956773
618542,4L of existing Wayul Ganderbal Pandach Soura section of old NH-1 as a part of Srinagar Ring Road Phase IIA,NHAI,Ministry of Road Transport & Highways,Roads & Highways,Jammu and Kashmir,827.98,827.98,0.02,2026-07,0.2534621827627827,2.5111720010626644,0.014191732758622429,-2.8418890898833253,57.45013270165073,13.382695776070259,Green,,-1.3170706317255991
618150,Rehabilitation and Up-gradation of i. Deogaon phata to Digras phata Ch. 0/000 to 15/000 & Selu to Borgavhan Ch 20/900 to 35/800 [Length 29.9km] ii. Injegaon Dhamoni to Pohner Phata Ch.58/200 to Ch. 83/700 [Length25.5 km] and iii. Pohner phata to Pathri Design Ch. 42/700 to 58/200 [Length 15.5 km] sections of NH-548B to Two lane with paved shoulder configuartion in the state of Maharashtra on EPC mode Total project length 70.9 Km.,MoRTH,Ministry of Road Transport & Highways,Roads & Highways,Maharashtra,761.83,761.83,15.0,2026-07,0.24967153582251683,5.23326641691516,0.015441406936577189,0.0,3.7970039741982142,13.255647137954702,Green,,0.9872480550978313
617818,"City Gas Distribution [CGD] Project in Gajapati, Kandhamal, Boudh, & Sonepur GA",GAIL Gas,Ministry of Petroleum & Natural Gas,Oil & Gas,Odisha,514.91,514.91,5.8,2026-07,0.009999468983630813,-1.7059634311614151,0.2551107189081251,-0.9542197680454655,64.34431642240554,13.255509394587794,Green,,7.1475228781533335
437130,"Amended BharatNet Program - J&K, LAD",Department of Telecommunications,Department of Telecommunications,Telecommunication,PAN India,1621.0,1621.0,8.28,2026-07,0.2629718501429134,1.8628414315466557,0.0010643372067717747,-1.9779957233444116,4.775951031592276,13.20180936748426,Green,,
618185,Widening to 2LPS from Km 0.000 to 37.850 Except Ex. Km 24.45 to 27.20 of NH-766c Byndoor-Ranebennur Section in the state of Karnataka on EPC Mode under Annual Plan 2022-23 NH-766C-KNT-2022-23-969 dated 30.12.2022,MoRTH,Ministry of Road Transport & Highways,Roads & Highways,Karnataka,394.95,394.95,12.0,2026-07,0.25750052721339184,3.827829184561944,0.005310231956232869,0.0,0.8202525163915189,13.140537958481236,Green,,0.0709124296913064
617412,"Construction of One Tower of Office Complex and another Tower of Residential quarters i/c internal water supply, sanitary installation and all development and bulk services, Horticulture works on EPC Mode-I basis i/c comprehensive operation and maintenance of Civil, E&M services for 7 years after completion of original construction work for Ranga Reddy, Secunderabad, Medchal, AuditI, Audit-II Commissionerates of Central Tax at Khajaguda, Serilingampally, Hyderabad.",Central Public Works Department - CPWD,Ministry of Housing & Urban Affairs,Construction,Telangana,644.0,644.0,26.0,2026-07,0.2464776457248371,6.196167871892631,0.015061529785395059,-3.928118873057128,11.831394352851925,13.076958775511608,Green,,2.6116413888605425
616694,Flyover between Siju & Paradeep coaching yard 7 km PB73/2023-24/NR,CAO/C/ECOR ECoR mor,Ministry of Railways,Railways,Odisha,200.77,200.77,0.0,2026-07,0.25460429527219386,2.3296074103300155,0.0059503585561894124,5.751556773225237,28.162651572531846,13.027732691419164,Green,,4.811643437249206
618312,Widening/lmprovement to 4-Lane with Paved Shoulder from existing road and Greenfield alignment form Design Ch. 62.800 start of proposed Nilambazar/Cheragi Bypass to Design Ch. 87.700 near Chandkhira Village of NH-8 on Silchar-Churaibari in the state of Assam on HAM Mode Package-5,NHIDCL,Ministry of Road Transport & Highways,Roads & Highways,Assam,1258.13,1258.13,14.04,2026-07,0.25305756103186056,1.958445137000319,0.0033484451507766293,0.0,2.3466763525314573,12.82030030913186,Green,,7.166404365569566
613802,KANCHAN OC EXP,SECL - CIL,Ministry of Coal,Coal,Madhya Pradesh,371.04,371.04,58.2,2026-07,0.2538415873708685,5.162246906948875,0.0013661815522883556,6.592147340931138,13.060190297289797,12.760388446157842,Green,,0.31686395847025217
617727,Orvakal Industrial Area,NICDC,"Ministry of Ports, Shipping and Waterways",Real Estate,Andhra Pradesh,2786.0,2786.0,16.22,2026-07,0.1995761556901438,0.5047331645715275,0.05436185350379586,-2.5365101379739836,7.517429029304672,12.696900459696984,Green,,-0.4680129835522173
400177,AMALGAMATED YEKONA I & YEKONA,WCL - CIL,Ministry of Coal,Coal,Maharashtra,727.28,727.28,80.77,2026-07,0.2501494062937854,8.308906352542264,0.0037398468939817704,10.4085623757096,19.07749458671349,12.694462659388359,Green,,-0.22605796636177367
617252,Anand Nagar - Ghughuli via Maharajganj 53.37 km,CAOC/NER NER mor,Ministry of Railways,Railways,Uttar Pradesh,958.27,1501.1,12.0,2026-07,0.18182808557480307,4.0411587670176115,0.0684341509643717,6.593685487853604,57.19697716437415,12.51311182695874,Green,,-10.521788906004682
618249,Widening to 4 lane from km. 108.50 to km 139.00 of NH-135A Pkg-II Jaunpur Akbarpur section on Hybrid Annuity Mode in the state of Uttar Pradesh,MoRTH,Ministry of Road Transport & Highways,Roads & Highways,Uttar Pradesh,1511.57,1511.57,40.0,2026-07,0.22768859983967069,4.562492586709159,0.018141933978250098,-0.0022262249296718,-3.7220190996535982,12.291526690896038,Green,,1.9294407294458154
615185,AMALGAMATED DHANKASA & JAMUNIA,WCL - CIL,Ministry of Coal,Coal,Madhya Pradesh,399.2,399.2,67.13,2026-07,0.24268146794867446,4.6776622533441214,0.0007948743034100615,-1.6609337629223686,12.79277819088712,12.173817112604226,Green,,-2.7844465147696287
400162,BLOCK B EXPANSION [3.5 TO 8.0,NCL - CIL,Ministry of Coal,Coal,Madhya Pradesh,998.71,998.71,51.31,2026-07,0.23187512181839817,3.6974636644239935,0.009444701110609634,5.552090186700331,8.899483587886476,12.06599114645039,Green,,-4.220326228548238
618028,"Construction of Bypass at Kuknoor, Yelburga, Gajendragada of Bhanapur Gaddanakeri section of NH-367 in the State of Karnataka under NHO on EPC mode under Annual Plan 2022-23. NH-367-KNT-2022-23-973 dated 08.02.2023",MoRTH,Ministry of Road Transport & Highways,Roads & Highways,Karnataka,333.96,333.96,36.0,2026-07,0.23708769272251315,6.089494768296245,0.0029027456381789697,0.0,0.2934801009179428,11.999521918034606,Green,,0.5250025878786779
400187,INTEGRATED LAKHANPUR-BELPAHAR-,MCL - CIL,Ministry of Coal,Coal,Odisha,2434.75,2434.75,82.9,2026-07,0.23512976752947215,5.595195761013363,0.0036266770076341377,2.0946516920390543,17.36250360715071,11.937822226855314,Green,,-0.9214733209689232
705728,Mumbai-Ahmedabad High Speed Rail Project- 508 km,National High Speed Rail Corporation [NHSRC],Ministry of Railways,Railways,"Multi-States (Dadra & Nagar Haveli and Daman & Diu, Gujarat, Maharashtra)",108000.0,108000.0,62.16,2026-07,0.1316477988414491,6.362092269636208,0.10626811457441407,4.70871937613172,62.310522315228916,11.895795670793158,Green,,-4.087493398940929
617239,Narkatiaganj-Raxaul-Sitamarhi-Darbhanga & Sitamarhi-Muzaffarpur Sections doubling 256 km Umbrella work PB57/2019-20/NR,CAO/Con/North/MHX ECR mor,Ministry of Railways,Railways,Bihar,4079.95,4079.96,0.0,2026-07,0.023565340235224802,1.0111525838513928,0.2135108941230247,2.0207297031501357,2.94502136303007,11.853811717912475,Green,,4.967079587660197
617950,Construction of Srinivasapura Bypass from existing Km 453.890 Design Ch. 0000 to existing Km 461.450 Design Ch 10080 on NH-69 in the State of Karnataka Under NH O in EPC mode under Annual Plan 2022-23 NH-69-KNT-2022-23-966 dated 22.11.2022,MoRTH,Ministry of Road Transport & Highways,Roads & Highways,Karnataka,204.42,204.42,22.0,2026-07,0.22462847467497252,5.923495931386296,0.009740254151379453,0.0,1.7434383451410929,11.718436441317598,Green,,3.3081015049033997
615188,NEW MAJRI UG TO OC 3 MTY COST,WCL - CIL,Ministry of Coal,Coal,Maharashtra,402.27,402.27,24.17,2026-07,0.2312189382160341,6.612333262089287,0.003066301431083011,2.7147735145364953,18.16730105917402,11.714261982355856,Green,,0.23863544477243437
618016,"Upgradation of Ambikapur Ramanujganj - Garhwa Road NH 343 of Package-I, Rajpuri Khurd Village to Padih Village section from existing km 7.830 to km 57.650 Design Ch. 13.700 to Ch. 62.700 of total length 49.00 km to two lane with paved shoulders under EPC mode in the state of Chhattisgarh",MoRTH,Ministry of Road Transport & Highways,Roads & Highways,Chhattisgarh,397.44,397.44,28.07,2026-07,0.2262701995308604,1.4318599116117905,0.007107591408029544,0.0,0.5651450505135025,11.668889546944497,Green,,-2.427211330134904
660056,Amended BharatNet Program - KL,Department of Telecommunications,Department of Telecommunications,Telecommunication,PAN India,765.0,765.0,1.63,2026-07,0.2322228614573807,1.6208114975205254,0.0006932218004418587,-2.2252732890554126,6.71934153273504,11.645804162891126,Green,,
618137,Rehabilitation and Up-gradation of Jarud - Sirsala section of NH-361F km 59500 to km11500 to Two lane with paved shoulder/ Four Lane in the state of Maharashtra on EPC mode Length 55.5 Km.,MoRTH,Ministry of Road Transport & Highways,Roads & Highways,Maharashtra,540.35,540.35,68.23,2026-07,0.18941080959338366,4.378949564068941,0.04160950483048702,0.0,9.032415083415115,11.551015721193533,Green,,1.756717641861508
400231,NLC Talabira Thermal Power Project,NLC India Limited,Ministry of Coal,Electricity Generation,Odisha,27212.96,27212.96,4.1,2026-07,0.12143000629897344,-1.18051013772573,0.10890818450847786,6.913842184438228,53.07100962221113,11.516909540372565,Green,,1.12549863140781
618934,Guwahati Ring Road in the State of Assam,NHAI,Ministry of Road Transport & Highways,Roads & Highways,Assam,5729.47,5729.47,0.0,2026-07,0.16593195114409826,0.7124352218523428,0.06314725984323682,-1.3874101237976406,16.351198165360117,11.453960549366753,Green,,1.143337227688253
619226,Provision of four bitumen tanks with capacity of 5 TMT each at Visakh Refinery,Hindustan Petroleum Corporation Limited,Ministry of Petroleum & Natural Gas,Oil & Gas,Andhra Pradesh,258.34,258.34,20.2,2026-07,0.218913200759656,-1.631125466029428,0.00956277271183881,-2.2272377167265005,8.113303903226175,11.42379867357474,Green,,-2.133756301483201
617416,"Revised Jharia Master Plan for Dealing with Fire, Subsidence & Rehabilitation of affected families in Jharia Coalfield- Reg.",Bharat Coking Coal Limited [BCCL],Ministry of Coal,Coal,Jharkhand,5940.47,5940.47,34.0,2026-07,0.22512981718682604,3.013042843599709,0.0008308843783613084,-1.7520684983650987,6.356577129899459,11.298035078259367,Green,,-0.004164541286698409
619025,RAJASTHAN PART I POWER TRANSMISSION LIMITED,Adani Transmission Limited,Ministry of Power,Transmission & Distribution,"Multi-States (Madhya Pradesh, Rajasthan, Uttar Pradesh)",25000.0,25000.0,10.0,2026-07,0.1904086951501934,1.0726519388712688,0.032549756687303553,0.386803054668091,8.489382404226342,11.147922591874849,Green,,3.1369253740410876
618309,Widening/lmprovement to 4-Laning and Greenfield alignment with Paved shoulder of Silchar-Badarpur Churaibari section of NH-37 & NH-8 from Design chainage 38.600 End point of proposed Badarpur Bypass to Km. 62.800 Start point of proposed Nilambazar/Cheragi Bypass in the state of Assam on HAM Mode Package-4,NHIDCL,Ministry of Road Transport & Highways,Roads & Highways,Assam,1319.55,1319.55,23.07,2026-07,0.2191985185232484,2.269924798090377,0.002031043575164797,0.0,2.5050324080608743,11.06147810492066,Green,,5.603462641355895
618212,"STABILIZATION OF LAND SLIDE AND SLOPE PROTECTION AT KM 11.00 TO KM 11.08, 29,730 KM TO 30,060 KM, 30,400 KM TO 31,060 KM, 34,750 KM TO 35,300 KM, 38,950 KM TO 39,030 KM & 39,460 KM TO 39,540 KM TWO LOC CLUBBED, KM 40,400 TO KM 40,650, KM 43,500 KM 43,680, 52,460 RISHIKESH - DHARASU ROAD NH-94 ON EPC MODE IN THE STATE OF UTTARAKHAND. NOSE OF LAND SLIDE - 12 NOS",MoRTH,Ministry of Road Transport & Highways,Roads & Highways,Uttarakhand,197.26,197.26,22.0,2026-07,0.21883661602583804,4.70830065900577,0.0013003697030273603,-0.05075505550152246,0.971888671266555,11.00684928644327,Green,,2.8402299522295067
976009,"Amended BharatNet Program - ARP, NGL, MNP",Department of Telecommunications,Department of Telecommunications,Telecommunication,PAN India,1168.0,1168.0,0.61,2026-07,0.2155855415023273,1.6208114975205254,0.0007874176355260736,-2.919559225287193,6.71934153273504,10.818647956892669,Green,,
616857,Doubling between Motumari Vishnupuram 88.81 km and Rail over Rail RoR at Motumari 10.877 Km,CAO/C/SCoR SCoR mor,Ministry of Railways,Railways,"Multi-States (Andhra Pradesh, Telangana)",1595.55,1595.55,22.0,2026-07,0.0775477430271888,2.2693150325791356,0.137765588763982,33.80294436548059,10.82882038079551,10.76566658955854,Green,,4.075611399456086
701386,Gosikhurd Project,Department of water resources-MH - II,"Department of Water Resources, River Development & GR",Water Resources,Maharashtra,7196.47,12770.1,72.65,2026-07,0.19400928400863968,-6.294381448761945,0.020305098439950542,5.657109760649121,86.98534169681349,10.71571912242951,Green,,0.11441852938531127
616223,ADASA UG TO OC MINE,WCL - CIL,Ministry of Coal,Coal,Maharashtra,316.0,316.0,86.49,2026-07,0.21141103130198718,5.910020101130533,0.0021274292850899097,10.612984641184191,15.33126117290135,10.676923029353855,Green,,0.0
705741,Jeypore - Navarangpur 38 km,CAO/C/ECOR ECoR mor,Ministry of Railways,Railways,Odisha,748.0,747.91,1.0,2026-07,0.14309407269644786,-0.6233042518187,0.07008098766786014,5.314016044987182,28.032418813597754,10.6587530182154,Green,,-12.287905366439219
617375,North Eastern Region Expansion Scheme-XXIII [NERES-XXIII],Power Grid Corporation of India Limited [POWERGRID],Ministry of Power,Transmission & Distribution,Arunachal Pradesh,209.38,209.38,3.89,2026-07,0.2100526733960565,-4.278663643878364,0.002504767630039972,-7.855994401440844e-06,25.967336941193167,10.627872051304823,Green,,0.3318519017611692
618244,Construction of Raebareli Ring Road Phase-2 with four Lane configuration for Raebareli City in the state of Uttar Pradesh on Hybrid Annuity Model HAM basis,MoRTH,Ministry of Road Transport & Highways,Roads & Highways,Uttar Pradesh,1273.72,1273.72,55.0,2026-07,0.17007346686489996,3.787997223796674,0.038898727878573396,-0.0022262249296718,-1.0199747850127165,10.448609737173669,Green,,0.9959792751604049
618252,"Improvement and Up-gradation to two Lane with Paved Shoulder/Four Lane configuration from existing Km 130.000 to Km 191.000 design km 131.500 to Km 188.735, Design length 57.235 Km of NH-227A near Barhalganj to Mehrauna Ghat in the state of Uttar Pradesh on Hybrid Annuity Model HAM basis",MoRTH,Ministry of Road Transport & Highways,Roads & Highways,Uttar Pradesh,974.19,1344.61,58.0,2026-07,0.19283333882015474,4.608614371830997,0.014999973464816485,1.1952649438761154,1.2783050797091795,10.391665614248561,Green,,4.794075516363659
400172,CHITRA EAST OC,ECL - CIL,Ministry of Coal,Coal,Jharkhand,513.99,513.99,53.03,2026-07,0.20527730862161025,3.429725226966898,0.0011984247299424047,-1.6547206399504224,7.433756247918506,10.323786667577634,Green,,-1.5255553047202213
617819,"City Gas Distribution [CGD] Project in Kondagaon, Bastar, Sukma, Narayanpur, Bijapur & Dantewada GA",GAIL Gas,Ministry of Petroleum & Natural Gas,Oil & Gas,Chhattisgarh,557.04,557.04,2.2,2026-07,0.011780306080992542,-3.7590482769082096,0.1944318077310456,2.086778378141238,72.60226333336605,10.310605690601907,Green,,1.485028610333563
618243,Construction of Basti Ring Road Phase-I with 4L configuration for Basti City in the state of Uttar Pradesh on HAM mode,MoRTH,Ministry of Road Transport & Highways,Roads & Highways,Uttar Pradesh,1138.72,1138.72,36.67,2026-07,0.19387808525203135,4.289377540283422,0.01079581931068896,-0.0022262249296718,-2.5751612727465747,10.233695228136016,Green,,0.8364732332354166
617927,Widening to 2LPS between Km 0/0 to 56/0 Khokhara Gujarat Border Vijayanagar Antrasuba Mathasur road of NH 58 in the State of Gujarat,MoRTH,Ministry of Road Transport & Highways,Roads & Highways,Gujarat,699.19,699.19,36.0,2026-07,0.19648492346918967,3.354318146340535,0.007065070158705325,0.0,-0.21550875677991305,10.17749968139475,Green,,5.474389349133412
618101,Kondamodu to Perecherla Section Design Ch. Km 000 to Km 49917 of NH-167AG to to 4LPS,MoRTH,Ministry of Road Transport & Highways,Roads & Highways,Andhra Pradesh,881.61,881.61,37.95,2026-07,0.17896622232375883,3.994411710025162,0.023871777762633165,-0.03142888808403597,0.17719717916001432,10.1419000043196,Green,,0.5429385868677361
615858,Kalyanikhani Opencast Project,Singareni Collieries Company Limited [SCCL],Ministry of Coal,Coal,Telangana,384.32,384.32,77.0,2026-07,0.19494575459314328,0.16616012285676157,0.007397573174943103,-0.40970608950246623,18.019489621786587,10.11716638840432,Green,,-0.6863153700083373
611970,Samlaya-Timba Road 53.53 km,CAOCWR WR mor,Ministry of Railways,Railways,Gujarat,670.17,670.17,25.0,2026-07,0.18947865707318856,0.40286525848344673,0.012484658852414756,3.041721976439429,10.232200327991915,10.098165796280165,Green,,-5.463047411449953
619225,Installation of Compression facility at GAIL Usar,Gas Authority of India Limited [GAIL],Ministry of Petroleum & Natural Gas,Oil & Gas,Maharashtra,260.2,260.2,0.0,2026-07,0.18575748281310256,3.1326812100091876,0.015617324651935235,5.263389145778172,20.215788711901975,10.06874037325189,Green,,-26.009424794083472
615862,Goleti Opencast Mine,Singareni Collieries Company Limited [SCCL],Ministry of Coal,Coal,Telangana,345.6,345.6,33.0,2026-07,0.1990787200122304,11.333071718147464,0.001850422662615736,-2.1664296290785767,6.584218546291468,10.046457133742306,Green,,-1.0994352105862788
701396,Lower Pedhi Project,Department of water resources-MH - II,"Department of Water Resources, River Development & GR",Water Resources,Maharashtra,255.97,1480.7,65.0,2026-07,0.16441928392951732,8.018551480223051,0.036442336503069155,14.272801532798985,197.25216224861543,10.043081021629325,Green,,2.331194272128668
616695,Construction of Paradeep- Badabandha 3rd & 4th line 18.51 km PB34/ECOR/2023-24,CAO/C/ECOR ECoR mor,Ministry of Railways,Railways,Odisha,300.15,300.15,7.0,2026-07,0.18776021775382,1.3777694949977617,0.012281540129282323,3.6505139276041123,14.536585238484946,10.002087894155116,Green,,4.010811112366475
400023,Construction of New BG line between Hassan to Belur [27 Km],South Western Railway [SWR] - II,Ministry of Railways,Railways,Karnataka,749.0,749.0,0.5,2026-07,0.1639322348514087,-2.9151298183265677,0.03342230381074227,6.588499055207185,32.92123448514824,9.867726933107548,Green,,4.278558460958732
618004,Construction of Bhabhua Bypass from Ch. 10800Design Ch. 10800 to Ch. 19860 Design Ch. 18150 and Chand Bypass from Ch. 38060 Design Ch. 36250 to Ch. 40460 Design Ch. 38650 and widening of existing road to 2 - lane with Paved shoulder from Ch. 40460 Design Ch. 38650 to Ch. 46860 Design Ch. 45050 of NH-219 Total length- 16.150 Kmunder EPC mode in the state of Bihar,MoRTH,Ministry of Road Transport & Highways,Roads & Highways,Bihar,179.86,179.86,2.0,2026-07,0.1929173561860178,3.515486009584026,0.0026060115747500705,-0.0015356830334386992,3.5148892740785302,9.776168388038393,Green,,-0.5814142211692541
613801,MAHAMAYA OCP [1.50 MTY],SECL - CIL,Ministry of Coal,Coal,Chhattisgarh,410.26,410.26,54.6,2026-07,0.19172574083335758,-2.6922069785850007,0.0018793564357281055,0.3063433651003464,9.799561727262844,9.680254863454286,Green,,0.08855886953048575
616701,Lumding-Furkating section 140 km Umbrella work PB57/2019-20/NR,CAO/C-1/NFR NFR mor,Ministry of Railways,Railways,Assam,2123.7,2123.7,1.0,2026-07,0.10920151381359902,4.297226733018586,0.07999646652389078,5.4895515959953425,12.612708919594201,9.45989901687449,Green,,-1.6066888812617925
619030,Inter-Regional Strengthening between SR Grid and ER Grid,Power Grid Corporation of India Limited [POWERGRID],Ministry of Power,Transmission & Distribution,"Multi-States (Andhra Pradesh, Odisha)",2722.5,2722.5,3.0,2026-07,0.15346135247109377,3.3570142199301585,0.03336391761292284,0.00022262249296718,17.335217227239646,9.34126350420083,Green,,2.703651273078213
617764,North Dhadu Western Part OCP,NLC India Limited [NLCIL],Ministry of Coal,Coal,Jharkhand,1354.2,1354.2,40.0,2026-07,0.18539366313455916,5.544924725473658,0.0006006301708767806,-3.972641667257095,7.185027093679404,9.299714665271797,Green,,0.9525545433508054
619022,"Metro connectivity from Millennium City Centre to Cyber City with Spur to Dwarka Expressway, Gurugram.",Gurugram Metro Rail Limited [GMRL],Ministry of Housing & Urban Affairs,Urban Public Transport,Haryana,5452.72,5452.72,10.05,2026-07,0.13631298593803803,2.3377683586161524,0.048845245591570864,-3.861856352019012,10.678797354512254,9.257911576480444,Green,,-0.41996061193295553
617987,Nandyala-Kurnool/Kadapa Border section of NH-167K i.e. Km 186/000 to Km 250/000Design Ch.186000 to 248010 to 2LPS,MoRTH,Ministry of Road Transport & Highways,Roads & Highways,Andhra Pradesh,691.81,691.81,49.71,2026-07,0.1550429633064911,1.5033582471202454,0.029789641106687786,-0.0022262249296718,2.400160816851263,9.241630220658942,Green,,1.7148109527926927
618107,Upgradation of Mehsana-Visnagar-vadnagar-Kheralu-Idar section from km 0/00 to 81/300 of NH 168G Mehsana to Idar in the State of GujaratTotal Length 81.300 Km on Hybrid Annuity Mode HAM,MoRTH,Ministry of Road Transport & Highways,Roads & Highways,Gujarat,1155.21,1155.21,23.0,2026-07,0.16683358705076032,2.7469359266470352,0.015291924074570414,0.0,-0.06287513370983207,9.106275556266537,Green,,-0.450229370601944
400185,GOPALJI KANIHA OCP [10 TO 30 M,MCL - CIL,Ministry of Coal,Coal,Odisha,8416.19,6107.87,35.8,2026-07,0.14215494271736875,3.4339944790044337,0.039122035700782445,15.329588757186054,23.73271905958992,9.06384892090756,Green,,0.6811751131906316
938832,Amended BharatNet Program - RJ,Department of Telecommunications,Department of Telecommunications,Telecommunication,PAN India,2839.0,2839.0,0.0,2026-07,0.1795991475356272,1.2824084807272222,0.001611064194306234,0.31200394042493707,7.188725593298866,9.06051058649667,Green,,
618288,"Widening/lmprovement to 4-Lane with Paved Shoulder from Ch.5.580 Km to Ch.25.633 Km Design Ch.0.000 Km to Ch.17.737km Km 901.100 to Km 921.145 of old NH-31 of Bilasipara- Guwahati road NH-17 Section Near Chirakuta to near Mowatari, before Chapar Bypass in the state ol Assam on HAM mode Package-1",NHIDCL,Ministry of Road Transport & Highways,Roads & Highways,Assam,1081.15,1081.15,35.0,2026-07,0.17880500128256777,2.5810276241961203,0.0019144483213267647,0.0,2.4854214585349914,9.035972480194726,Green,,3.1493018415499616
617986,Kurnool/Kadapa Border-Jammalamadugu section of NH-167K i.e. Design Ch. Km 248010 to km 269900 to 2,MoRTH,Ministry of Road Transport & Highways,Roads & Highways,Andhra Pradesh,292.63,292.63,95.77,2026-07,0.15219827692455012,2.280378149853492,0.027165034445325854,-1.100052845810938,5.407879181823098,8.968165568493799,Green,,1.1576076309121905
618323,Construction of Twin Tube Uni-directional Aizawl Bypass Tunnel of 2.5 km and its approaches of 2.1 km from km 10.600 to km 15.200 on Sarrang - Phaibawk section of NH-6 in the State of Mizoram on EPC Mode under NHO-NE Package-2,NHIDCL,Ministry of Road Transport & Highways,Roads & Highways,Mizoram,1313.28,1313.28,0.0,2026-07,0.17339998095235204,1.6853896362456489,0.0025635298669725525,0.011728053694335033,4.143721217176262,8.79817554096623,Green,,-0.7840087995494809
400180,BONJEMEHARI EXPANSION OCP,Eastern Coal Fields Limited [ECL],Ministry of Coal,Coal,West Bengal,570.11,570.11,17.13,2026-07,0.1734378392831698,17.90528554147863,0.0024310024247408014,0.5056520998821595,4.121852658130074,8.793442085395531,Green,,-0.07145801715618738
619009,Upgradation to Two Lane with Paved Shoulders from Km 0.000 to Km 41.920 Green Field Alignment of Gowrelly to Valigonda Section of NH-930P in the State of Telangana on EPC Mode under Annual Plan 2022-23,MoRTH,Ministry of Road Transport & Highways,Roads & Highways,Telangana,690.33,690.33,0.0,2026-07,0.15781584638737042,5.8212727280160514,0.01789509246864378,0.028331292969142937,3.791886223031308,8.78554694280071,Green,,0.0
618174,Rehabilitation and Upgradation to two lane with paved shoulder configuration of NH- 752G from Sakri to Pimpalner Section Design Ch km 0000 to Ch km 21411 in the state of Maharashtra on EPC Mode. Length 21.411 km.,MoRTH,Ministry of Road Transport & Highways,Roads & Highways,Maharashtra,226.58,226.58,100.0,2026-07,0.16735296390726345,-2.011058991651994,0.006644803378866288,-0.0015356830334386992,5.904825260935287,8.699888364306487,Green,,4.566340291986263
618287,"Widening/Improvement to 4-Lane with paved Shoulder from Ch. 25.633 Km to Ch. 52.470 Km Design Ch. 21.850 Km to Ch.48.670 Km for Package-2 of Bilasipura- Guwahati road NH-17 Section Near Mowatari, before Chapar Bypass to Tulungia junction with NH-17 in the state of Assam on HAM mode under NHO-NE Package-2",NHIDCL,Ministry of Road Transport & Highways,Roads & Highways,Assam,1338.61,1338.61,12.45,2026-07,0.16836549883348287,3.1017533661025296,0.002693984231331847,0.0,2.3466763525314573,8.552974153240736,Green,,0.8259382912764917
701172,AIIMS Darbhanga,PMSSY AND Institute of NATIONAL Importance,Ministry of Health & Family Welfare,Healthcare,Bihar,2006.07,2006.07,1.12,2026-07,0.10684200429318091,0.18638203046776558,0.06185234833490628,2.8951961831755564,23.241556890694717,8.434717631404359,Green,,-46.72125807198056
400153,EPR ROHINI - KARKETTA OCP,Ministry of Coal,Ministry of Coal,Coal,Jharkhand,995.57,995.57,24.02,2026-07,0.16631429823981334,5.256662427462527,0.0014463412023458428,-4.732001868562631,6.633712527069982,8.38803197210796,Green,,1.0402786787073062
616253,BLOCK E OCP,BCCL - CIL,Ministry of Coal,Coal,Jharkhand,5850.83,5850.83,4.18,2026-07,0.14589937874244346,4.801778951023658,0.020668991856541058,0.5325312621921306,8.472768996064836,8.328418529949227,Green,,0.0
478482,Stamp Charge Battery No.7 Coke Dry Cooling Plant at RSP,Steel Authority of India Limited (SAIL,Ministry of Steel,Steel,Odisha,1064.55,1064.55,0.0,2026-07,0.028258823414205124,0.37886711224226577,0.13619674649082317,0.5370571894726474,15.56005553452744,8.222778495251415,Green,,
946208,Amended BharatNet Program - SKM,Department of Telecommunications,Department of Telecommunications,Telecommunication,PAN India,160.0,160.0,0.0,2026-07,0.16213173245075505,0.7291022408204898,0.0022524559180178874,-2.450232296366614,4.637516903077124,8.219209418438647,Green,,
618331,lmprovement to 4-Lane with Paved Shoulder from existing km 260000 Design Ch.4560 km to existing km Ch.233000 D. Ch.24560 of Silchar near Nutan Dayapur village - Budha Nagar Section Length-20.00 Km of NH-37 under Package Silchar- Jiribam Pkg-1 in the state of Assam on HAM Mode,NHIDCL,Ministry of Road Transport & Highways,Roads & Highways,Assam,957.95,957.95,47.27,2026-07,0.15533754884595447,0.8150080424758726,0.008035913855353311,0.0,2.584978011601383,8.16867313506539,Green,,4.343465675684443
400173,MOHANPUR EXPANSION OC -PHASE I,Eastern Coal Fields Limited [ECL],Ministry of Coal,Coal,West Bengal,888.99,888.99,31.52,2026-07,0.15887090857763667,18.60416331206755,0.0023561613598346064,0.5056520998821595,5.0015981665492495,8.061353496873563,Green,,2.776559705849764
400186,TILABONI UG,ECL - CIL,Ministry of Coal,Coal,West Bengal,749.08,749.07,12.14,2026-07,0.15927202658031261,3.656326892812383,0.0008425301933051791,1.4738340415798639,1.9538762317322593,8.00572783868089,Green,,0.7968216515557822
702626,Indore Metro Rail Project,Madhya Pradesh Metro Rail Co Limited [MPMRCL],Ministry of Housing & Urban Affairs,Urban Public Transport,Madhya Pradesh,7500.8,7500.8,65.48,2026-07,0.14064986784060104,-0.26563166153637835,0.01743992003348046,1.2345057595829634,8.889566320775597,7.904489393704075,Green,,0.48297009350017994
613793,SHYAMSUNDARPUR UG INCLUDING SA,ECL - CIL,Ministry of Coal,Coal,West Bengal,483.65,483.65,16.79,2026-07,0.15573757293969256,2.629186214637846,0.002152038582302955,5.038554936497906,12.082444665732487,7.894480576099776,Green,,-0.38050856621600815
616232,HINGULA II OC EXPN PH III 15 M,MCL - CIL,Ministry of Coal,Coal,Odisha,1561.85,1561.85,33.55,2026-07,0.15732633102022975,2.8946147136875893,0.0003850710429760028,0.3739506505561797,7.944545196152903,7.885570103160287,Green,,1.9534151887324667
400321,NIGAHI EXPANSION [15 TO 25 MTP,NCL - CIL,Ministry of Coal,Coal,Madhya Pradesh,1729.68,1729.68,53.73,2026-07,0.14528533686329498,0.6162910471387042,0.011513717495593932,2.177829809518225,7.843170698542021,7.8399527179444455,Green,,0.6666059470776338
400181,NAKRAKONDA KUMARDIH- B OCP,ECL - CIL,Ministry of Coal,Coal,West Bengal,502.68,502.67,28.58,2026-07,0.1546902822169098,2.596910301633453,0.0020685234080056723,5.362450328784908,9.72089756858842,7.837940281245774,Green,,2.406727350692435
618129,"Construction of Kasrawad bypass, Selani bypass, Khargone bypass & Bistan bypass Total length. 31.950 km Section of NH-347 C to Two lane with paved shoulder configuration in the State of Madhya Pradesh on EPC mode.",MoRTH,Ministry of Road Transport & Highways,Roads & Highways,Madhya Pradesh,467.93,467.93,99.15,2026-07,0.15292409117531194,2.950983057284419,0.0033562629354257486,0.0,10.744878923417891,7.814017705536884,Green,,-2.865420519149941
709799,Setting up Polypropylene Unit at Kochi Refinery,Bharat Petroleum Corporation Limited [BPCL],Ministry of Petroleum & Natural Gas,Oil & Gas,Kerala,4460.0,4850.0,45.2,2026-07,0.06903629317315241,0.46804821167946986,0.08636098242415376,-2.5990335311291437,13.18360425587835,7.769863779865307,Green,,-2.7098202956145236
615187,RPR OF VISHNUPURI UG TO OC,WCL - CIL,Ministry of Coal,Coal,Madhya Pradesh,220.62,220.62,11.2,2026-07,0.1540871895185311,2.2462031820943316,0.0008798436021049226,-0.43658248431384017,5.845004418649759,7.7483516560318,Green,,0.0
619271,Construction of Elevated Corridor at Kherwara Town on Udaipur Ratanpur Shamlaji Section of NH-48 in Udaipur District in the State of Rajasthan on EPC mode,NHAI,Ministry of Road Transport & Highways,Roads & Highways,Rajasthan,363.89,363.89,0.0,2026-07,0.13853093219784862,3.7329370046238006,0.015076921803168707,-1.9120852159210504,45.81098043821825,7.680392700050867,Green,,2.1648857648542226
617971,Up-gradation to Two/Four lane with paved shoulder Configuration of Kondagaon- Narayanpur from design ch. 0.00 - 48.693 Design Length 47.493 Km. 1.20 Km. retained on NH-130D under EPC mode in the State Chhattisgarh.,MoRTH,Ministry of Road Transport & Highways,Roads & Highways,Chhattisgarh,322.4,322.4,70.0,2026-07,0.14433207674751455,2.093639968283252,0.007857080456258476,0.0,0.9446473182879664,7.609457860188651,Green,,1.925471333254774
618206,Widening and Strengthening of Rafiabad-Kupwara-Chowkibal-Tangdhar-Chamkot NH- 701 road from design Ch. From 0000 to 51000 to two lanes with paved shoulders under Project Beacon in the UT of Jammu & Kashmir on EPC mode Package-I.,MoRTH,Ministry of Road Transport & Highways,Roads & Highways,Jammu and Kashmir,1404.94,1404.94,41.7,2026-07,0.14760554357708025,3.7537318622283453,0.002163557333034349,0.0,-0.9378540356137859,7.488455045505731,Green,,2.3491903118747635
617922,Construction of Jharsuguda Bypass including Land acqusition on NH-49 from km 258.636 to km 283.300 design chainage 258.636 to km 289.876 under NHO in Annual Plan 2022-23 for the state of Odisha Job No.NH-49-OD-2022-23-655,MoRTH,Ministry of Road Transport & Highways,Roads & Highways,Odisha,587.1,587.1,25.0,2026-07,0.13180118310417918,2.2603301602537647,0.01784193011267039,0.0,1.9247899147637093,7.482155660842478,Green,,1.1064775854541384
615195,SHARDA UG MINE,WCL - CIL,Ministry of Coal,Coal,Madhya Pradesh,166.25,166.25,9.39,2026-07,0.1485638502223763,1.4730590259617968,0.0005673699903084494,-3.629782956913449,33.6694939876831,7.456561010634238,Green,,-0.15273999027578977
400156,EPR AMRAPALI OCP,CCL - CIL,Ministry of Coal,Coal,Jharkhand,4983.57,4983.57,43.69,2026-07,0.14618111645696777,3.1283695991557585,0.0006906226570105958,-3.2188606509885265,6.579151105770199,7.3435869556989175,Green,,-0.14683957452063012
619004,"Construction of Dubrajpur Bypass with 4-lane configuration of length 5.676 km on NH- 60 new NH-14 from design chainage 0.00 existing km 316.135 on NH-60 to design chainage 5.676 existing km 320.980 on NH-60 in the district of Birbhum, West Bengal under Annual Plan 2022-23 in EPC Mode- reg. Job. No. 014-WB-2022- 23/518 .",MoRTH,Ministry of Road Transport & Highways,Roads & Highways,West Bengal,560.79,560.79,8.0,2026-07,0.1358424032136756,5.319611983601004,0.010551375831043971,-0.0015356830334386992,4.392427190187902,7.319688952235978,Green,,2.163109020176752
615860,Godavarikhani Coal Mine - 5,Singareni Collieries Company Limited [SCCL],Ministry of Coal,Coal,Telangana,607.04,607.04,71.0,2026-07,0.1263340357799543,2.9722067827845104,0.019076156318415523,12.979662954761254,29.341572885395788,7.270509604918492,Green,,0.0
615863,Venkatesh Khani Coal Mine,Singareni Collieries Company Limited [SCCL],Ministry of Coal,Coal,Telangana,484.5,484.5,97.0,2026-07,0.12052681741000701,3.5267705376144676,0.023231236682998913,13.299257972100417,25.696949482601713,7.187902704650297,Green,,0.0
617978,"Rehabilitation, upgradation & widening of existing highway to 2L/4LPS Rigid Pavement of NH 160 section- Phaltan to Mhaishal near Karnataka Border including Tasgaon Bypass, from existing chainage Km 301/430 to Km 458/415 in the State of Maharashtra- Package-II & Package III combined- starting from existing chainage Km 341/300 to Km 394/130 and design chainage Km 340/250 at Dahiwadi Village to Km 392/950 ending at Vita Village in the State of Maharashtra on EPC Mode.",MoRTH,Ministry of Road Transport & Highways,Roads & Highways,Maharashtra,631.76,631.76,85.0,2026-07,0.10159604217564396,0.014335771534081623,0.04176327976744141,0.0,9.74489911007233,7.1679660971542685,Green,,0.5759782233729078
619251,Construction of two lane with paved shoulder of Ghatol Bypass from km 133.250 to km 140.950 of NH-56 old NH No. 113 on EPC mode in the State of Rajasthan.,MoRTH,Ministry of Road Transport & Highways,Roads & Highways,Rajasthan,170.49,170.49,17.0,2026-07,0.14178207170340607,4.06650930973279,0.0014377849193246454,0.0,30.22200970532858,7.160992831136535,Green,,0.3650529027854601
618052,Gorantla - Hindupur section from Km 120/300 to 165/000 of NH716G in the State of Andhra Pradesh,MoRTH,Ministry of Road Transport & Highways,Roads & Highways,Andhra Pradesh,808.7,808.7,37.7,2026-07,0.13263195476420975,2.7193997098433336,0.009402202091472458,-0.032702232792847674,-0.10315143157601546,7.10170784278411,Green,,-0.8195857233747148
462136,"Amended BharatNet Program - MGH, MZM, TRP",Department of Telecommunications,Department of Telecommunications,Telecommunication,PAN India,768.0,768.0,0.0,2026-07,0.1407047466157018,1.640301119821395,0.000817240522958821,-0.9874422858076464,4.670681949742189,7.07609935693303,Green,,
603210,Development of Jodhpur Pali Marwar Industrial Area JPMIA in Rajasthan,National Industrial Corridor Development Corporation,"Ministry of Ports, Shipping and Waterways",Real Estate,Rajasthan,921.66,921.66,6.32,2026-07,0.1358492874251146,1.5003997881011668,0.003915650304428825,-0.82332967542569,9.348917743994573,6.988246886477172,Green,,0.581696468993119
617951,Construction of Chintamani Bypass from Design Ch.0000 Existing Ch.428880 to Design Ch.15400 Existing Ch.444010 on NH-69 in the State of Karnataka in EPC Mode under NHO Annual Plan 2022-23. NH-69-KNT-2022-23-989 dated 24.03.2023,MoRTH,Ministry of Road Transport & Highways,Roads & Highways,Karnataka,314.55,314.55,14.0,2026-07,0.12701887662711903,4.0692407713607395,0.010779610344134941,0.0,1.0548803141227108,6.889924348562698,Green,,0.14186162209617237
400150,RPR MAGADH EXP OCP,Ministry of Coal,Ministry of Coal,Coal,Jharkhand,6964.33,6964.33,39.42,2026-07,0.13550565360486003,2.63288749763127,0.0015419857416629282,-3.9313249039771914,9.250107786710897,6.8523819673261475,Green,,-0.8476989674259281
619027,WRNES Talegaon Power Transmission Limited,Adani Transmission Limited,Ministry of Power,Transmission & Distribution,Maharashtra,2000.0,2000.0,5.0,2026-07,0.11893009318307814,2.466605076990115,0.016988021129890712,-0.2740172939218686,3.4607383312390594,6.795905715648443,Green,,-0.15884520331458862
702625,Bhopal Metro Rail Project,Madhya Pradesh Metro Rail Co Limited [MPMRCL],Ministry of Housing & Urban Affairs,Urban Public Transport,Madhya Pradesh,6941.4,6941.4,62.7,2026-07,0.12769649392751417,-0.5189276801199744,0.008207024375376064,0.8869308521137043,9.437339066828205,6.795175915144512,Green,,0.2629729990398406
400148,AMADAND OCP[4.0MTY],SECL - CIL,Ministry of Coal,Coal,Madhya Pradesh,869.44,869.44,75.15,2026-07,0.13196985478769688,5.101816084532143,0.001880007700562892,-0.1886974126668192,12.802267823757095,6.692493124412989,Green,,-0.0344848500567414
425828,Stamp Charge Battery No.12 Coke Dry Cooling Plant at IISCO Steel Plant,Steel Authority of India Limited (SAIL,Ministry of Steel,Steel,West Bengal,706.51,706.51,11.87,2026-07,0.11558736352551188,1.0513215770200524,0.017121426493575398,2.0326389279820685,9.359932800966819,6.635439500954364,Green,,
611971,Samni-Jambusar 24.08 km,CAOCWR WR mor,Ministry of Railways,Railways,Gujarat,350.0,349.93,40.0,2026-07,0.11362828945776528,0.2497039760045024,0.01877522433210446,2.9270966681565884,13.380212829802652,6.620175689493486,Green,,-5.950612757467532
505491,Installation of 140 TPH Walking Beam type Reheating Furnace in Plate Mill at BSP,Steel Authority of India Limited (SAIL,Ministry of Steel,Steel,Chhattisgarh,268.36,268.36,0.0,2026-07,0.05768199383710412,0.1849310420973481,0.07468221395501931,1.7531173060590592,14.966527405325857,6.618210389606172,Green,,
616839,Gunupur - Therubali new line 73.62 km,CAO/C/ECOR ECoR mor,Ministry of Railways,Railways,Odisha,1165.89,1165.73,0.0,2026-07,0.12298863989246248,0.672566808755935,0.00836060589485895,1.4044097882615827,15.438713196343823,6.5674622893660715,Green,,-4.330963496670659
400315,SONEPUR BAZARI EXPANSION OCP [,Eastern Coal Fields Limited [ECL],Ministry of Coal,Coal,West Bengal,5365.88,5365.88,18.5,2026-07,0.12804188793771848,9.01697555631186,0.0019952441365463616,-0.03863049006805666,1.2361822974289214,6.501856603713242,Green,,-0.4788689982175436
619031,Delhi Metro Rail Phase V A,Delhi Metro Rail Corporation Limited [DMRC],Ministry of Housing & Urban Affairs,Urban Public Transport,Delhi,12014.91,12014.91,5.65,2026-07,0.12421339280855898,3.267628933187206,0.005063912386305254,-1.3037523582773087,3.5060570018011674,6.463865259743211,Green,,-0.38387323455593503
619007,Upgradation of Sarvardewla to Pal MP/MH Border Road section of NH-347 C from Design Chainge km 81.600 to 137.400 Total length 55.80 km to two lane with paved shoulder configuration along with One time improvement of 1 .95 km in the State of Madhya Pradesh on EPC mode.,MoRTH,Ministry of Road Transport & Highways,Roads & Highways,Madhya Pradesh,461.23,461.23,0.0,2026-07,0.12258448340201732,3.3568662629409958,0.0054515106383086626,0.0,2.5948202952219614,6.401799702016299,Green,,1.3666541507405068
364934,Stamp Charge Battery No.12 By-product Plant at IISCO Steel Plant,Steel Authority of India Limited (SAIL,Ministry of Steel,Steel,West Bengal,999.46,999.46,18.72,2026-07,0.11270893002927077,1.7346830945989233,0.015307232596714163,2.892290290318456,5.9281761517305505,6.400808131299246,Green,,
617206,Delhi Metro Rail Phase-IV [Rithala - Kundli Corridor],Delhi Metro Rail Corporation Limited [DMRC],Ministry of Housing & Urban Affairs,Urban Public Transport,"Multi-States (Delhi, Haryana)",6230.99,6230.99,5.36,2026-07,0.12513493050412922,2.5739763046837463,0.002040750082929181,-2.7819652194105844,13.571635770366187,6.358784029352919,Green,,1.4180140438758677
702658,Nagpur Metro Rail Phase II Development Project,Maharashtra Metro Rail Corporation Limited [MMRCL],Ministry of Housing & Urban Affairs,Urban Public Transport,Maharashtra,6708.0,6708.0,42.11,2026-07,0.09431117527204974,1.3656492540246912,0.03187137410302406,2.2685982845824837,2.575054635579393,6.30912746875369,Green,,0.06538849361848342
615918,RPR OF BHANEGAON OC,WCL - CIL,Ministry of Coal,Coal,Maharashtra,405.2,405.2,16.06,2026-07,0.11925220498812983,2.9036458985199065,0.005885141081247801,4.606792277980129,13.001297741615556,6.256867303468881,Green,,0.7513320576715437
618405,"Construction of Intermediate Lane of Pango to Jorging Road from 0000 to Design Km Design Km 40000 Design Length 40.00 Km, Pkg-l, Greenfield Alignment in the State of Arunachal Pradesh on EPC mode Pkg-1",NHIDCL,Ministry of Road Transport & Highways,Roads & Highways,Arunachal Pradesh,898.19,898.19,39.86,2026-07,0.12241506120191462,-0.21568938268869595,0.0020667385819255605,-0.00022143387802893964,4.575246639724837,6.2240899891920085,Green,,2.2517553095811946
618041,Rehabilitation and upgrading to two lanes with paved shoulders and Strengthening of Kotdwar-Pauri-Srinagar road section from Km 232.00 to 274.470 on NH-119 New 534 Paidul to Srinagar in the State of Uttarakhand on EPC Mode under NHO Annual Plan 2021-22.,MoRTH,Ministry of Road Transport & Highways,Roads & Highways,Uttarakhand,299.31,299.31,2.0,2026-07,0.11984035096059314,4.137561561321852,0.004577040950573028,-0.011000567500129147,0.4432701552635528,6.220869595558309,Green,,2.2734449444550804
617877,Phase B Construction of Permanent Campus of IIT Bhilai,"Indian Institute of Technology, Bhilai",Department of Higher Education,Education,Chhattisgarh,1188.97,1188.97,0.0,2026-07,0.10533206640659704,-0.3271452911545859,0.018128395354193725,-0.6758189215759102,10.52770183874084,6.173023088039538,Green,,1.9014096192674668
617828,Siliguri-Jhapa Pipeline Project,Indian Oil Corporation Limited [IOCL],Ministry of Petroleum & Natural Gas,Oil & Gas,West Bengal,267.0,267.0,16.5,2026-07,0.10695474858202311,0.7466071364949406,0.01631847285858574,1.92918591986425,9.167517113937578,6.163661072030443,Green,,-0.9310692120483397
617926,Construction of new 4 lane major bridge with approaches on Sabarmati River near Dharoi at Km. 82/00 to 86/00 Design length 3.300 km on NH-58 in the State of Gujarat on Hybrid Annuity Mode HAM,MoRTH,Ministry of Road Transport & Highways,Roads & Highways,Gujarat,398.4,398.4,53.0,2026-07,0.10998507564717987,3.9777447506674872,0.013214655036169712,-0.0015356830334386992,0.09995105499081057,6.159986534167479,Green,,-0.2671464809885311
617729,Kopparthy Industrial Area,NICDC,"Ministry of Ports, Shipping and Waterways",Real Estate,Andhra Pradesh,2136.0,2136.0,5.39,2026-07,0.09429991865005863,0.9177913527842478,0.02643279669914536,-0.6504435594130533,8.73987512848689,6.0366357674602,Green,,-1.381492808299014
705941,Bangalore Suburban Railway Project,Karnataka Rail Infrastructure Development Company Limited [K-RIDE],Ministry of Railways,Railways,Karnataka,15767.0,15767.0,20.02,2026-07,0.034412171735439485,0.46281851360807674,0.08457137540668007,0.11506772409542122,13.018553473219917,5.949177357105978,Green,,0.38937784695913535
615199,KOLGAON EXPANSION DEEP OC MINE,WCL - CIL,Ministry of Coal,Coal,Maharashtra,198.71,198.71,3.93,2026-07,0.11717658705578149,5.037922645876699,0.0010006737498411155,4.583724838322007,11.832326710047145,5.90886304028113,Green,,-0.8360520849775739
617822,ATF Pipeline from BPCLs Malkapur POL Installation to Hyderabad International airport,Bharat Petroleum Corporation Limited [BPCL],Ministry of Petroleum & Natural Gas,Oil & Gas,Telangana,215.0,215.0,29.1,2026-07,0.11296090555809142,2.321656629154927,0.005188561853867552,-0.6786116515499773,8.760533482183417,5.907473370597948,Green,,-6.37950173181237
618250,Construction of 6-Lane Elevated / Extra Dose Cable Bridge on River Ganga parallel to & Western side of Digha-Sonepur Rail cum-Road Bridge of NH 139W in the State of Bihar,MoRTH,Ministry of Road Transport & Highways,Roads & Highways,Bihar,3064.45,3064.45,18.66,2026-07,0.11098426427369974,2.4375508433502784,0.007121292744647666,0.0,-0.47935590576312787,5.90527785091737,Green,,-0.06351647734175092
618047,"Widening, Reconstruction & Up-gradation to 2 lane with Paved Shoulder/Four Lane configuration for the work of Ahmednagar to Sabalkhed & Ashti to Chinchpur Section of NH-561 from Design km 2915 to km 37728 & Design km 55100 to km 70000 in the State of Maharashtra on EPC mode. Length 49.713 km",MoRTH,Ministry of Road Transport & Highways,Roads & Highways,Maharashtra,657.16,657.16,88.56,2026-07,0.07889428063907822,1.8187717629448263,0.037574712928124664,0.0,7.305799820553282,5.823449678360144,Green,,-1.159310204435636
317725,Amended BharatNet Program - OD,Department of Telecommunications,Department of Telecommunications,Telecommunication,PAN India,1713.0,1713.0,0.0,2026-07,0.11331679434575413,1.438862774184222,0.003138131677519563,0.3638867404047295,4.842767044923697,5.822746301163685,Green,,
616699,Multi tracking of Son Nagar-Andal 374.53 rkm & 814.38 tkm PB34/ECOR/2023-24,CAO/Con/South/MHX ECR mor,Ministry of Railways,Railways,"Multi-States (Bihar, Jharkhand, Uttar Pradesh, West Bengal)",12333.57,12333.57,3.0,2026-07,0.10257624012343486,3.0101171444842416,0.012000428127046152,6.451512950498674,8.822331814934051,5.728833412524051,Green,,-14.851317796268148
617923,Construction of Daspalla Bypass from km 195.250 To 200.635 of NH-57 including land acquisition in the state of Odisha on EPC mode under Annual Plan 2022-23.,MoRTH,Ministry of Road Transport & Highways,Roads & Highways,Odisha,155.97,155.97,25.0,2026-07,0.11049539742381738,3.55599976865375,0.003781772454611952,0.020833520751951287,9.355356259008932,5.7138584939214665,Green,,0.031123563053938597
616233,BALABHADRA OCP,MCL - CIL,Ministry of Coal,Coal,Odisha,978.44,978.44,18.93,2026-07,0.11045867137444071,-0.7217401842535504,0.00107226621078968,0.9015712723696322,19.840963129346797,5.576546879261519,Green,,2.5672054552478363
240484,Amended BharatNet Program - AS,Department of Telecommunications,Department of Telecommunications,Telecommunication,PAN India,832.0,832.0,0.0,2026-07,0.10952462824358082,0.5771733863245744,0.001056545268315599,-2.0685819833318715,7.080237612127851,5.529058675594821,Green,,
124199,Amended BharatNet Program - HR,Department of Telecommunications,Department of Telecommunications,Telecommunication,PAN India,837.0,837.0,0.0,2026-07,0.10952462824358082,0.5771733863245744,0.001056545268315599,-2.0685819833318715,7.080237612127851,5.529058675594821,Green,,
400033,BHATADI EXPANSION OC,WCL - CIL,Ministry of Coal,Coal,Maharashtra,580.61,580.61,34.25,2026-07,0.10829859157260589,2.1226685166750903,0.0016206241775725504,5.838047529566421,-0.012785392791536086,5.495960787508922,Green,,0.469980513971076
619316,"Group Gathering Station, Lakwagaon",Oil India Limited,Ministry of Petroleum & Natural Gas,Oil & Gas,Assam,495.59,495.59,7.8,2026-07,0.07581479725419729,-0.14190141249102964,0.0338056924751064,-0.8425114116758736,42.606015650594436,5.481024486465184,Green,,-21.35794057190979
601812,Development of Zaheerabad Node under Hyderabad Nagpur Industrial Corridor,National Industrial Corridor Development Corporation,"Ministry of Ports, Shipping and Waterways",Real Estate,Telangana,2360.0,2360.0,4.87,2026-07,0.10085411767922352,1.4670388001913393,0.00766427381471177,-2.103659760435619,6.955234750831456,5.425919574696764,Green,,-1.9534136550486325
615865,Kakatiyakhani OC - 2 Project,Singareni Collieries Company Limited [SCCL],Ministry of Coal,Coal,Telangana,442.42,442.42,64.0,2026-07,0.10312504591891435,-0.9195256832007231,0.004584068863664591,2.585040613653839,13.128226961348398,5.385455739128947,Green,,0.5072512447933475
618148,Widening to 4LPS of NH-548B from Km 80.000 Near Murgundi to Km 140.200 Near Chikkodi excluding length from Km 118.450 to Km 128.450 in the State of Karnataka under NH O on EPC Mode under Annual Plan 2022-23 - Package 1 NH-548B-KNT- 2022-23-979 dated 09.03.2023,MoRTH,Ministry of Road Transport & Highways,Roads & Highways,Karnataka,785.79,785.79,0.0,2026-07,0.08212756069273999,3.1874000012837116,0.024720342033667998,0.0,24.495111490337603,5.342395136320399,Green,,0.4771986028404438
615818,Jawahar Khani Open Cast Mine,Singareni Collieries Company Limited [SCCL],Ministry of Coal,Coal,Telangana,297.88,297.88,20.0,2026-07,0.10474811926717344,2.6419165676364678,0.0018180396118194168,-1.3235045181590295,5.646898805488484,5.328307943949643,Green,,-0.12906657069608762
615857,Naini Coal Mine,Singareni Collieries Company Limited [SCCL],Ministry of Coal,Coal,Odisha,494.3,494.3,80.0,2026-07,0.1030728683082607,4.694412995300084,0.0032644786324852525,3.8363070959814016,19.797346781118687,5.316867347037298,Green,,0.0
618985,Pune Metro Rail Project Phase-2 Line-4 Kharadi to Khadakwasla with Spur Line 4A Nal Stop - Warje - Manikbaug,Maharashtra Metro Rail Corporation Limited [MMRCL],Ministry of Housing & Urban Affairs,Urban Public Transport,Maharashtra,9857.85,9857.85,1.51,2026-07,0.06980153502040953,0.22401327794057097,0.034883060129277846,-1.2116145818927204,4.6123023153205684,5.234229757484369,Green,,0.08339457468485012
617838,Augmentation of CCKPL and IDPL Pipelines capacity along with setting up of Palakkad TOP,Bharat Petroleum Corporation Limited [BPCL],Ministry of Petroleum & Natural Gas,Oil & Gas,Kerala,1130.0,1130.0,48.8,2026-07,0.026312381703278827,-0.34687163001820126,0.07560751683372964,-1.5197482313708386,12.00138709327467,5.095994926850424,Green,,-11.871965791367579
618313,Widening/lmprovement of Existing 2 lane to 4-Laning of Karimganj-Silchar section of NH-37 from Design Ch 0.000 near Silchar ISBT to Design Ch 15.970 near Kalinagar Pt I on NH-37 in Assam on HAM Mode Pkg-1,NHIDCL,Ministry of Road Transport & Highways,Roads & Highways,Assam,1181.55,1181.55,41.26,2026-07,0.09775364457364649,1.7028261717922912,0.004063017867914937,0.0,2.584978011601383,5.090833122078071,Green,,2.808229083532799
707070,Establishment of new GMC Hoshiarpur,"Medical Education, Ministry of Health and Family Welfare",Ministry of Health & Family Welfare,Healthcare,Punjab,325.0,374.75,5.0,2026-07,0.08587427204816632,-0.5051648584327988,0.012750039178202877,2.577204212476433,28.9032226482173,4.93121556131846,Green,,-1.8403823241883428
709796,City Gas Distribution Projects at the Nilgiris and Erode districts,Bharat Petroleum Corporation Limited [BPCL],Ministry of Petroleum & Natural Gas,Oil & Gas,Tamil Nadu,3685.0,3685.0,25.5,2026-07,0.041074766856208186,11.545391451600302,0.05713001833065741,3.100528129787038,10.304333724233578,4.91023925934328,Green,,0.25687393370959377
709794,"City Gas Distribution Projects at Fazilka [except area already authorized], Ganganagar and Hanumangarh districts",Bharat Petroleum Corporation Limited [BPCL],Ministry of Petroleum & Natural Gas,Oil & Gas,Rajasthan,3207.0,3207.0,31.1,2026-07,0.08171361742779157,1.4969785986312303,0.01638542647867823,-2.8318642900006505,9.068806130672103,4.90495219532349,Green,,2.445995865719891
616227,3rd line between Chandil - Anara- Damodar section 121.26 km,CAO/C/SER SER mor,Ministry of Railways,Railways,"Multi-States (Jharkhand, West Bengal)",1932.01,1932.01,0.0,2026-07,0.06805247143249274,-2.5694306193119454,0.028187206920703322,2.809584325424092,12.990346629571974,4.811983917659803,Green,,-2.2453288848407285
618260,"Construction of Salempur bypass to 4LPS from km 64.000 of NH-727A Km 171.00 of Sonauli Balia Marg, old SH-01, near Mahadahan Chauraha to km 61.500 of NH-727B Km 178.500 of Sonauli Balia Marg, old SH-01, near near Ahirauli Village under Hybrid Annuity Mode HAM in the State of Uttar Pradesh",MoRTH,Ministry of Road Transport & Highways,Roads & Highways,Uttar Pradesh,1348.06,1348.06,35.0,2026-07,0.08146219279845406,4.375940884850325,0.014309094961295945,-0.0022262249296718,-0.1764420884259881,4.7885643879875,Green,,0.04636571793354882
709795,"City Gas Distribution Projects at Lakhimpur Kheri , Sitapur, Bahraich, Shravasti,Balrampur, Siddharth Nagar & Maharajganj districts",Bharat Petroleum Corporation Limited [BPCL],Ministry of Petroleum & Natural Gas,Oil & Gas,Uttar Pradesh,16654.0,16654.0,19.8,2026-07,0.07395678512149853,1.3081450121572487,0.021781042006319026,1.3770122467649641,10.885179371389071,4.786891356390878,Green,,-0.07332553574390932
618267,Widening/Upgradation to four lane configuration of Shahjahanpur-Bisalpur section from km 0.00 to km 47.026 of NH-731K on Hybrid Annuity Mode in the state of Uttar Pradesh.,MoRTH,Ministry of Road Transport & Highways,Roads & Highways,Uttar Pradesh,1590.2,1590.2,0.0,2026-07,0.06325720335678914,3.666408129460166,0.030620297709324052,0.0,-0.8988126046358551,4.69387505330566,Green,,0.48369140468556093
618253,Construction of missing link from Birhu to Lathiani from Km 35/550 Design chainage Km 0.000 to Km 42/800 Design Chainage Km 8.153on NH-503A including Lathiani Bridge on back water of Govindsagar and its approaches in Himachal Pradesh.,MoRTH,Ministry of Road Transport & Highways,Roads & Highways,Himachal Pradesh,870.95,896.86,0.0,2026-07,0.05431278458785098,2.074527256691732,0.03941061698596553,19.422533319303486,7.986631478105125,4.686170078690825,Green,,0.3185344616821526
619223,Petro Resid Fluidized Catalytic Cracking [PRFCC] Unit and its associated facilities at Mumbai Refinery,Bharat Petroleum Corporation Limited [BPCL],Ministry of Petroleum & Natural Gas,Oil & Gas,Maharashtra,13626.0,13626.0,7.2,2026-07,0.06732116225425432,1.092639953118303,0.024742007232847345,-1.2743888902921465,5.909860796088033,4.603158474355083,Green,,-19.41493689963687
618321,Construction of 4-Laning of West Serawlg-Sairang section of NH-6 from Existing Chainage km 142000 to km 158900 Design Chainage km 123400 to km 136260 on Silchar - Vairengte - Sairang road in the State of Mizoram under Bharatmala Pariyojna on EPC mode under NHO-NE Package-8,NHIDCL,Ministry of Road Transport & Highways,Roads & Highways,Mizoram,875.79,875.79,13.95,2026-07,0.08532093630881618,-3.6023056233378727,0.005567167777355744,-0.17782835005802566,3.387440678654882,4.544405204308596,Green,,2.3258100621842006
611698,240MW Heo HE Project,North Eastern Electric Power Corporation Limited,Ministry of Power,Electricity Generation,Arunachal Pradesh,1938.85,1938.85,6.58,2026-07,0.08741557627039163,0.6939697277377013,0.0031915811102525803,-0.6782330468275066,7.286468812423403,4.530357869032211,Green,,0.7864570810463727
618324,Construction of 2-lane Aizawl Bypass from km 15.200 to km 34.500 Package-3 on Sairang - Phaibawk section of NH-6 in the State of Mizoram under Bharatmala Pariyojna on EPC Mode under NHO-NE,NHIDCL,Ministry of Road Transport & Highways,Roads & Highways,Mizoram,720.72,720.72,15.1,2026-07,0.0863505657097374,-3.266052409181216,0.004058385073537704,0.011839913654227978,4.143721217176262,4.520447539163755,Green,,2.654013763672194
400312,JHANJRA EXPANSION UG,Eastern Coal Fields Limited [ECL],Ministry of Coal,Coal,West Bengal,1210.12,1210.12,52.04,2026-07,0.08638635238574424,6.602451110895514,0.0036128391304228883,-0.015458210270023268,3.6891437698287723,4.499959575808356,Green,,-0.08288893902519234
701668,Development of Palakkad Node under extension of CBIC to Kochi,National Industrial Corridor Development Corporation,"Ministry of Ports, Shipping and Waterways",Real Estate,Kerala,3805.0,3805.0,5.3,2026-07,0.03571474794033013,0.43773011024050873,0.05372571182774552,-2.7861009000527126,12.31935164748287,4.472022988403783,Green,,-0.14065825501283769
618176,Rehabilitation and upgradation from ch km 50/200 to 56/800 and km 62/600 to 100/403 of Kolde to Visarwadi Near Junction with NH-6 section of NH 752G total length 44.40 to two-lane with paved shoulder / four lanes in the State of Maharashtra on EPC mode.,MoRTH,Ministry of Road Transport & Highways,Roads & Highways,Maharashtra,349.08,349.08,35.45,2026-07,0.04794623063710995,3.0372671819092285,0.04023149979433979,0.0,5.133849191227922,4.408886521572487,Green,,0.2716216625764689
619014,"lmprovement and Widening to 2 lane with paved Shoulder of NH-15 old NH-52 from Existing Km 770.600 Design Km 24.819 to Existing km 805.750 Design Km 59.885 Kamlang T-Junction to Chowkham, Existing Length 35.150 Km, Design Length-35.066 Km in the state of Arunachal Pradesh on EPC mode Pkg-2",NHIDCL,Ministry of Road Transport & Highways,Roads & Highways,Arunachal Pradesh,316.73,316.73,15.06,2026-07,0.08670743281042619,-1.4221331656499876,0.0011894516777876717,-0.04313411468806532,4.575246639724837,4.394844224410693,Green,,1.1861805821282845
618120,construction of Four-Lane of chausa-Buxar Bypass from Km 45.000 to Km 65.915 Package - 2 in the State of Bihar on EPC Mode.,MoRTH,Ministry of Road Transport & Highways,Roads & Highways,Bihar,1060.16,1060.16,4.0,2026-07,0.07934471826943525,4.896722428155097,0.008050555940090305,0.0,3.317219700255308,4.369763710476278,Green,,0.2697946647894023
617912,Construction of 6 lane flyover from Khapari ROB to Mihan Interchange design chainage km 8760 to 11450 L- 2.69 km and upgradation of existing 4L PS road to 6LPS with service road by flexible pavement design chainage km 11450 to 14500 L- 3.05 [total project length 5.74 km] in section of Nagpur - Hyderabad NH-44 Old NH-7 in Nagpur district in the state of Maharashtra on HAM mode.,MoRTH,Ministry of Road Transport & Highways,Roads & Highways,Maharashtra,619.55,619.55,8.24,2026-07,0.07541053990801089,3.241518884312095,0.011511606635669623,-0.0015356830334386992,-0.3807280181263723,4.346107327184026,Green,,1.0989897044210677
617827,"Pipeline Rehabilitation Project, Phase-II",Oil India Limited,Ministry of Petroleum & Natural Gas,Oil & Gas,Assam,680.0,680.0,29.0,2026-07,0.018159406419798053,0.010726224320785849,0.06704453369181752,-1.8818198711096255,27.5938139626195,4.260197005580779,Green,,-5.173338135286877
618320,Construction of 4-Laning of N. Kawnpui N. Mualvum Mualkhang via Khamrang Village section Package-7 of NH-6 from Existing Chainage km 127200 to km 142000 Design Chainage km 111850 to km 123400 on Silchar - Vairengte - Sairang road in the State of Mizoram on EPC mode,NHIDCL,Ministry of Road Transport & Highways,Roads & Highways,Mizoram,866.32,866.32,18.9,2026-07,0.080517322942406,-2.2159578629368117,0.004684841107707842,0.01001248464095814,4.143721217176262,4.260108202505692,Green,,2.1939978728679
709791,City Gas Distribution Projects at Alipurduar and Cooch Behar,Bharat Petroleum Corporation Limited [BPCL],Ministry of Petroleum & Natural Gas,Oil & Gas,West Bengal,1017.0,1017.0,43.8,2026-07,0.06085423388365704,1.3349937616928815,0.02426839141333285,0.843993268808743,9.49834460852574,4.256131264849494,Green,,0.5284993400224125
615184,SAONER UG MINE -1 EXPANSION 1.,WCL - CIL,Ministry of Coal,Coal,Maharashtra,228.64,228.64,69.33,2026-07,0.08286330591052703,2.7741589671726823,0.0012606702287877327,7.876918003456057,15.30593541260746,4.2061988069657374,Green,,-1.2303948346520936
617918,"Widening and Strengthening of existing S/L, I/L, & D/L to 2 Lane with PS from Km 256/455 to 256/503, 256/820 to 256/960, 265/760 to 266/010, 266/010 to 266/800, 270/975 to 271/055, 276/460 to 276/560, 276/560 to 276/700, 276/700 to 277/480, 285/780 to 288/290, 288/290 to 291/050 and construction of 3 Nos. of Bypass from Km 266/800 to 267/300, 270/025 to 270/975, & 284/700 to 285/780 on NH-53 under NHO in Annual Plan 2022-23 for the State of Odisha.",MoRTH,Ministry of Road Transport & Highways,Roads & Highways,Odisha,174.21,174.21,0.0,2026-07,0.07628050837955687,1.7501648087020072,0.006625405538149664,0.013178668930864851,0.10089023827735402,4.145295695885327,Green,,
400353,DHUPTALA OC [SASTI UG TO OC ],WCL - CIL,Ministry of Coal,Coal,Maharashtra,711.01,711.01,19.02,2026-07,0.07796986491236421,2.266188149612219,0.004359365475077833,5.784663041213363,9.743414054423903,4.116461519372102,Green,,-0.00023383004492316672
617878,Phase B of Construction of Permanent Campus of IIT Palakkad,INDIAN INSTITUTE OF TECHNOLOGY PALAKKAD,Department of Higher Education,Education,Kerala,1527.0,1527.0,0.0,2026-07,0.04263462315045805,-0.4554230316780697,0.03953838650212148,0.8264582219582296,12.048834960312334,4.108650482628977,Green,,0.0
617226,Pune Metro Phase-1 Extension line towards south from Swargate to Katraj,Maharashtra Metro Rail Corporation Limited [MMRCL],Ministry of Housing & Urban Affairs,Urban Public Transport,Maharashtra,2954.53,2954.53,9.04,2026-07,0.013853870750661273,0.4645494192394004,0.06798476596396975,1.6873803757158252,0.1656057898749908,4.091931835731551,Green,,1.0944247576463852
617997,Widening of existing 2 lane to 4 lane with paved shoulder from Designed km 25.15 to km 56.70 Except Km 52.70 to 53.50 of NH-169 Nellisara Camp to Thirthahalli of NH- 169 on Shimoga-Mangalore section in the state of Karnataka on EPC mode under Annual plan 2022-23 NH-169-KNT-2022-23-978 dated 08.03.2023,MoRTH,Ministry of Road Transport & Highways,Roads & Highways,Karnataka,538.71,538.71,6.0,2026-07,0.06407311836867008,2.2239588119998213,0.017146484010129595,0.0,23.23986648839131,4.060980118939984,Green,,0.8285889964119852
619248,"lmprovement and Widening to 2-lane with Paved Shoulder of NH-13 & 15 Old NH-52 from Existing Km 745.60 Design Km 0.000 to Existing km 770.600 Design Km 24.819 Brahmakund T-junction to Kamlang T-Junction, Existing Length 25.00 Km, Design Length 24.819 Km in the state of Arunachal Pradesh on EPC mode Pkg-1",NHIDCL,Ministry of Road Transport & Highways,Roads & Highways,Arunachal Pradesh,441.41,441.41,14.69,2026-07,0.07894793108350551,-1.5838923123660247,0.0022272880325847825,-0.04313411468806532,4.575246639724837,4.058760955804514,Green,,3.2109237750665285
611699,186 MW Tato-I H E Project,North Eastern Electric Power Corporation Limited,Ministry of Power,Electricity Generation,Arunachal Pradesh,1750.07,1750.07,5.6,2026-07,0.07736014131103797,0.5248624276072666,0.0031915811102525803,0.7024819367751719,7.286468812423403,4.027586121064528,Green,,0.6100105662952577
617916,Work of 6 laning/Construction of elevated corridor from km 0/0 to 10/170 Narol Junction to Sarkhej junction including 4 lane Shastri Bridge on Sabarmati river on NH 47 in the State of Gujarat on HAM mode,MoRTH,Ministry of Road Transport & Highways,Roads & Highways,Gujarat,1295.39,1295.39,35.0,2026-07,0.0695383973999086,2.688191094444954,0.010472765664673304,0.0,-0.231986101596656,4.000558153229095,Green,,0.8054867561950623
618044,Upgradation of Shahdol- Sagartola Section of NH 543 from km 0000 to km 69400 to 2 lane with paved shoulders under Hybrid Annuity Mode HAM in the State of Madhya Pradesh,MoRTH,Ministry of Road Transport & Highways,Roads & Highways,Madhya Pradesh,851.4,851.4,0.0,2026-07,0.07486334359056074,3.263543123862077,0.004493786207288753,0.0,0.16667028742015041,3.967856489892475,Green,,-0.008909103458330403
615914,GHONSA EXPANSION DEEP OC MINE,WCL - CIL,Ministry of Coal,Coal,Maharashtra,184.71,184.71,12.98,2026-07,0.07735311179699518,1.7331087566237138,0.0008829504091994828,3.18628704715536,1.9092151813359162,3.9118031103097333,Green,,0.0012210107596684061
613803,JHIRIA WEST OCP [1.5 MTY],SECL - CIL,Ministry of Coal,Coal,Madhya Pradesh,366.94,366.94,41.29,2026-07,0.0764394056042913,1.4193766339209637,0.0010906444126403381,-1.2106358203928216,7.46915133199204,3.876502500846582,Green,,-0.017680233230554343
709792,"City Gas Distribution Projects at Darbhanga, Madhubani, Supaul, Sitamarhi and Sheohar districts",Bharat Petroleum Corporation Limited [BPCL],Ministry of Petroleum & Natural Gas,Oil & Gas,Bihar,3638.0,3638.0,33.6,2026-07,0.04477797967029091,2.5364684212168167,0.03256217524670872,0.9264523616786553,4.497218317278856,3.867007745849982,Green,,0.5962254600128931
618067,"Rehabilitation & Up-gradation from design Km. 0.000 to Km. 69.280 of NH-931 Pratapgarh - Amethi - Gauriganj -Musafirkhana to two lane with paved shoulder on Engineering, Procurement & Construction EpC mode in the State of Uttar Pradesh",MoRTH,Ministry of Road Transport & Highways,Roads & Highways,Uttar Pradesh,1086.3,1086.3,9.32,2026-07,0.06832456788049557,3.123142273049909,0.007409512559923784,0.0,-0.1589033230821002,3.7867040220209676,Green,,0.051605000878576224
618189,Widening to two lane with paved shoulder of NH-73New spur road Ujire - Dharmasthala - Periyashanthi in the State of Karnataka under NHO on HAM Mode Job No. NH-73Spur-KNT-2023-24-996,MoRTH,Ministry of Road Transport & Highways,Roads & Highways,Karnataka,613.65,613.65,25.18,2026-07,0.06327178524917257,2.4745927846058864,0.0093210395902838,0.0,0.07748505117322604,3.629641241972818,Green,,0.5463605478011617
709793,"City Gas Distribution Projects at Gopalganj, Siwan, West Champaran, East Champaran and Deoria districts",Bharat Petroleum Corporation Limited [BPCL],Ministry of Petroleum & Natural Gas,Oil & Gas,Bihar,3919.0,3919.0,30.3,2026-07,0.03461870512293076,3.143398169953025,0.036329818919201104,1.0986938820805598,4.497218317278856,3.5474262021065934,Green,,-0.5192020469390899
616588,Buramara - Chakulia 59.96 km PB9/SECR/2023-24,CAO/C/SER SER mor,Ministry of Railways,Railways,"Multi-States (Jharkhand, Odisha, West Bengal)",1459.13,1459.13,2.0,2026-07,0.03552709009496458,0.7603995945201865,0.03484319945512055,0.2745260288224709,12.445804076101037,3.5185144775042567,Green,,-0.8829318832268309
400166,SIARMAL OCP,Mahanadi Coalfields Limited [MCL],Ministry of Coal,Coal,Odisha,5194.95,5194.95,61.04,2026-07,0.06776329515208063,1.5451124618992724,0.001929509128718115,0.8442402709059009,10.416915299423241,3.484640214039937,Green,,1.4657615483949846
617327,Thane Integral Ring Metro Rail Project,Maharashtra Metro Rail Corporation Limited [MMRCL],Ministry of Housing & Urban Affairs,Urban Public Transport,Maharashtra,12200.1,12200.1,10.04,2026-07,0.033358011007984474,0.017827060812912868,0.03628345661069928,-1.7733389849740753,1.7916358788536522,3.482073380934188,Green,,0.3510216273982203
709786,"Augmentation/ Revamping of Dimapur Depot, Dimapur",Indian Oil Corporation Limited [IOCL],Ministry of Petroleum & Natural Gas,Oil & Gas,Nagaland,227.62,227.62,43.0,2026-07,0.06522272684345302,2.9466024786675105,0.004062075366208326,-2.0387399512905513,12.992506643583509,3.4642401104830673,Green,,-3.603015082649586
707420,Gaya Integrated Manufacturing Cluster IMC in Bihar,National Industrial Corridor Development Corporation,"Ministry of Ports, Shipping and Waterways",Real Estate,Bihar,1339.02,1339.02,5.0,2026-07,0.055336063866741746,0.4437276886343596,0.013868630219873225,5.744354448946063,-0.40144605329879435,3.4602347043307486,Green,,
618445,Construction of 2-Laning with hard shoulders of Demwe-Brahmakund section of NH- 13 from Ch.0.00 km to 18.464 km on EPC under SARDP-NE NHO-NE -Balance Work,NHIDCL,Ministry of Road Transport & Highways,Roads & Highways,Arunachal Pradesh,353.9,353.9,19.57,2026-07,0.06717358810150995,-0.5654597589976009,0.0012723923355422617,-0.04313411468806532,3.175086271453857,3.42229902185261,Green,,1.2036057954710841
616236,JARANGDIH EXPN. OCP 1.5 MTY,CCL - CIL,Ministry of Coal,Coal,Jharkhand,372.06,372.06,32.99,2026-07,0.06738704515628602,1.4816197208564534,0.0007654567056847534,-2.5179096333644524,5.920308154223027,3.407625093098539,Green,,-0.4774888458594222
611864,AMALAGAMATED NTST KUJAMA OCP 8.5MTY,Bharat Coking Coal Limited (BCCL,Ministry of Coal,Coal,Jharkhand,4011.85,4011.85,31.16,2026-07,0.06649770994076847,2.2874446651342124,0.0006379034406927289,-1.5953088314622765,6.45876719433884,3.3567806690730597,Green,,0.9843289072033401
617210,Tirupati-Pakala-Katpadi Doubling 104.39 Km Item83/NR/2024-25,CAO/C/SCoR SCoR mor,Ministry of Railways,Railways,"Multi-States (Andhra Pradesh, Tamil Nadu)",1215.56,1215.56,0.0,2026-07,0.03932636897370556,-0.728421668946698,0.027589163682144997,0.4468383154060886,16.650404528664232,3.3457766327925276,Green,,-12.448135827107919
619253,Construction of 4 lane Bypass to Nalgonda Town lrorn Km 000 Existing Ch. 181590 to Km 14.00 Existing Ch. 28/685 ol Nakrekal to Nagarjunsagar Section of NH -565 in the State of Telangara on EPC under Annual Plan 2024 -25,MoRTH,Ministry of Road Transport & Highways,Roads & Highways,Telangana,516.17,516.17,55.62,2026-07,0.06119398288069511,3.0960188616095787,0.005682147152460398,0.0,2.2284913066301932,3.3438065016577756,Green,,0.5891365324982565
618160,"Construction of 2 lane Major Bridge including approaches over Brahmaputra between Majuli on North Bank and Jorhat on South Bank from km. 11.690 to km. 19.715 length of bridge 6,812.5m Package - II on NH-715K in the state of Assam Job no. 715/AS/2020-21/213",MoRTH,Ministry of Road Transport & Highways,Roads & Highways,Assam,1019.17,1019.17,3.25,2026-07,0.05743311103712436,3.480166841961809,0.008440137364893817,0.0,0.18419561054207187,3.293662420100909,Green,,1.3762590052213952
618187,"Rehabilitation and upgradation of Salon - Jais - Jagdishpur Road section of NH-931A, from design Chainage km 0.000 to km 5.740 to four lane divided carriageway and from design Chainage km 5.740 to km 53.500 to two lane with paved Total length km 53.500 along with One time improvement in 04 no's of realigned/bypassed built-up areas in a total length of 9.732 km in the state of Uttar Pradesh on EPC mode",MoRTH,Ministry of Road Transport & Highways,Roads & Highways,Uttar Pradesh,947.15,947.15,9.06,2026-07,0.0614405197621553,2.9864060176575107,0.0036202307935756127,-0.0015356830334386992,-0.1589033230821002,3.253037527786546,Green,,0.8079435514751863
617898,New construction of Major Bridge with Approaches from Km 0.000 to 1.200 Madhopur -Badabanta section of NH-20 under NHO in Annual Plan 2022-23 in the State of Odisha,MoRTH,Ministry of Road Transport & Highways,Roads & Highways,Odisha,199.5,199.5,0.0,2026-07,0.06245838937354992,0.8244260268046214,0.00258204644797388,0.04057267731750026,1.7908215127290767,3.25202179107619,Green,,0.049724758467554864
617908,Bemetara Bypass NH 30,MoRTH,Ministry of Road Transport & Highways,Roads & Highways,Chhattisgarh,161.96,161.96,42.0,2026-07,0.059469139014188405,0.5911308555271519,0.00411232058165858,0.0,31.531099782362116,3.1790729797923496,Green,,0.8017388217741264
709772,"City Gas Distribution Project at East Mednipore, West Mednipore & Jhargram Districts",Indian Oil Corporation Limited [IOCL],Ministry of Petroleum & Natural Gas,Oil & Gas,West Bengal,609.0,609.0,3.0,2026-07,0.05052883820408842,2.0915266674508075,0.012980873113160202,0.5805197263632109,18.678478554958854,3.1754855658624312,Green,,-2.795674464940253
618251,"Improvement and Up gradation to four lane with Paved shoulder configuration from Existing Km 0000 to Km 39500 design km 0500 to Km 40342, Design length km of NH 227A near Mehrauna GhatUP Bihar Border to Siwan on the state of Bihar on Hybrid Annuity Model HAM basis",MoRTH,Ministry of Road Transport & Highways,Roads & Highways,Bihar,1661.25,1661.25,9.07,2026-07,0.053511543482811535,2.6169830184840284,0.008819389743044226,0.0,-2.08861357315168,3.116546661292788,Green,,0.32907211727035035
618404,Construction of lntermediate Lane Road with hard shoulder from design chainage Km 0.000 to Km 53.040 Existing Length68.500 Km & Total Design length 53.04 km of Tato to Monigong section of NH-913 Frontier Highway on Nafra Bomdila to Vijaynagar along China border in state of Arunachal pradesh on EPC mode,NHIDCL,Ministry of Road Transport & Highways,Roads & Highways,Arunachal Pradesh,625.61,625.61,22.81,2026-07,0.055833295819917604,-3.15025938753366,0.005839546685853013,-0.23294780724767442,3.8691997853901547,3.083642125288531,Green,,0.9329405243674422
245986,Jaipur Metro Rail Project Phase 2 (Prahladpura to Todi Mod),Jaipur Metro Rail Corporation,Ministry of Housing & Urban Affairs,Urban Public Transport,Rajasthan,13037.66,13037.66,1.79,2026-07,0.04988582753811485,-0.7962126724644206,0.010749792519040482,-0.4068465450925502,10.133768217506917,3.031781002857767,Green,,
618116,lmprovement and Up-gradation from Km. 73.300 Bikapur to Km.140.960 Patranga of NH-227B 84 Kosi Parikrama Marg to 2LPS along with Parikrama Path,MoRTH,Ministry of Road Transport & Highways,Roads & Highways,Uttar Pradesh,1679.75,1679.75,40.45,2026-07,0.04690691694745202,3.2402947127848885,0.013596718750638972,0.0,-2.1424843783497076,3.0251817849045493,Green,,0.6667881772118194
618207,Widening to 2-lane with Hard Shoulder configuration of Mana Ch. 0.00 to Mana Pass Ch. 50.987 road on NH-07 under Bharatmala Pariyojna in the state of Uttarakhand under Annual Plan 2022-23 length 50.987,MoRTH,Ministry of Road Transport & Highways,Roads & Highways,Uttarakhand,573.96,573.96,21.03,2026-07,0.055482673169341266,-0.12262805058123262,0.004381240155196624,-0.08953168343136617,7.495313593063024,2.993195666226894,Green,,1.1660579673673452
400074,KARO EXPANSION OCP,CCL - CIL,Ministry of Coal,Coal,Jharkhand,849.31,849.31,23.28,2026-07,0.05893978586241724,1.5386292299194402,0.0005541034162614785,-3.8230331186466042,5.767596840165451,2.974694463933936,Green,,-0.8672105087532227
400018,HURA C OCP,Eastern Coal Fields Limited [ECL],Ministry of Coal,Coal,Jharkhand,859.41,859.41,63.3,2026-07,0.05850497728957056,6.371459058308678,0.000602855770204449,-0.025130703058076895,6.829084655273843,2.9553916529887503,Green,,-1.9355896575239124
400392,BHARATPUR RE-ORGANIZATION OCP,MCL - CIL,Ministry of Coal,Coal,Odisha,2838.86,2838.86,53.54,2026-07,0.05662925694231525,0.1312942057816791,0.0022925686697497375,-0.3174401521928801,11.271656350361273,2.946091280603249,Green,,0.3185757718286064
701661,Development of IMC Khurpia Farms under AKIC Project,National Industrial Corridor Development Corporation,"Ministry of Ports, Shipping and Waterways",Real Estate,Uttarakhand,1265.37,1265.37,3.23,2026-07,0.05149023631148783,1.0797863931098641,0.007147402838512248,7.050947898259014,5.400529654520331,2.931881957500004,Green,,
400204,"Bahraich - Khalilabad via Bhinga, Shravasti, Balrampur, Utraula, Domriyaganj, Mehdawal, Bansi 240.26 km",CAOC/NER NER mor,Ministry of Railways,Railways,Uttar Pradesh,4939.78,4939.78,15.0,2026-07,0.02088553255477912,0.06048169295611418,0.03761803784991204,28.23033981430971,124.86862901208319,2.925178520234558,Green,,-2.359571091223686
611945,Petlad-Bhadran 22.5 km,CAOCWR WR mor,Ministry of Railways,Railways,Gujarat,307.11,307.12,32.0,2026-07,0.04933730633377487,-0.009006881477398795,0.009016967145238365,3.1581102010390447,10.985782706699974,2.917713673950662,Green,,-0.8436263175460148
709812,Nadiad-Petlad 37.26 km,CAOCWR WR mor,Ministry of Railways,Railways,Gujarat,461.91,461.91,30.0,2026-07,0.03378326688904494,0.06376157090243649,0.020905429098530562,4.4673595279698155,9.738292237883957,2.734434799378775,Green,,-1.478242838436775
618162,"Improvement and up-gradation to 2LPS of NH-227B 84-Kosi Parikrama Marg PackageVI, Design Km 160200 Bahuvan Madar Majha to Km 224040 Jagarnathpur under HAM",MoRTH,Ministry of Road Transport & Highways,Roads & Highways,Uttar Pradesh,2008.7,2008.7,20.0,2026-07,0.04700386272722627,3.2855698517836855,0.00724142832821332,0.0,-1.7764689422648599,2.7122645527719795,Green,,0.40508237330558483
619347,Balance Work Estimate of Rehabilitation and Up-gradation of NH- 43 from Km. 468.600 to Km. 531.250 Pathalgaon to kunkuri Section to two-lane with paved shoulder in the State of Chhattisgarh on SBD mode under NHO under Annual plan 2025-26,MoRTH,Ministry of Road Transport & Highways,Roads & Highways,Chhattisgarh,201.16,201.16,0.0,2026-07,0.04825104697661326,-0.07194943655401656,0.005455068694203264,0.0,0.5149581796371937,2.6853057835408265,Green,,0.842262495864428
618114,"Improvement and up-gradation of NH-227B 84 Kosi Parikrama Marg PackageV, from Design Km.140.960 Patranga to Km.160.200 Bahuvan Madar Majha on EPC mode in the State of Uttar Pradesh",MoRTH,Ministry of Road Transport & Highways,Roads & Highways,Uttar Pradesh,1192.33,1192.33,4.0,2026-07,0.028375494892895304,2.1381021435155896,0.02326903943902497,0.0,1.510696076825737,2.5822267165960135,Green,,0.23469821040119676
618151,Widening to 4LPS of NH-548B from Km 118.450 Near Shirguppi to Km 128.450 Near Ankali in the State of Karnataka under NH O on EPC Mode Under Annual Plan 2022- 23 NH-548B-KNT-2022-23-982,MoRTH,Ministry of Road Transport & Highways,Roads & Highways,Karnataka,1084.29,1084.29,0.0,2026-07,0.03877803056703323,1.5024022067175558,0.011860866914706655,0.0,24.50989532862153,2.531944874086994,Green,,0.5919811467153484
618248,Widening to 4 lane from km. 139.00 to km 179.20 of NH-135A Pkg-III Jaunpur Akbarpur section and Akbarpur bypass on Hybrid Annuity Mode in the state of Uttar Pradesh.,MoRTH,Ministry of Road Transport & Highways,Roads & Highways,Uttar Pradesh,1653.15,1653.15,22.0,2026-07,0.03888237967495034,3.4845928698508586,0.01161425259797242,0.0,-1.8138970953941087,2.524831613646138,Green,,1.011874180648957
617937,Udgir Raavi Degloor Aadampur phata to Sagroli fata,MoRTH,Ministry of Road Transport & Highways,Roads & Highways,Maharashtra,809.77,809.77,12.0,2026-07,0.027529052653565447,2.889984100999669,0.022924364664004142,0.0,2.1943354326165356,2.5226708658784793,Green,,0.10404148772806465
612878,Bangalore Metro Rail Project - PHASE-3,Bengaluru Metro Rail,Ministry of Housing & Urban Affairs,Urban Public Transport,Karnataka,15611.0,15611.0,3.8,2026-07,0.0381207960354507,0.9891616840015808,0.012001354584560586,0.4708862913528161,6.120394529183874,2.5061075310005645,Green,,-0.5349047360302364
617287,KUSMUNDA OC EXPANSION PROJECT,SECL - CIL,Ministry of Coal,Coal,Chhattisgarh,4516.88,4516.88,23.75,2026-07,0.04790961542236436,1.1484144063553916,0.0011118386771179624,-1.1041395091977733,8.955536860877906,2.4510727049741163,Green,,0.3776147914003314
619039,"Balance Works of Rehabilitation and Up gradation of NH-43 New NH-30 from Krn 162120 to Krn 173500 Length 11.380 Km. Keshkal Bypass 4-Lane with Paved shoulder in the State Of Chhattisgarh under NHDP-IV through Engineering, Procurement & Construction EPC Basis",MoRTH,Ministry of Road Transport & Highways,Roads & Highways,Chhattisgarh,307.96,307.96,0.0,2026-07,0.04698090769228003,0.06836587924735937,0.0019556509405320925,-0.0015356830334386992,1.7939274171014994,2.446827931640606,Green,,1.0307012493315935
615821,TIRAP OCP,INVALID CO.,Ministry of Coal,Coal,Assam,289.46,289.46,5.0,2026-07,0.03155402120908604,0.4675791540168886,0.017266773530257722,0.41812940758891454,59.59389045658975,2.4410397369671886,Green,,0.19354966846772825
619194,"Construction of Four Lane Gola Flyover at Km 99.850 of NH 730 Major Junction with State Highways -93 of Engineering, Procurement and Construction EPC mode in the State of Uttar Pradesh.",MoRTH,Ministry of Road Transport & Highways,Roads & Highways,Uttar Pradesh,168.05,168.05,12.0,2026-07,0.04104789444892966,3.5168555953508243,0.006859779224687402,0.0,23.815265270956772,2.395383683680853,Green,,-7.7809132052759615
618402,"Construction of Intermediate Lane with Hard Shoulder of Hunli to Hayuliang from Design Km 0.000 to Km 53.000 Design Length 53.000 km, Greenfield Section of Frontier Highway NH-913 in the State of Arunachal Pradesh on EPC Mode Package-I",NHIDCL,Ministry of Road Transport & Highways,Roads & Highways,Arunachal Pradesh,1262.43,1262.43,19.13,2026-07,0.042461678099509126,-2.9638832293917714,0.004788018205057139,0.0013342125776720966,4.575246639724837,2.362484815228313,Green,,0.5777302678801235
702668,Chennai Metro Rail Phase-II Development Project,Chennai Metro Rail Limited [CMRL],Ministry of Housing & Urban Affairs,Urban Public Transport,Tamil Nadu,63246.0,63246.0,55.73,2026-07,0.012059727922004305,-7.6539057599292875,0.03477739001311139,17.329903979228707,16.560367894923335,2.341855896755785,Green,,-0.6382174683906339
616933,Lube Modernization & Bottom Upgradation Project at Mumbai Refinery,Hindustan Petroleum Corporation Limited,Ministry of Petroleum & Natural Gas,Oil & Gas,Maharashtra,4679.0,6008.0,14.1,2026-07,0.02386817754998508,-0.45569838796113765,0.022699252623329922,-4.775449037382352,11.314284517895706,2.32837150866575,Green,,-13.599276981131952
618971,Pune Metro Rail Project Phase-2 Corridor 2A Vanaz to Chandani Chowk and Corridor 2B Ramwadi to Wagholi/Vitthalwadi,Maharashtra Metro Rail Corporation Limited [MMRCL],Ministry of Housing & Urban Affairs,Urban Public Transport,Maharashtra,3626.24,3626.24,2.4,2026-07,0.021683187723159348,1.9413852174343045,0.02459793038200472,0.04964543140650998,1.8157459272471805,2.3140559052582033,Green,,-0.045904590788039545
619224,Augmentation of DUPL-DPPL Pipeline,Gas Authority of India Limited [GAIL],Ministry of Petroleum & Natural Gas,Oil & Gas,Maharashtra,844.0,844.0,8.2,2026-07,0.02967494189150317,0.08805019637968452,0.01595703577422951,-2.9797300680989194,6.985141853849764,2.281598883286634,Green,,-6.87686940517437
616221,"Extension of Aqua Line Metro Corridor from Noida Sector-142 station to Botanical Garden, Noida of Noida Metro Rail Corporation",Noida Metro Rail Corporation Ltd. [NMRCL],Ministry of Housing & Urban Affairs,Urban Public Transport,Uttar Pradesh,2254.35,2254.35,0.0,2026-07,0.016401335004101247,-0.5245179793560492,0.028864624494727226,0.36663147503672766,11.730052455678571,2.2632979749414237,Green,,0.0
615191,KATKONA RO UG MINE,SECL - CIL,Ministry of Coal,Coal,Chhattisgarh,329.21,329.21,2.01,2026-07,0.04358186774635579,-0.5676742554455748,0.0016056621933969498,1.327198361231782,15.22455872964451,2.2593764969876373,Green,,0.24458373033834935
701662,IMC Rajpura - Patiala Development Project,National Industrial Corridor Development Corporation,"Ministry of Ports, Shipping and Waterways",Real Estate,Punjab,1367.72,1367.72,3.4,2026-07,0.03859485765063741,2.19921503647832,0.006428037666949615,8.43942928470041,1.1074534361925235,2.251144765879351,Green,,
400354,DIPKA EXPANSION OCP [40 MTY],SECL - CIL,Ministry of Coal,Coal,Chhattisgarh,5241.4,5241.4,39.34,2026-07,0.0424772684269056,-0.5807407236208887,0.0022654873367689453,-1.7233118238927478,17.611667062720684,2.2371377881837273,Green,,0.7926990347391034
709770,City Gas Distribution Project at Pathankot District,Indian Oil Corporation Limited [IOCL],Ministry of Petroleum & Natural Gas,Oil & Gas,Punjab,151.0,151.0,2.0,2026-07,0.018971646211801536,-1.376154256426666,0.023533361488743805,6.021548673952332,44.33703564703946,2.1252503850272673,Green,,-2.519639258889348
617941,4-Laning from End of Zuari approaches to Start of Margao Bypass section of NH-66 from Km 536.800 to Km 543.450,MoRTH,Ministry of Road Transport & Highways,Roads & Highways,Goa,398.25,398.25,1.0,2026-07,0.03915599456085029,3.1007918708536035,0.0018347493069747784,0.0,0.681494829975443,2.049537193391253,Green,,0.05305192713175866
617943,4-laning of Navelim to Cuncolim Section of NH-66 from Km 554.245 to Km 561.480 on HAM Mode,MoRTH,Ministry of Road Transport & Highways,Roads & Highways,Goa,746.75,746.75,0.0,2026-07,0.03660943438059521,0.9461796264210413,0.0025928084145140557,0.0,0.04745917799343605,1.9601121397554635,Green,,0.18541735856278985
617893,Construction of additional major Bridge with 4- lane configuration of length 1.48 km on NH-60 NH-14 over River Kangshabati from Km. 117.770 to Km 119.250 and additional major Bridge with 4- lane configuration of length 0.900 km on NH-60 NH- 14 over River Shilabati from Km. 173.220 to Km 174.120 in the district of Paschim Medinipur of West Bengal under Annual Plan for FY 2023-24 on EPC mode. Job No 014-W8-2023-24/527 .,MoRTH,Ministry of Road Transport & Highways,Roads & Highways,West Bengal,304.83,304.83,0.0,2026-07,0.03135538687969586,2.5833362578811294,0.007255776600617951,0.0,3.8661964786915526,1.9305581740156903,Green,,0.13303014313220074
618038,Construction of Shopian Bypass on NH-444 taking off from existing chainage Km 36500 and re-joining at km 47588 of existing Chainage New Design Ch. From km 28000 to km 36925 as 2- lane with paved shoulder in the UT of Jammu & Kashmir on EPC mode.,MoRTH,Ministry of Road Transport & Highways,Roads & Highways,Jammu and Kashmir,224.44,224.44,3.0,2026-07,0.033847554334726505,0.8429010819477111,0.004260592123189899,0.0,1.6839973115276137,1.9054073228958202,Green,,0.34072720665222733
612816,ITAPARA OCP,Eastern Coal Fields Limited [ECL],Ministry of Coal,Coal,West Bengal,929.1,929.1,8.41,2026-07,0.03640951759356659,2.690677420857062,0.0007207560225374785,-0.02029445666405008,1.38065079111362,1.8565136808052034,Green,,-0.5127570997512056
619052,LUCKNOW METRO RAIL PROJECT PHASE-1B EAST WEST CORRIDOR,Uttar Pradesh metro rail corporation [UPMRC],Ministry of Housing & Urban Affairs,Urban Public Transport,Uttar Pradesh,5801.05,5801.05,2.0,2026-07,0.032820558843570664,-0.3479771783002335,0.003404427432538002,-1.4558219642207397,8.801840454687547,1.8112493138054333,Green,,-0.15865957107642203
615190,SINGHORI DEEP OC MIN 2.0 MTY,WCL - CIL,Ministry of Coal,Coal,Maharashtra,335.75,335.75,9.64,2026-07,0.03558100295970543,0.9819623310767372,0.0006257151082382456,1.7126488527642911,6.83382169729058,1.8103359033971835,Green,,-0.1599531108060115
618247,Construction of 4 lane Mirzapur bypass including bridge over river Ganga from km 0.000 to km 15.000 of NH 135A in the State of Uttar Pradesh on HAM Mode.,MoRTH,Ministry of Road Transport & Highways,Roads & Highways,Uttar Pradesh,1708.62,1708.62,7.0,2026-07,0.023880881459983704,1.1471056140497984,0.01184242168663598,0.0,-0.9717058046957718,1.7861651573309842,Green,,-0.12977998746551123
617890,Construction of Champawat Bypass with two lane with paved shoulder configuration starting from existing chainage 121.700 to existing chainage 129.450 Design Length 9.847 of NH-125 in District-Champawat in the state of Uttrakhand on EPC mode.,MoRTH,Ministry of Road Transport & Highways,Roads & Highways,Uttarakhand,220.89,220.89,8.5,2026-07,0.033846345190921154,3.4778113300357596,0.0014464956796991504,-0.09254000370903337,2.027624203954495,1.7646420435310153,Green,,0.5215477524312788
619032,JAYANT EXPN. [20 TO 38 MTPA],NCL - CIL,Ministry of Coal,Coal,Madhya Pradesh,25560.48,25560.48,2.1,2026-07,0.026984451114044652,1.5967135465612285,0.007874287730465506,-0.5195652163469775,7.851548053240878,1.7429369422255079,Green,,0.0
619061,Construction of 4 lane with PS Idar-Badoli bypass section from design km 81/300 to km 95/500 of NH 168G in the State of Gujarat,MoRTH,Ministry of Road Transport & Highways,Roads & Highways,Gujarat,705.09,705.09,7.0,2026-07,0.028316472254324564,3.3185254039415732,0.005866671021807811,0.0,-0.40482365469019665,1.7091571638066188,Green,,0.20088538046795845
611716,700 MW Tato-II HE Project,North Eastern Electric Power Corporation Limited,Ministry of Power,Electricity Generation,Arunachal Pradesh,8146.21,8146.21,6.59,2026-07,0.031239697680466416,-2.407855626532912,0.002396777469284941,-0.8534729189078404,7.360206967299079,1.6818237574875678,Green,,0.008631747098138076
618264,"Widening and Strengthening to two Lane with Paved Shoulder/Four Lane with paved shoulder configuration from km. 61.500 of NH-727B near Nawalpur km 178.500 of Sonauli Balia Marg, Old SH-01 i.e. end point of Salempur Bypass to km. 106.495 of NH-727B near Sikanderpur under EPC mode",MoRTH,Ministry of Road Transport & Highways,Roads & Highways,Uttar Pradesh,2061.86,2061.86,41.0,2026-07,0.022339793437872565,1.5525943589551863,0.010010977358883516,0.0,-0.22386645780821815,1.617538539837804,Green,,0.398543582944354
619053,RPR FOR RAMPUR BATURA OCP,SECL - CIL,Ministry of Coal,Coal,Madhya Pradesh,1604.69,1604.69,0.3,2026-07,0.03061906572030045,0.9205134899700955,0.0005821674559962549,0.9408872309227606,6.042091384388532,1.5600616588148353,Green,,-0.15611745567615154
400144,PORDA CHIMTAPANI OCP [10 MTY],SECL - CIL,Ministry of Coal,Coal,Chhattisgarh,2310.12,2310.12,11.81,2026-07,0.02921951248547954,0.29700885325214516,0.0017839621425439958,-0.9709941923086521,8.48872320390607,1.550173731401177,Green,,0.09231991371763759
400165,SUBHADRA OCP,MCL - CIL,Ministry of Coal,Coal,Odisha,1693.81,1693.81,46.57,2026-07,0.028496337957347566,0.35805801738875087,0.002478047691987624,0.8537233147054964,17.13651406252558,1.5487192824667595,Green,,-0.03529105679401301
615194,URDHAN EXPANSION OC COST PLUS,WCL - CIL,Ministry of Coal,Coal,Madhya Pradesh,206.88,206.88,2.02,2026-07,0.029560088800404047,1.5430557911951441,0.0006073125014820081,-3.8511587245783314,14.26874917235943,1.5083700650943026,Green,,-0.25819176512696984
400138,CHANDRAGUPT OCP,CCL - CIL,Ministry of Coal,Coal,Jharkhand,973.5,973.5,25.11,2026-07,0.027535890416072482,-0.7427230780119783,0.0019598800319050604,-1.6947843717346431,12.17410546408001,1.474788522398877,Green,,-0.22550445001535202
709773,"City Gas Distribution Project at Jammu, Udhampur, Reasi, Samba and Kathua Districts",Indian Oil Corporation Limited [IOCL],Ministry of Petroleum & Natural Gas,Oil & Gas,Jammu and Kashmir,538.0,538.0,0.6,2026-07,0.0208473271052517,-7.0446844160951905,0.008568420372753379,-2.1443260338141714,18.281242346421585,1.470787373900254,Green,,-11.230775763232463
617288,MANIKPUR OC EXPANSION PROJECT,SECL - CIL,Ministry of Coal,Coal,Chhattisgarh,382.61,382.61,21.29,2026-07,0.02785815683728565,-0.6703202584223972,0.0013255587511849431,0.3394109633831896,15.860457781677882,1.4591857794235294,Green,,-0.27267806126924543
400149,BAROUD OC EXPANSION [3.0-10.0M,SECL - CIL,Ministry of Coal,Coal,Chhattisgarh,2309.8,2309.8,55.95,2026-07,0.02682602993709958,-0.019948892780576356,0.001486940401510081,-0.5333286793268563,9.828541998413467,1.415648516930483,Green,,-0.14773439531889876
400151,NORTH URIMARI EXPANSION OCP,Ministry of Coal,Ministry of Coal,Coal,Jharkhand,634.3,634.3,68.9,2026-07,0.024005397897025826,2.2228835038972314,0.003754551634733062,-3.0426943357679996,34.86154648750912,1.3879974765879444,Green,,-0.03200421703842071
618039,Widening to 2 Lane from Existing Chainage Km 74.700 Km 100.660 Design Chainage Km 53.365 to Km 78.785 on NH- 507 in the State of Uttarakhand.,MoRTH,Ministry of Road Transport & Highways,Roads & Highways,Uttarakhand,346.82,346.82,31.75,2026-07,0.02575431663276632,2.1123648823327392,0.0015571929236513273,-0.06447277408541237,-1.024603400711163,1.3655754778208824,Green,,0.015417936522398534
615330,BALLARPUR NORTH WEST OC MINE,WCL - CIL,Ministry of Coal,Coal,Maharashtra,360.81,360.81,5.35,2026-07,0.025849054877664295,3.106931011582163,0.0007133064700999789,5.389690174755103,-0.16768436041456813,1.3281180673882138,Green,,-0.27031264087414986
618401,"Construction of Intermediate Lane with Hard Shoulder of Hunli to Hayuliang Package- III from design Km 60.000 to Km 121.500 Design Length 61.500 km, Greenfield Section of Frontier Highway NH-913 in the State of Arunachal Pradesh on EPC Mode Pkg-3",NHIDCL,Ministry of Road Transport & Highways,Roads & Highways,Arunachal Pradesh,1418.67,1418.67,1.7,2026-07,0.021514085151924562,-1.6439297230547734,0.004652341494063824,0.013168570943185218,4.575246639724837,1.3083213322994194,Green,,-0.4242246828692755
709771,"City Gas Distribution Project at Beed, Jalgaon and Jalna Districts",Indian Oil Corporation Limited [IOCL],Ministry of Petroleum & Natural Gas,Oil & Gas,Maharashtra,865.0,865.0,3.4,2026-07,0.010912944030974517,-0.64036376192494,0.014878253458784275,2.294353021541764,7.056014098515167,1.2895598744879395,Green,,-2.9724808930112836
619321,Balance work of widening to two laning/re-alignment and geometric improvement from Km. 11000 to Km. 114618 with rectification of damaged stretches and provision of protection works in vulnerable location of NH-44 in the State of Mizoram.,MoRTH,Ministry of Road Transport & Highways,Roads & Highways,Mizoram,170.96,170.96,2.0,2026-07,0.02106980766208118,-6.749855560929022,0.004391742791879509,-0.01302720192407249,12.694995629798841,1.2730775226980344,Green,,-0.11842510414425744
617213,"Varanasi- Pt. Deen Dayal Upadhyaya - Multitracking 15 km, including construction of a new Rail- cum- Road Bridge across Ganga River",CAO/C-II/NR NR mor,Ministry of Railways,Railways,Uttar Pradesh,2464.46,2464.46,5.0,2026-07,0.017414297474298738,0.1281432504897762,0.007545828440308545,1.5152580747126654,21.01546527607169,1.2480062957303641,Green,,-1.0453676340332196
619265,Rehabilitation & Upgradation of Thorrur to Nehru Nagar section to Two Lane with Paved shoulders from Km 109/420 to Km 178/500 of NH 930P in the state of Telangana on EPC mode under Annual Plan 2022-2023,MoRTH,Ministry of Road Transport & Highways,Roads & Highways,Telangana,675.45,675.45,0.0,2026-07,0.022083941127149603,1.6047577773019048,0.0028724866620335444,0.000937284582507525,2.870445970364515,1.2478213894591572,Green,,
615820,TIKAK EXTENSION OCP,INVALID CO.,Ministry of Coal,Coal,Assam,159.77,159.77,89.73,2026-07,0.013908802546988345,-0.32248390235116525,0.007752608415950973,-1.439410817617309,56.988343342596906,1.0830705481469658,Green,,0.0521109148122707
400183,BALARAM EXPANSION OCP,Mahanadi Coalfields Limited [MCL],Ministry of Coal,Coal,Odisha,3504.21,3504.21,62.06,2026-07,0.019986047458295565,0.5916222519736901,0.0008300850221134041,-3.8267225054760967,11.634791949746287,1.0408066240204483,Green,,-0.21488776228187212
400073,KONAR EXPANSION OCP,CCL - CIL,Ministry of Coal,Coal,Jharkhand,674.65,674.65,50.78,2026-07,0.01990022853739871,-1.2250617787069948,0.0007759172712192214,-2.7859829813585293,6.281281829132931,1.0338072904308966,Green,,0.18860588545031187
619311,Kalai-II Hydro Electric Project [1200 MW],THDC India Limited,Ministry of Power,Electricity Generation,Arunachal Pradesh,14105.83,14105.83,0.0,2026-07,0.015407793586991398,-3.1310958456930216,0.0026024047855236518,-0.30548939826119204,8.613854086474763,0.9005099186257524,Green,,0.0
619171,RPR FOR DURGAPUR OCP 10 MTY,SECL - CIL,Ministry of Coal,Coal,Chhattisgarh,2415.91,2415.91,0.01,2026-07,0.015391788544110326,-1.1544052995840144,0.002444804451709585,1.1152944880001265,8.982394164958936,0.8918296497909955,Green,,0.06212706087249131
615919,N. EXTN. MUNGOLI NIRGUDA D OCP,WCL - CIL,Ministry of Coal,Coal,Maharashtra,1024.91,1024.91,27.92,2026-07,0.016388546508324754,1.3463168978824054,0.0011770423169461767,3.557212442823862,1.3576537752591125,0.8782794412635466,Green,,0.22784023593244607
617974,Rehabilitation and upgradation of 2 lane with paved shoulder from existing km. 195.175 to km. 220.000 Design Chainage km71.300 to Km. 95.947 Excluding existing chainage Km 200.300 to Km 202.400 Design chainage Km 76.400 to Km 78.400 on Dharasu to Yamunotri Road of NH- 134 Old NH-94,MoRTH,Ministry of Road Transport & Highways,Roads & Highways,Uttarakhand,344.73,344.73,53.74,2026-07,0.013228586940435246,1.348921648267689,0.003160180586970329,-0.04734288434924256,-0.6019020591532052,0.8194383763702788,Green,,0.16460489702905656
615916,AMLG GAURI PAUNI EXPANSION OC,WCL - CIL,Ministry of Coal,Coal,Maharashtra,1225.21,1225.21,4.21,2026-07,0.01498630880141489,1.1669776809081245,0.0010254999294591104,2.1625430189915362,2.5961058217577357,0.8005904365437,Green,,0.20094092054736312
617278,KOLARPIMPRI EXPANSION OC [2.5,WCL - CIL,Ministry of Coal,Coal,Maharashtra,630.37,630.37,0.4,2026-07,0.014149561715567294,1.1445543977005446,0.000774240947753728,1.4951816841021444,1.5226229151569484,0.7461901331660512,Green,,-4.1678862241822934e-05
617233,WAGHODA UG MINE [1.02 MTY],WCL - CIL,Ministry of Coal,Coal,Maharashtra,379.3,379.3,0.11,2026-07,0.013522819561428898,1.360197990656198,0.0010373172828465507,2.496084014105747,1.4780623495755025,0.7280068422137724,Green,,-5.582604394360757e-05
616229,AMAL GONDEGAON GHATROHANA EXPN,WCL - CIL,Ministry of Coal,Coal,Maharashtra,668.54,668.54,2.55,2026-07,0.013742084978244074,0.5525664241067081,0.0006852648197672156,1.652773792626844,-0.6933276800831586,0.7213674899005645,Green,,0.015371242760689574
615331,GADEGAON OC 3 MTY,WCL - CIL,Ministry of Coal,Coal,Maharashtra,497.41,497.41,2.19,2026-07,0.013299566857270486,-0.01783454017160411,0.0008120108712683983,2.3129480218478227,8.773751321300434,0.7055788864269442,Green,,-0.04324445604319538
602182,Dibang Multipurpose Project,National Hydroelectric Power Corporation Limited [NHPC],Ministry of Power,Electricity Generation,Arunachal Pradesh,31876.39,31876.39,17.93,2026-07,0.01090155241230763,-0.7156941688365169,0.0026097126627715626,-0.2860706975317686,7.169695933967374,0.6755632537539598,Green,,0.08819594409275278
400155,EPR ASHOK OC,Ministry of Coal,Ministry of Coal,Coal,Jharkhand,2821.07,2821.07,27.74,2026-07,0.011498596872373177,7.945788496974436,0.0015181525660402774,-4.6080162780327445,6.384886247445319,0.6508374719206728,Green,,-0.11127283767179608
616226,INTEGRATED KULDA GARJANBAHAL O,MCL - CIL,Ministry of Coal,Coal,Odisha,3563.5,3563.5,10.43,2026-07,0.0111428207645419,-2.7651168829907022,0.0006628709880659845,-2.700293229420532,12.255339323627075,0.5902845876303942,Green,,0.004693532056722516
616225,CHUPERBHITA SIMLONG OCP MDO 6,ECL - CIL,Ministry of Coal,Coal,Jharkhand,979.08,979.08,0.05,2026-07,0.010245998063583037,-0.8933425769675648,0.0012978506440243652,-0.4939479476275158,5.670959423747209,0.5771924353803701,Green,,0.0
615917,GAURIDEEP/GAURI CENTRAL OCP 7.,WCL - CIL,Ministry of Coal,Coal,Maharashtra,973.07,973.07,2.31,2026-07,0.010440994807917561,1.3882014878663844,0.0008047235173186695,1.6020620945819335,2.133247602874104,0.5622859162618116,Green,,-0.029919666520607957
616230,PARASCOLE JAMBAD OCP,ECL - CIL,Ministry of Coal,Coal,West Bengal,1193.55,1193.55,0.23,2026-07,0.009894722968080812,-0.8430284257648654,0.0007189523523860068,1.3167860739411361,3.3101370189804507,0.530683766023341,Green,,-0.0337640119674909
400139,KOTRE BASANTPUR PACHMO OCP,Ministry of Coal,Ministry of Coal,Coal,Jharkhand,625.4,625.4,45.78,2026-07,0.0074417130196423,-2.2072561428443493,0.0029856894893757176,-4.888888269926764,26.20111926985837,0.5213701254509009,Green,,-5.075749285795542
616231,BHUBANESWARI EXPN OCP 50 MTY,MCL - CIL,Ministry of Coal,Coal,Odisha,5366.27,5366.27,34.03,2026-07,0.009181061605762429,0.00019444545538432195,0.0010023824083992476,-3.2686980857485604,7.453026635882444,0.5091722007080839,Green,,0.010743251025444933
400136,SANGHMITRA OC,CCL - CIL,Ministry of Coal,Coal,Jharkhand,2660.0,2660.0,16.77,2026-07,0.008203488127679475,2.5082545756612826,0.0005727573023350508,-2.1400586862226385,5.436986578526566,0.4388122715007263,Green,,-0.04385596794870328
619055,SAONER-III EXPN UG MINE 1.54,WCL - CIL,Ministry of Coal,Coal,Maharashtra,444.42,444.42,0.0,2026-07,0.007161936598926951,0.7825570500683966,0.0008684864773645872,1.9903507251498918,1.4780623495755025,0.401521153814577,Green,,0.0
400352,JHARKHAND-LAIYO OCP,Ministry of Coal,Ministry of Coal,Coal,Jharkhand,654.87,654.87,32.45,2026-07,0.005706192677876656,1.3429541953379094,0.0019544813040613487,-2.373373851673369,20.440032421077944,0.3830336990969002,Green,,0.010809145417630006
616234,PELMA OC MDO,SECL - CIL,Ministry of Coal,Coal,Chhattisgarh,1725.04,1725.04,23.75,2026-07,0.0026828589781033047,-5.793111499220178,0.0037726087371512526,1.0201309861224441,9.022162388587898,0.32277338576272785,Green,,0.013817253474194269
619172,MADANNAGAR OCP 12 MTY - MDO,SECL - CIL,Ministry of Coal,Coal,Chhattisgarh,1859.19,1859.19,0.0,2026-07,0.0034302853858977564,-3.1585500100369863,0.002111881758435418,1.746719668804912,8.982394164958936,0.2771083572166587,Green,,0.0
