sector,sl_no,project_name,agency,project_code,legacy_ocms_code,original_cost,commissioning_date,expenditure,report_month,source_file,completion_month,ministry,state,approval_date,start_date,actual_completion,target_doc,revised_doc,revised_cost,final_cost,actual_mi,orig_doc_mi,y_cost_overrun_pct,y_time_overrun_m
,1,EASTERN REGION STRENTHENING SCHEME XVII( PART B),PGCIL,,N18000244,235.53,06/2019,170.26,2024-07,July_Part-II.pdf,,,,,,,,,,235.53,24234.0,,0.0,
,2,TRANSMISSION SYSTEM FOR EVACUTION OF POWER FROM NEYVELI LIGNITE CORP LTD TS - I,REPLACEMENT) IN NEY,,N18000262,186.17,07/2019,180.54,2024-07,July_Part-II.pdf,,,,,,,,,,186.17,24235.0,,0.0,
,3,"TRANSMISSION SYSTEM FOR POWER EVACUATION FROM ARUN-3 (900MW) HEP, NEPAL OF M/S SAPDC- INDIAN PORTION",PGCIL,,N18000299,179.29,04/2023,116.97,2024-07,July_Part-II.pdf,,,,,,,,,,179.29,24280.0,,0.0,
,4,IMPLEMENTATION OF 500 MVAR THYRISTOR CONTROLLED REACTOR AT KURUKSHETRA,PGCIL,,N18000302,267.33,03/2022,111.63,2024-07,July_Part-II.pdf,,,,,,,,,,267.33,24267.0,,0.0,
,5,TRANSMISSION SYSTEM STRENGTHENING SCHEME FOR EVACUATION OF POWER FROM SOLAR ENERGY ZONES IN RAJASTHA,PGCIL,,N18000303,353.85,12/2022,273.06,2024-07,July_Part-II.pdf,,,,,,,,,,353.85,24276.0,,0.0,
,6,TRANSMISSION SYSTEM STRENGTHENING SCHEME FOR EVACUATION OF POWER FROM SOLAR ENERGY ZONES IN RAJASTHA,PGCIL,,N18000304,1340.81,12/2022,1318.34,2024-07,July_Part-II.pdf,,,,,,,,,,1340.81,24276.0,,0.0,
,7,"TRANSMISSION SYSTEM FOR PROVIDING CONNECTIVITY TO RE PROJECTS AT BIKANER (PG), FATEHGARH-II AND BHAD",PGCIL,,N18000314,562.86,01/2021,409.38,2024-07,July_Part-II.pdf,,,,,,,,,,562.86,24253.0,,0.0,
,8,RELIABLE COMMUNICATION SCHEME UNDER CENTRAL SECTOR FOR NORTHERN REGION,PGCIL,,N18000317,241.38,11/2021,243.75,2024-07,July_Part-II.pdf,,,,,,,,,,241.38,24263.0,,0.0,
,9,"NORTH EAST-NORTHERN/ WESTERN INTERCONNECTOR-I, PART-C",PGCIL,,N18000327,1326.0,03/2023,1466.21,2024-07,July_Part-II.pdf,,,,,,,,,,1326.0,24279.0,,0.0,
,10,AUGMENTATION OF TRANSFORMATION CAPACITY IN SOUTHERN REGION.,PGCIL,,N18000329,176.22,03/2023,95.43,2024-07,July_Part-II.pdf,,,,,,,,,,176.22,24279.0,,0.0,
,11,RELIABLE COMMUNICATION SCHEME UNDER CENTRAL SECTOR FOR SOUTHERN REGION,PGCIL,,N18000339,173.94,11/2021,130.76,2024-07,July_Part-II.pdf,,,,,,,,,,173.94,24263.0,,0.0,
,12,POWERGRID NEEMUCH TRANSMISSION SYSTEM LIMITED,PGCIL,,N18000341,863.99,02/2024,547.13,2024-07,July_Part-II.pdf,,,,,,,,,,863.99,24290.0,,0.0,
,13,SCHEME TO RELIEVE HIGH LOADING OF WR-NR INTER REGIONAL CORRIDOR,PGCIL,,N18000371,200.58,05/2024,134.39,2024-07,July_Part-II.pdf,,,,,,,,,,200.58,24293.0,,0.0,
,14,FOUR LANING OF NUMALIGARH TO JORHAT SECTION FROM KM. 402.500 TO KM. 453.000 (DESIGN KM 403.200 TO KM,NHIDCL,,N24000305,454.89,05/2018,569.94,2024-07,July_Part-II.pdf,,,,,,,,,,454.89,24221.0,,0.0,
,15,JABALPUR TO HIREN RIVER SECTION OF NH-12 IN MADHYA PRADESH KM 11/400 TO 66/400,MoRTH,,N24000475,628.45,01/2020,531.11,2024-07,July_Part-II.pdf,,,,,,,,,,628.45,24241.0,,0.0,
,16,INTEGRATED STRUCTURE WITH DEVELOPMENT OF OTHER ALLIED STRUCTURES ON BOTH SIDES OF CHANDNI CHOWK JUNC,NHAI,,N24001485,397.6,02/2022,375.1,2024-07,July_Part-II.pdf,,,,,,,,,,397.6,24266.0,,0.0,
,17,UPGRADATION OF REWA-SIRMOUR ROAD TO 2L + PS,MoRTH,,N24000870,162.56,03/2018,141.26,2024-07,July_Part-II.pdf,,,,,,,,,,162.56,24219.0,,0.0,
,18,WIDENING OF EXISTING ROAD TO 2 LANE WITH PAVED SHOULDER FROM HUKANJURI TO KHONSA SECTION OF NH-315A,MoRTH,,N24001376,182.55,03/2027,119.02,2024-07,July_Part-II.pdf,,,,,,,,,,182.55,24327.0,,0.0,
,19,WIDENING EXISTING 2 LANE TO 4 LANE WITH PAVED SHOULDER INCLUDING STRENGTHENING CARRIAGEWAY FROM KM 8,MoRTH,,N24001380,302.62,02/2021,324.68,2024-07,July_Part-II.pdf,,,,,,,,,,302.62,24254.0,,0.0,
,20,MARIAM - PEREN (PKG 2A),NHIDCL,,N24001398,204.58,03/2023,126.78,2024-07,July_Part-II.pdf,,,,,,,,,,204.58,24279.0,,0.0,
,21,UP GRADATION OF AUTOMATION SYSTEM OF HOT STRIP MILL AT BOKARO STEEL PLANT,SAIL,,N12000126,207.74,06/2024,185.01,2024-07,July_Part-II.pdf,,,,,,,,,,207.74,24294.0,,0.0,
,1,KARMA OCP (1.0MTY),CCL,,N06000088,162.46,03/2014,95.92,2024-08,August_Part-2(List_of_tables).pdf,,,,,,,,,,162.46,24171.0,,0.0,
,2,4-LANNING OF VARANASI GORAKHPUR SECTION OF NH-29 FROM 88.00 148.00 KM 4-LANNING OF VARANASI GORAKHPU,NHAI,,N24000549,1396.74,10/2019,3986.5,2024-08,August_Part-2(List_of_tables).pdf,,,,,,,,,,1396.74,24238.0,,0.0,
,3,CONSTRUCTION OF PARTIALLY ACESS CONTROLLED FOUR LANE ELEVATED HIGHWAY BETWEEN SAMRALA CHOWK (DESIGN,NHAI,,N24000662,754.54,03/2020,800.29,2024-08,August_Part-2(List_of_tables).pdf,,,,,,,,,,754.54,24243.0,,0.0,
,4,SIX-LANNING OF GREENFIELD PROPOSED UDAIPUR BYPASS PKG-IV,NHAI,,N24000691,894.0,04/2020,1082.77,2024-08,August_Part-2(List_of_tables).pdf,,,,,,,,,,894.0,24244.0,,0.0,
,5,FOUR LANING OF DANGIAWAS (KM 96.595 TO NH- 112) TO JAJIWAL (KM 283.500 OF NH 65 NAGAUR ROAD) SECTIO,NHAI,,N24000711,1308.73,12/2020,1308.73,2024-08,August_Part-2(List_of_tables).pdf,,,,,,,,,,1308.73,24252.0,,0.0,
,6,CONSTRUCTION OF 2 LANING OF EXISTING HUNLI- ANINI ROAD ON EPC BASIS FROM DESIGN KM 106.200 TO KM 120.,NHIDCL,,N24000944,200.44,01/2020,161.25,2024-08,August_Part-2(List_of_tables).pdf,,,,,,,,,,200.44,24241.0,,0.0,
,7,6-LANING OF VIJAYAWADA BYPASS FROM CHINNA AVUTUPALLI (DESIGN CH.0+000) TO GOLLAPUDI,DESIGN CH. 30+0,,N24001300,1226.88,02/2021,1438.66,2024-08,August_Part-2(List_of_tables).pdf,,,,,,,,,,1226.88,24254.0,,0.0,
,8,TWO- LANE WITH PAVED SHOULDER CONFIGURATION OF IMPHAL - MOREH SECTION OF NH-39 FROM KM 330 TO KM 350,NHIDCL,,N24001333,761.54,05/2023,430.31,2024-08,August_Part-2(List_of_tables).pdf,,,,,,,,,,761.54,24281.0,,0.0,
,9,4L+PS OF RAS-BEAWAR SECTION (KM 0.00 TO KM 30.00) OF NH-158 (GNHCP) WORLD BANK. PKG-I.,MoRTH,,N24001409,319.09,03/2024,138.67,2024-08,August_Part-2(List_of_tables).pdf,,,,,,,,,,319.09,24291.0,,0.0,
,10,4L+PS OF NH -58 FROM BEAWAR-GOMTI (OLD CH KM 108.600 TO KM 144 KM 158.419 TO KM 173.300 PKG-II.,MoRTH,,N24001412,339.65,10/2023,207.23,2024-08,August_Part-2(List_of_tables).pdf,,,,,,,,,,339.65,24286.0,,0.0,
,11,2L+PS FROM KM 148/170 TO 211 /100 (DEVAL- DUNGARPUR-HIRATA - VARDA-SAGWARA) SECTION OF NH-927A. PKG-,MoRTH,,N24001413,240.99,01/2024,233.39,2024-08,August_Part-2(List_of_tables).pdf,,,,,,,,,,240.99,24289.0,,0.0,
,12,CONSTRUCTION OF 4 LANE ELEVATED VIADUCT AT KM. 7.500 MUNSHI PULIA OF NH-24A,MoRTH,,N24001460,170.6,09/2024,153.26,2024-08,August_Part-2(List_of_tables).pdf,,,,,,,,,,170.6,24297.0,,0.0,
,13,UPGRADATION AND REHABILITATION TO TWO LANE WITH PAVED SHOULDER OF BARMER GHAGARIYA SECTION FROM KM 0,MoRTH,,N24001531,304.87,08/2024,289.31,2024-08,August_Part-2(List_of_tables).pdf,,,,,,,,,,304.87,24296.0,,0.0,
,14,SANGARIYA (NEAR CHAUTALA)-RASISAR (NEAR BIKANER) (PHASE-I) (AJ/SR-PACKAGE-2),NHAI,,N24001560,755.16,10/2023,755.16,2024-08,August_Part-2(List_of_tables).pdf,,,,,,,,,,755.16,24286.0,,0.0,
,15,SANGARIYA (NEAR CHAUTALA)-RASISAR (NEAR BIKANER) (PHASE-I) (AJ/SR-PACKAGE-1),NHAI,,N24001562,738.9,10/2023,738.9,2024-08,August_Part-2(List_of_tables).pdf,,,,,,,,,,738.9,24286.0,,0.0,
,16,DELHI-VADODARA GREENFIELD ALIGNMENT (NH- 148N) (PKG-16) (CH. 427.300 TO CH.452.420) [MAJOR BRIDGE OVE,NHAI,,N24001572,952.57,01/2023,952.57,2024-08,August_Part-2(List_of_tables).pdf,,,,,,,,,,952.57,24277.0,,0.0,
,1,DEVANGONTHI MARKETING TERMINAL,MANGALORE REFIN,,N16000401,200.0,1/2023,255.87,2024-09,September_Part-2(List_of_tables).pdf,,,,,,,,,,200.0,24277.0,,0.0,
,2,TRANSMISSION SYSTEM STRENGTHENING SCHEME FOR EVACUATION OF POWER FROM SOLAR ENERGY ZONES IN RAJASTHA,PGCIL,,N18000300,1184.88,1/2022,846.92,2024-09,September_Part-2(List_of_tables).pdf,,,,,,,,,,1184.88,24265.0,,0.0,
,3,TRANSMISSION SYSTEM STRENGTHENING SCHEME FOR EVACUATION OF POWER FROM SOLAR ENERGY ZONES IN RAJASTHA,PGCIL,,N18000305,713.82,1/2022,671.59,2024-09,September_Part-2(List_of_tables).pdf,,,,,,,,,,713.82,24265.0,,0.0,
,4,CHALLAKERE TO HARIYUR SECTION FROM KM 358.500 TO KM 414.205 OF NH150 A,NHAI,,N24001690,1167.52,1/2023,946.42,2024-09,September_Part-2(List_of_tables).pdf,,,,,,,,,,1167.52,24277.0,,0.0,
,5,4L OF HARDA - BETUL (PKG-I) FROM KM.0 TO KM.30 [HARDA - TEMAGAON],NHAI,,N24001763,774.16,1/2023,463.85,2024-09,September_Part-2(List_of_tables).pdf,,,,,,,,,,774.16,24277.0,,0.0,
,6,4L OF HARDA - BETUL (PKG-III) FROM KM. 81.00 TO KM.121.248 [CHICHOLI - BETUL],NHAI,,N24001764,814.04,1/2023,468.94,2024-09,September_Part-2(List_of_tables).pdf,,,,,,,,,,814.04,24277.0,,0.0,
,7,UPGRADATION OF NH 930 JHALMALA TO SHERPER FROM NH KM 30.600 TO KM 67.800 TO TWOFOUR LANE WITH PAVED,MoRTH,,N24001918,222.86,1/2023,168.98,2024-09,September_Part-2(List_of_tables).pdf,,,,,,,,,,222.86,24277.0,,0.0,
,8,CONSTRUCTION OF EIGHT LANE ACCESS CONTROLLED EXPRESSWAY CARRIAGEWAY FROM BANI VILLAGE TO BARDAWADI V,NHAI,,N24001212,656.98,1/2022,1058.34,2024-09,September_Part-2(List_of_tables).pdf,,,,,,,,,,656.98,24265.0,,0.0,
,9,CONSTRUCTION OF EIGHT LANE ACCESS CONTROLLED EXPRESSWAY CARRIAGEWAY FROM RAJASTHAN/MP BORDER TO JODM,NHAI,,N24001214,217.96,1/2022,2298.0,2024-09,September_Part-2(List_of_tables).pdf,,,,,,,,,,217.96,24265.0,,0.0,
,10,REHABILITATION AND UPGRADATION OF NH 111 FROM KM 163.400 TO 215.800 SHIVNAGAR TO AMBIKAPUR SECTION,MoRTH,,N24001218,335.32,1/2017,345.52,2024-09,September_Part-2(List_of_tables).pdf,,,,,,,,,,335.32,24205.0,,0.0,
,11,REHABILITATION AND UPGRADATION OF NH 200 FROM KM 178.944 TO 241.553 BANARI VILLAGE TO MASANIA KALA V,MoRTH,,N24001219,476.2,1/2016,502.91,2024-09,September_Part-2(List_of_tables).pdf,,,,,,,,,,476.2,24193.0,,0.0,
,12,CONSTRUCTION OF TWO LANE WITH PAVED SHOULDER OF SELLING-DULTE SECTION OF NH-06,PKG-IV,,N24001283,281.78,1/2022,237.91,2024-09,September_Part-2(List_of_tables).pdf,,,,,,,,,,281.78,24265.0,,0.0,
,13,MARIAM - PEREN PKG-2B,NHIDCL,,N24001351,232.26,1/2022,156.93,2024-09,September_Part-2(List_of_tables).pdf,,,,,,,,,,232.26,24265.0,,0.0,
,1,CHURI BENTI UG (0.81 MTY),CCL,,N06000083,163.51,03/2011,133.35,2024-10,October.pdf,,,,,,,,,,163.51,24135.0,,0.0,
,2,CONSTRUCTION OF TWO PRODUCED WATER TREATMENT PLANTS (PWTP) AT BECHARAJI AND SOBHASAN INSTALLATION OF,ONGC,,N16000482,320.2,07/2024,176.01,2024-10,October.pdf,,,,,,,,,,320.2,24295.0,,0.0,
,3,OMKARESHWAR FLOATING SOLAR POWER PROJECT (90 MW),SJVN,,N18000342,646.17,04/2024,600.77,2024-10,October.pdf,,,,,,,,,,646.17,24292.0,,0.0,
,4,"JAYANAGAR-DARBHANGA-NARKATIA GANJ(GC),ECR",ECR,220100240.0,,324.73,03/2012,1236.97,2024-10,October.pdf,,,,,,,,,,324.73,24147.0,,0.0,
,5,"DAUSA-GANGAPUR CITY(NL),NWR",NWR,220100184.0,,410.08,02/2019,1060.42,2024-10,October.pdf,,,,,,,,,,410.08,24230.0,,0.0,
,6,BHUJ-NALIYA(GC) WITH EXTENSION FROM NALIYA TO VAYOR (WR),WR,,N22000123,318.24,03/2012,1317.64,2024-10,October.pdf,,,,,,,,,,318.24,24147.0,,0.0,
,7,PHULERA - DIGANA DOUBLING,NWR,,N22000326,600.0,03/2020,765.54,2024-10,October.pdf,,,,,,,,,,600.0,24243.0,,0.0,
,8,SAKRI-NIRMALI AND JHANJHARPUR- LAUKAHABAZAR AND SAHARSA-FORBESGANJ (GC),ECR,,N22000180,372.14,,2538.48,2024-10,October.pdf,,,,,,,,,,372.14,,,0.0,
,9,AGARTALA-AKHAURA NL,NFR,,N22000195,569.63,03/2020,380.92,2024-10,October.pdf,,,,,,,,,,569.63,24243.0,,0.0,
,10,MAYLADUTHURAI-THIRUVARUR-KARAIKUDI-THIRU 'PONDI'-AGASTIYAMPALLI,SR,,N22000079,724.69,02/2019,1931.12,2024-10,October.pdf,,,,,,,,,,724.69,24230.0,,0.0,
,11,KALOL-KADI-KATOSAN ROAD (37.23 KM),WR,,N22000549,279.23,06/2027,397.87,2024-10,October.pdf,,,,,,,,,,279.23,24330.0,,0.0,
,12,POWARKHEDA - JUJHARPUR - SINGLE LINE FLYOVER IN UP DIRECTION (15.89 KM),WCR,,N22000552,199.63,03/2024,150.0,2024-10,October.pdf,,,,,,,,,,199.63,24291.0,,0.0,
,13,Chinnasalem-Kallakurichi New Line (MM of cuddalore- Salem 191 KM),SR,,N22000567,417.5,03/2025,184.32,2024-10,October.pdf,,,,,,,,,,417.5,24303.0,,0.0,
,14,BARABANKI AKBARPUR DOUBLING,NR,,N22000578,1200.0,03/2025,1650.0,2024-10,October.pdf,,,,,,,,,,1200.0,24303.0,,0.0,
,15,JAUNPUR AKBARPUR (TANDA) DOUBLING,NR,,N22000582,515.5,03/2025,670.0,2024-10,October.pdf,,,,,,,,,,515.5,24303.0,,0.0,
,16,RAJPURA-BHATINDA (172.64 KM),MEGA,,N22000597,1775.73,03/2024,1750.0,2024-10,October.pdf,,,,,,,,,,1775.73,24291.0,,0.0,
,17,NATHDWARA-NEW NATHDWARA NEW LINE ( MM OF AJMER-CHITTAURGARH-UDAIPUR),WR,,N22000623,166.33,06/2025,55.81,2024-10,October.pdf,,,,,,,,,,166.33,24306.0,,0.0,
,18,KATNI-BINA 3RD LINE (263 KM),WCR,,N22000415,2478.23,03/2022,1279.35,2024-10,October.pdf,,,,,,,,,,2478.23,24267.0,,0.0,
,19,MANMAD-PARBHANI-NANDED-SECUNDERABAD- GADWAL-DHONE- GUNTAKAL - TRAIN COLLISION AVOIDANCE SYSTEM (958 K,SCR,,N22000432,119.73,03/2022,54.15,2024-10,October.pdf,,,,,,,,,,119.73,24267.0,,0.0,
,20,4-LANING OF LOHA - WARANGA SECTION OF NH- 361 FROM KM. 187.800 TO KM. 244.369 (DESIGN LENGTH 56.569 K,NHAI,,N24000854,1005.08,03/2021,699.05,2024-10,October.pdf,,,,,,,,,,1005.08,24255.0,,0.0,
,21,IMPROVEMENT/WIDENING TO 2-LANE WITH EARTHEN SHOULDERS FROM RANIKOR TO NONGJRI EXISTING CHAINAGE FROM,NHIDCL,,N24000903,306.28,03/2022,233.49,2024-10,October.pdf,,,,,,,,,,306.28,24267.0,,0.0,
,22,FOUR LANING OF 5.122 KM OF NH9(NEW NH 65) FROM KM 269.900(DESIGN CH0.0) TO KM 275/622(DESIGN CH 5.12,MoRTH,,N24000928,333.21,12/2015,342.71,2024-10,October.pdf,,,,,,,,,,333.21,24192.0,,0.0,
,23,REHABILITATION AND UPGRADATION OF NH219(NEW NH42) FROM KM 244.930 TO 299.775,MADANAPALLI PUNGANURU,,N24000929,372.68,02/2017,274.76,2024-10,October.pdf,,,,,,,,,,372.68,24206.0,,0.0,
,24,REHABILITATION AND UPGRADATION OF NH-340 FROM KM 0/0 TO KM 60/380 (DESIGN CH. 0/000 TO 60/025 EXCLUD,MoRTH,,N24000932,319.28,08/2017,245.55,2024-10,October.pdf,,,,,,,,,,319.28,24212.0,,0.0,
,25,REHABILITATION AND UPGRADATION OF NH565 FROM EXISTING KM 361.330(DORNALA T JUNCTION) TO KM 420.800(P,MoRTH,,N24000963,418.03,08/2018,370.55,2024-10,October.pdf,,,,,,,,,,418.03,24224.0,,0.0,
,26,WAKAN PALI KHOPOLI,MoRTH,,N24001026,376.19,05/2019,118.74,2024-10,October.pdf,,,,,,,,,,376.19,24233.0,,0.0,
,27,AHMADPUR TO PIMPLA,MoRTH,,N24001029,422.38,08/2019,269.59,2024-10,October.pdf,,,,,,,,,,422.38,24236.0,,0.0,
,28,PIMPLA TO MANJARSUMBHA,MoRTH,,N24001030,595.77,08/2019,357.73,2024-10,October.pdf,,,,,,,,,,595.77,24236.0,,0.0,
,29,MANSAR TO SALAIKHURD,MoRTH,,N24001035,418.36,12/2019,263.13,2024-10,October.pdf,,,,,,,,,,418.36,24240.0,,0.0,
,30,JAHIRABAD TO LATUR,MoRTH,,N24001040,461.96,11/2019,329.59,2024-10,October.pdf,,,,,,,,,,461.96,24239.0,,0.0,
,31,SHIROD SHAHPURER TO NANDED,MoRTH,,N24001041,211.34,07/2019,136.33,2024-10,October.pdf,,,,,,,,,,211.34,24235.0,,0.0,
,32,SALAIKHURD TO TIRORA,MoRTH,,N24001042,415.25,12/2019,274.02,2024-10,October.pdf,,,,,,,,,,415.25,24240.0,,0.0,
,33,NILAJPHATA TO BHANDARA,MoRTH,,N24001043,420.63,05/2020,219.4,2024-10,October.pdf,,,,,,,,,,420.63,24245.0,,0.0,
,34,MEHKAR TO AJISPUR,MoRTH,,N24001048,232.77,07/2019,151.6,2024-10,October.pdf,,,,,,,,,,232.77,24235.0,,0.0,
,35,CHIKALI TO DHAD,MoRTH,,N24001061,189.46,12/2019,133.07,2024-10,October.pdf,,,,,,,,,,189.46,24240.0,,0.0,
,36,DHAD BHOKARDAN TO BHOKARDHAN SILLOD,MoRTH,,N24001062,336.21,12/2019,236.11,2024-10,October.pdf,,,,,,,,,,336.21,24240.0,,0.0,
,37,PARBHANI TO GANGKHED,MoRTH,,N24001065,238.19,12/2019,194.54,2024-10,October.pdf,,,,,,,,,,238.19,24240.0,,0.0,
,38,KOTHARI TO DHANORA,MoRTH,,N24001073,301.38,08/2020,240.32,2024-10,October.pdf,,,,,,,,,,301.38,24248.0,,0.0,
,39,OSMANNAGAR TO KUNDRAL,MoRTH,,N24001075,344.25,08/2020,194.72,2024-10,October.pdf,,,,,,,,,,344.25,24248.0,,0.0,
,40,CHIMUR TO WARORA,MoRTH,,N24001105,467.7,03/2019,235.04,2024-10,October.pdf,,,,,,,,,,467.7,24231.0,,0.0,
,41,BARASGAON TO RAHATEE,MoRTH,,N24001113,289.11,09/2018,232.56,2024-10,October.pdf,,,,,,,,,,289.11,24225.0,,0.0,
,42,FARDAPUR TO JALGAON,MoRTH,,N24001126,456.45,06/2019,427.43,2024-10,October.pdf,,,,,,,,,,456.45,24234.0,,0.0,
,43,WARDHA TO ARVI,MoRTH,,N24001150,313.58,04/2020,230.41,2024-10,October.pdf,,,,,,,,,,313.58,24244.0,,0.0,
,44,2 LANING OF KOHIMA - JESSAMI SECTION,PACKAGE I,,N24001280,320.97,06/2022,182.21,2024-10,October.pdf,,,,,,,,,,320.97,24270.0,,0.0,
,45,2 LANING OF KOHIMA - JESSAMI SECTION,PACKAGE III,,N24001284,361.53,06/2022,200.22,2024-10,October.pdf,,,,,,,,,,361.53,24270.0,,0.0,
,46,DULTE- KWALKULH - CHAMPAI PKG.3,NHIDCL,,N24001357,674.71,06/2023,589.25,2024-10,October.pdf,,,,,,,,,,674.71,24282.0,,0.0,
,47,JORAM ? KOLORIANG ROAD FROM EXISTING KM104.850 TO KM 122.60 (PKG-6),NHIDCL,,N24001392,199.03,04/2022,102.85,2024-10,October.pdf,,,,,,,,,,199.03,24268.0,,0.0,
,48,DELHI-AMRITSAR-KATRA EXPRESSWAY (PHASE-I PKG-VI) FROM JUNCTION WITH PATIALA-SAMANA- PATRAN ROAD (SH-1,NHAI,,N24001414,733.0,01/2024,868.44,2024-10,October.pdf,,,,,,,,,,733.0,24289.0,,0.0,
,49,MOPA AIRPORT,MoRTH,,N24001458,1183.16,04/2022,1106.3,2024-10,October.pdf,,,,,,,,,,1183.16,24268.0,,0.0,
,50,REHABLITATION AND UPGRADATION OF AMBOLI JUNCTION (DESIGN CH. 71+530) TO AJARA (DESIGN CH.100+835) SE,MoRTH,,N24001881,574.0,11/2024,574.0,2024-10,October.pdf,,,,,,,,,,574.0,24299.0,,0.0,
,51,SHEWALI (SAKRI) - NANDURBAR,MoRTH,,N24001893,232.59,04/2024,97.7,2024-10,October.pdf,,,,,,,,,,232.59,24292.0,,0.0,
,52,CONSTRUCTION OF EIGHT LANE EXPRESSWAY STARTING AT CH. 47+000 NEAR KHANPUR GHATI AND ENDS AT HARYANA,NHAI,,N24001784,1935.61,09/2021,856.41,2024-10,October.pdf,,,,,,,,,,1935.61,24261.0,,0.0,
,53,CONSTRUCTION OF BRIDGE INCLUDING APPROACHES ACROSS RIVER ZUARI ON NH-17 (NH- 66) ON PANJIM-MANGALORE,MoRTH,,N24000444,936.4,,770.9,2024-10,October.pdf,,,,,,,,,,936.4,,,0.0,
,54,WIDENING TO 4/6/8 LANES OF EXISTING NH-17 FROM KM 522/615 (NEAR GMC) TO KM 530/850 JOINING NEW ZUIAR,MoRTH,,N24000516,819.95,,504.65,2024-10,October.pdf,,,,,,,,,,819.95,,,0.0,
,55,REHABILITATION AND UPGRADATION OF EXISTING NH-565 FROM KM.86.057 TO 133.922 OF NAGARJUNASAGAR DAM T,MoRTH,,N24000282,195.45,11/2014,294.47,2024-10,October.pdf,,,,,,,,,,195.45,24179.0,,0.0,
,56,"FOUR LANING OF EXISTING 2 LANE SECTION FROM MALOUT (DESIGN KM 44.500, EXISTING KM 80.200 OF NH-07) V",NHAI,,N24001514,1060.29,01/2024,975.55,2024-10,October.pdf,,,,,,,,,,1060.29,24289.0,,0.0,
,57,SHRIRAMPUR (KM. 0.000) TO KOCHUGAON (KM. 30.000) OF BIJNI TO ASSAM./WEST BENGAL BORDER SECTION OF NH,NHAI,,N24001549,442.23,04/2020,647.3,2024-10,October.pdf,,,,,,,,,,442.23,24244.0,,0.0,
,58,4L OF MALOUT-MANDI DABWALI SECTION PKG-01 DANEWALA AT KM 7.000 TO MANDI DABWALI AT KM 29.500 OF NH-0,NHAI,,N24001645,366.85,06/2023,276.34,2024-10,October.pdf,,,,,,,,,,366.85,24282.0,,0.0,
,59,SIX LANNING OF MANDI DABWALI,PUNJAB/HARYANA BORDER)- CHAUTALA ROAD,,N24001672,864.27,01/2024,787.78,2024-10,October.pdf,,,,,,,,,,864.27,24289.0,,0.0,
,60,CONSTRUCTION OF 4 LANE BANGALORE -CHENNAI EXPRESSWAY FROM KM 53.500 TO KM 71.000 SECTION OF NE-7 (BA,NHAI,,N24001685,1069.0,01/2024,840.4,2024-10,October.pdf,,,,,,,,,,1069.0,24289.0,,0.0,
,61,CONSTRUCTION OF 4 LANE BANGALORE-CHENNAI EXPRESSWAY FROM KM 0.000 TO KM 26.400 NE- 7(ALONG WITH 0.700,NHAI,,N24001688,3184.0,09/2023,1165.0,2024-10,October.pdf,,,,,,,,,,3184.0,24285.0,,0.0,
,62,CONSTRUCTION OF 4 LANE BANGALORE - CHENNAI EXPRESSWAY FROM KM 26.400 TO KM 53.500 SECTION OF NE-7 (M,NHAI,,N24001689,1745.0,09/2023,1252.9,2024-10,October.pdf,,,,,,,,,,1745.0,24285.0,,0.0,
,1,ENNORE THIRUVALLUR BENGALURU PUDUCHERRY NAGAPATTINAM MADURAITUTICORIN GAS PIPELINE,IOCL,,N16000253,4497.0,1/2018,5519.37,2024-11,November.pdf,,,,,,,,,,4497.0,24217.0,,0.0,
,2,FOUR LANING OF MADURAI- CHETTIKULAM SECTION OF NH-785 FROM MADURAI (KM 0/000) TO CHETTICULAM (7/300),NHAI,,N24000827,628.71,1/2020,757.81,2024-11,November.pdf,,,,,,,,,,628.71,24241.0,,0.0,
,3,BALANCE WORK OF RANCHI-MAHULIA SECTION OF NH- 33 FROM KM 113.730 (VIKAS) TO KM 140.000 (RAMPUR),PKG-,,N24001597,466.55,1/2020,0.0,2024-11,November.pdf,,,,,,,,,,466.55,24241.0,,0.0,
,4,4 LANING OF GALGALIA - BAHADURGANJ SECTION FROM KM 0.000 TO KM 49.000 (PACKAGE-I) OF NH-327E.,NHAI,,N24001706,1097.18,1/2024,518.04,2024-11,November.pdf,,,,,,,,,,1097.18,24289.0,,0.0,
,5,4 LANING OF BAHADURGANJ ARARIA SECTION FROM KM 49.000 TO KM 94.000 (PACKAGE-II) OF NH-327E,NHAI,,N24001707,1143.46,1/2024,551.35,2024-11,November.pdf,,,,,,,,,,1143.46,24289.0,,0.0,
,6,4 LANING FROM KM. 34.600 TO KM. 79.970 and 2LPS FROM KM. 79.970 TO KM. 82.000 OF NARENPUR - PURNEA S,NHAI,,N24001710,2334.68,1/2023,916.0,2024-11,November.pdf,,,,,,,,,,2334.68,24277.0,,0.0,
,7,FOUR LANING OF BAL. WORKS OF BARASAT- KRISHNAGAR FROM KM.48.553 TO KM.115.272,NHAI,,N24001752,2375.87,1/2023,2701.38,2024-11,November.pdf,,,,,,,,,,2375.87,24277.0,,0.0,
,8,DHANGAON - BORGAON SECTION (KM 81.000 TO KM 139.000) [INDORE - EDLABAD PKG IV],NHAI,,N24001769,831.0,1/2023,1185.04,2024-11,November.pdf,,,,,,,,,,831.0,24277.0,,0.0,
,9,4L OF DUDHADHARI ELEVATED FLYOVER,MUZAFFARNAGAR ?HARIDWAR SECTION) FROM KM,,N24001995,154.52,1/2023,158.26,2024-11,November.pdf,,,,,,,,,,154.52,24277.0,,0.0,
,10,6L ACCESS CONTROLLED HIGHWAY FROM JN WITH JAITPUR PUSHTA ROAD TO JN WITH SECTOR 62/65 DIVIDING ROAD,NHAI,,N24002047,1328.07,1/2023,1087.16,2024-11,November.pdf,,,,,,,,,,1328.07,24277.0,,0.0,
,11,REHABILITATION AND UPGRADATION OF NH-42 FROM KM 4-350 TO KM 75-600,MoRTH,,N24000422,309.01,1/2015,274.36,2024-11,November.pdf,,,,,,,,,,309.01,24181.0,,0.0,
,12,TWO/FOUR LANNING OF BRT TIGER RESERVE BOUNDARY TO BANGALORE SECTION OF NH- 209(EXISTING CHAINAGE FROM,NHAI,,N24000622,950.69,1/2019,1844.43,2024-11,November.pdf,,,,,,,,,,950.69,24229.0,,0.0,
,1,DURGAPUR EXTENSION (DEEP) OC (3.0 MTY),WCL,,N06000157,3.0,03/2021,378.87,2024-12,December.pdf,,,,,,,,,,3.0,24255.0,,0.0,
,2,BELLORA-NAIGAON DEEP OC,WCL,,N06000180,2.0,03/2021,222.51,2024-12,December.pdf,,,,,,,,,,2.0,24255.0,,0.0,
,3,"CONSTRUCTION OF CAPTIVE POL LPG JETTY AT KAMARAJAR PORT, CHENNAI",IOCL,,N16000403,921.0,09/2023,777.15,2024-12,December.pdf,,,,,,,,,,921.0,24285.0,,0.0,
,4,"GAS ASSISTED GRAVITY DRAINAGE SCHEME, KASOMARIGAON",ONGC,,N16000433,218.38,02/2023,218.0,2024-12,December.pdf,,,,,,,,,,218.38,24278.0,,0.0,
,5,TRANSMISSION SYSTEM STRENGTHENING SCHEME FOR EVACUATION OF POWER FROM SOLAR ENERGY ZONES IN RAJASTHA,PGCIL,,N18000306,1562.0,12/2022,1324.25,2024-12,December.pdf,,,,,,,,,,1562.0,24276.0,,0.0,
,6,TRANSMISSION SYSTEM STRENGTHENING SCHEME FOR EVACUATION OF POWER FROM SOLAR ENERGY ZONES IN RAJASTHA,PGCIL,,N18000307,1006.0,12/2022,884.11,2024-12,December.pdf,,,,,,,,,,1006.0,24276.0,,0.0,
,7,NORTH EASTERN REGION STRENGTHENING SCHEME-XII,PGCIL,,N18000316,5.0,03/2023,419.96,2024-12,December.pdf,,,,,,,,,,5.0,24279.0,,0.0,
,8,KALPI SOLAR POWER PROJECT,NHPC,,N18000323,3.0,03/2022,331.25,2024-12,December.pdf,,,,,,,,,,3.0,24267.0,,0.0,
,9,ESTABLISHMENT OF FIBER OPTIC COMMUNICATION SYSTEM IN NR UNDER FIBER OPTIC EXPANSION PROJECT (ADDITIO,PGCIL,,N18000184,197.4,03/2018,162.89,2024-12,December.pdf,,,,,,,,,,197.4,24219.0,,0.0,
,10,4-LANNING OF VARANASI GORAKHPUR SECTION OF NH- 29 FROM 148.00 208.300 KM [PACKAGE-IV],NHAI,,N24000551,1587.49,04/2019,3379.63,2024-12,December.pdf,,,,,,,,,,1587.49,24232.0,,0.0,
,11,NAGPUR RING ROAD PACKAGE-1,NHAI,,N24000558,5.0,07/2019,528.35,2024-12,December.pdf,,,,,,,,,,5.0,24235.0,,0.0,
,12,FOUR LANING OF BARHI - KODERMA SECTION OF NH - 31,NHAI,,N24000725,2.0,11/2021,255.63,2024-12,December.pdf,,,,,,,,,,2.0,24263.0,,0.0,
,13,FOUR LANING OF BALACHERA-HARANGAJAO SECTION OF NH-54 (EXT) FROM KM 275.00 TO KM 244.000 IN THE STATE,NHIDCL,,N24000902,818.0,06/2020,874.3,2024-12,December.pdf,,,,,,,,,,818.0,24246.0,,0.0,
,14,"CONSTRUCTION, OPERATION AND MAINTENANCE OF Z- MORH TUNNEL INCLUDING APPROACHES ON NH-01 SRINAGAR-SONA",NHIDCL,,N24001253,2680.42,12/2023,0.0,2024-12,December.pdf,,,,,,,,,,2680.42,24288.0,,0.0,
,15,2-LANING OF KHOWAI -AGARTALA SECTION FROM DESIGN KM 31.300 TO KM 45.300 OF NH-208A PKG-3,NHIDCL,,N24001318,173.17,04/2022,93.35,2024-12,December.pdf,,,,,,,,,,173.17,24268.0,,0.0,
,16,IMPHAL ? MOREH (PACKAGE 4),NHIDCL,,N24001399,2.0,01/2023,146.35,2024-12,December.pdf,,,,,,,,,,2.0,24277.0,,0.0,
,17,DIBRUGARH-LAHOAL-CHABUA BYPASS PACKAGE-2,NHIDCL,,N24001452,1.0,07/2024,125.71,2024-12,December.pdf,,,,,,,,,,1.0,24295.0,,0.0,
,18,DELHI METRO RAIL EXTENSION FROM NAJAFGARH TO DHANSA BUS STAND,DMRC,,N28000136,565.0,12/2020,522.33,2024-12,December.pdf,,,,,,,,,,565.0,24252.0,,0.0,
,19,KOCHI METRO RAIL PROJECT,KMRCL,,N28000081,5.0,07/2017,6059.17,2024-12,December.pdf,,,,,,,,,,5.0,24211.0,,0.0,
,20,CHENNAI METRO RAIL LTD (PHASE 1),CMRL,,N28000084,1.0,12/2015,17619.68,2024-12,December.pdf,,,,,,,,,,1.0,24192.0,,0.0,
,21,CHENNAI METRO RAIL LTD (PHASE 1 EXT),CMRL,,N28000097,3.0,03/2018,2527.73,2024-12,December.pdf,,,,,,,,,,3.0,24219.0,,0.0,
,22,PROTECTION OF MAJULI ISLAND FROM FLOOD AND EROSION OF RIVER BRAHMAPUTRA,BPB,,N30000001,233.57,12/2019,217.42,2024-12,December.pdf,,,,,,,,,,233.57,24240.0,,0.0,
,1,"CONSTRUCTION OF INTERNATIONAL CENTRE FOR PERFORMING ARTS AND CULTURE,SHILONG IN MEGALAYA UNDER NLCPR",HSCL FOR DONER,,N12000103,151.33,09/2017,148.33,2025-01,January.pdf,,,,,,,,,,151.33,24213.0,,0.0,
,2,Fuel Quality Upgradation Project at Paradip Refinery,IOCL,,N16000362,3.0,08/2021,2727.6,2025-01,January.pdf,,,,,,,,,,3.0,24260.0,,0.0,
,3,INSTALLATION OF STANDBY SRU TRAIN OF 525 TPD ALONGWITH INCINERATOR AT PARADIP REFINERY,IOCL,,N16000368,427.1,09/2022,312.13,2025-01,January.pdf,,,,,,,,,,427.1,24273.0,,0.0,
,4,"CGD PROJECT AT JHUNJHUNU, SIKAR AND NAGAUR DISTRICTS",IOCL,,N16000489,575.0,03/2030,124.37,2025-01,January.pdf,,,,,,,,,,575.0,24363.0,,0.0,
,5,"CGD PROJECT AT MADURAI, THENI AND VIRUDHNAGAR DISTRICTS",IOCL,,N16000490,1328.0,03/2030,149.21,2025-01,January.pdf,,,,,,,,,,1328.0,24363.0,,0.0,
,6,"CGD PROJECT AT KANYAKUMARI, TUTICORIN, TIRUNVELI KATTABO AND TENKASI DISTRICTS",IOCL,,N16000492,1295.0,03/2030,145.61,2025-01,January.pdf,,,,,,,,,,1295.0,24363.0,,0.0,
,7,"SETTING UP LUBE COMPLEX AT VILLAGES AMULLAVOYAL AND VAIKKADU, CHENNAI AS RESITEMENT OF EXISTING FACI",IOCL,,N16000405,1398.0,12/2023,1303.66,2025-01,January.pdf,,,,,,,,,,1398.0,24288.0,,0.0,
,8,ANTA SOLAR 90 MW,NTPC,,N18000292,382.22,03/2022,497.17,2025-01,January.pdf,,,,,,,,,,382.22,24267.0,,0.0,
,9,CHHATTARGARH 150 MW,NTPC,,N18000294,5.0,07/2022,599.99,2025-01,January.pdf,,,,,,,,,,5.0,24271.0,,0.0,
,10,DURGAPUR PP-III (2X20 MW) - NSPCL,NTPC,,N18000277,5.0,11/2018,558.39,2025-01,January.pdf,,,,,,,,,,5.0,24227.0,,0.0,
,11,TELANGANA SUPER THERMAL POWER PROJECT PHASE I,NTPC,,N18000212,10598.98,11/2020,10437.71,2025-01,January.pdf,,,,,,,,,,10598.98,24251.0,,0.0,
,12,CONSTRUCTION OF 8 LANE DWARKA EXPRESSWAY (NH- 248BB PACKAGE IV FROM RAIL OVER BRIDGE (ROB) TILL END P,NHAI,,N24000835,1484.3,12/2020,1376.15,2025-01,January.pdf,,,,,,,,,,1484.3,24252.0,,0.0,
,13,CONSTRUCTION OF TWINS 2-LANE ROB AND ITS APPROACHES IN REPLACEMENT OF EXISTING LEVEL CROSSING GATE N,MoRTH,,N24000887,236.78,09/2021,232.54,2025-01,January.pdf,,,,,,,,,,236.78,24261.0,,0.0,
,14,2L+PS OF THIKRI ANJAD SECTION OF NH-347B,MoRTH,,N24000892,2.0,07/2018,221.19,2025-01,January.pdf,,,,,,,,,,2.0,24223.0,,0.0,
,15,SIX LANING OF CHAKERI TO ALLAHABAD SECTION OF NH-2 FROM KM 483.687 TO KM 628.753 (DESIGN LENGTH ? 14,NHAI,,N24001185,2159.0,07/2021,3110.5,2025-01,January.pdf,,,,,,,,,,2159.0,24259.0,,0.0,
,16,IMPHAL ? MOREH PACKAGE- 3,NHIDCL,,N24001352,2.0,12/2022,144.94,2025-01,January.pdf,,,,,,,,,,2.0,24276.0,,0.0,
,17,ALLAHGANJ TO MIRANPUR KATRA SECTION OF NH-730C FROM KM.52.770 TO 114.00,MoRTH,,N24001463,294.84,07/2024,303.27,2025-01,January.pdf,,,,,,,,,,294.84,24295.0,,0.0,
,18,DWARKA EXPRESSWAY PKG-III (DELHI/HR BORDER TO START OF ROB GURUGRAM),NHAI,,N24001780,2228.0,11/2020,1628.6,2025-01,January.pdf,,,,,,,,,,2228.0,24251.0,,0.0,
,19,MULAKALACHERUVU TO MADANAPALLE SECTION OF NH42 FROM KM 202.050 TO KM 245.640 EXCLUDING RETAINED STRE,MoRTH,,N24001933,480.1,12/2024,443.87,2025-01,January.pdf,,,,,,,,,,480.1,24300.0,,0.0,
,20,WIDENING/IMPROVEMENT TO 4-LANE WITH PAVED SHOULDER FROM CH.75.330KM TO CH.88.00KM (DESIGN CH.71.800,NHIDCL,,N24001248,208.84,04/2022,193.59,2025-01,January.pdf,,,,,,,,,,208.84,24268.0,,0.0,
,1,SWRO II WITH LLPH FACILITIES,HPCL,,N16000378,1.0,07/2020,196.26,2025-03,FRMarch2025.pdf,,,,,,,,,,1.0,24247.0,,0.0,
,2,VISAKH REFINERY MODERNISATION PROJECT,HPCL,,N16000235,2.0,07/2020,28002.0,2025-03,FRMarch2025.pdf,,,,,,,,,,2.0,24247.0,,0.0,
,3,DEVELOPMENT PLAN OF CBM - BOKARO BLOCK,ONGC,,N16000239,8.0,03/2023,1067.89,2025-03,FRMarch2025.pdf,,,,,,,,,,8.0,24279.0,,0.0,
,4,PIPELINE REPLACEMENT PROJECT - VII,ONGC,,N16000436,3.0,05/2024,3417.0,2025-03,FRMarch2025.pdf,,,,,,,,,,3.0,24293.0,,0.0,
,5,"UPGRADING IPSHEM TO WORLD CLASS FACILITY OF ONGC, GOA",ONGC,,N16000502,325.53,06/2024,304.19,2025-03,FRMarch2025.pdf,,,,,,,,,,325.53,24294.0,,0.0,
,6,UPGRADATION 2/4 LANE NH CONNECTIVITY UNDER SAGARMALA SCHEME SH 2 HAVERI YEKAMBI SH 69 YEKAMBI KUMTA,NHAI,,N24001682,294.62,03/2024,50.21,2025-03,FRMarch2025.pdf,,,,,,,,,,294.62,24291.0,,0.0,
,7,FOUR LANNING OF RAMPUR- KATHGODAM SECTION OF NH-87 FROM KM 0.000 (KM. 190.000 OF NH-24) TO KM 42.791,NHAI,,N24000556,899.0,04/2019,1143.5,2025-03,FRMarch2025.pdf,,,,,,,,,,899.0,24232.0,,0.0,
,8,FOUR LANNING OF RAMPUR- KATHGODAM SECTION OF NH-87 FROM KM 42.791 (DESIGN CHAINAGE 43.446) TO KM 88,NHAI,,N24000559,720.0,10/2019,672.33,2025-03,FRMarch2025.pdf,,,,,,,,,,720.0,24238.0,,0.0,
,9,CONSTRUCTION OF TWO LANE WITH PAVED SHOULDERS OF JORAM KOLORIANG ROAD (NH 713) ON EPC BASIS FROM EXI,NHIDCL,,N24000685,167.28,04/2022,145.2,2025-03,FRMarch2025.pdf,,,,,,,,,,167.28,24268.0,,0.0,
,10,CONSTRUCTION OF TWO LANE WITH HARD SHOULDERS OF CHAKABAMA-ZUNHEBOTO ROAD FROM EXISTING KM 52.370 TO,NHIDCL,,N24000756,285.68,09/2022,193.9,2025-03,FRMarch2025.pdf,,,,,,,,,,285.68,24273.0,,0.0,
,11,CONSTRUCTION OF 2 LANE ROAD OF POTIN TO PANGIN SECTION OF NH 13 FROM KM 77.95 TO KM 117.56,PACKAGE,,N24001291,421.48,03/2027,365.83,2025-03,FRMarch2025.pdf,,,,,,,,,,421.48,24327.0,,0.0,
,12,CONSTRUCTION OF 2 LANE ROAD OF POTIN TO PANGIN SECTION OF NH 13 FROM KM 117.56 TO KM 163.59,PACKAGE,,N24001292,543.05,03/2027,588.85,2025-03,FRMarch2025.pdf,,,,,,,,,,543.05,24327.0,,0.0,
,13,CONSTRUCTION OF 2 LANE ROAD OF POTIN TO PANGIN SECTION OF NH 13 FROM KM 206.66 TO KM 247.05,PACKAGE,,N24001293,486.7,03/2027,480.44,2025-03,FRMarch2025.pdf,,,,,,,,,,486.7,24327.0,,0.0,
,14,DONIPAWA TO ASHAJIPORA BYPASS PKG-7,NHIDCL,,N24001342,2.0,12/2022,191.88,2025-03,FRMarch2025.pdf,,,,,,,,,,2.0,24276.0,,0.0,
,15,DULTE- KWALKULH - CHAMPAI PKG.1,NHIDCL,,N24001355,3.0,12/2022,286.49,2025-03,FRMarch2025.pdf,,,,,,,,,,3.0,24276.0,,0.0,
,16,BALANCE WORK 2-LANING OF LALPUL MANMAO CHANGLANG ROAD (NH-215) ON EPC MODE IN THE STATE OF ARUNACH,MoRTH,,N24001372,588.09,03/2024,497.36,2025-03,FRMarch2025.pdf,,,,,,,,,,588.09,24291.0,,0.0,
,17,4-LANING OF ITANAGAR TO BANDARDEWA SECTION OF NH-415 FROM KM 51+700 TO KM 59+199 (PACKAGE-C) ON EPC,MoRTH,,N24001374,437.6,03/2027,366.59,2025-03,FRMarch2025.pdf,,,,,,,,,,437.6,24327.0,,0.0,
COAL,1,NORTH TISRA AND SOUTH TISRA EXPANSION OCP (6MTY),BHARAT COKING COAL LIMITED,,N06000106,555.52,03/2021,291.95,2024-04,April_Part-II_List_of_tables.pdf,"April,2024",,,,,,,,,555.52,24255.0,,0.0,
COAL,2,JAYANT EXPANSION OCP 10 TO 20 MTPA Central Sector Projects,NORTHERN COAL FIELDS LIMITED,,N06000159,1783.09,03/2021,1390.64,2024-04,April_Part-II_List_of_tables.pdf,"April,2024",,,,,,,,,1783.09,24255.0,,0.0,
PETROLEUM,3,CITY GAS DISTRIBUTION (CGD) NETWORK BHUBANESHWAR Central Sector Projects,GAS AUTHORITY OF INDIA LIMITED,,N16000289,243.53,07/2022,217.42,2024-04,April_Part-II_List_of_tables.pdf,"April,2024",,,,,,,,,243.53,24271.0,,0.0,
PETROLEUM,4,KOCHI SALEM LPG PIPELINE PROJECT (Kochi Salem Pipeline Private Limited(JV)) - [N16000314],,,,1112.0,06/2019,1157.07,2024-04,April_Part-II_List_of_tables.pdf,"April,2024",,,,,,,,,1112.0,24234.0,,0.0,
PETROLEUM,5,CITY GAS DISTRIBUTION (CGD) NETWORK PATNA,GAS AUTHORITY OF INDIA LIMITED,,N16000327,359.25,10/2022,293.6,2024-04,April_Part-II_List_of_tables.pdf,"April,2024",,,,,,,,,359.25,24274.0,,0.0,
PETROLEUM,6,"CITY GAS DISTRIBUTION (CGD) NETWORK, CUTTACK",GAS AUTHORITY OF INDIA LIMITED,,N16000328,182.2,07/2022,144.55,2024-04,April_Part-II_List_of_tables.pdf,"April,2024",,,,,,,,,182.2,24271.0,,0.0,
PETROLEUM,7,"CITY GAS DISTRIBUTION (CGD) NETWORK, RANCHI",GAS AUTHORITY OF INDIA LIMITED,,N16000329,226.45,10/2022,257.39,2024-04,April_Part-II_List_of_tables.pdf,"April,2024",,,,,,,,,226.45,24274.0,,0.0,
PETROLEUM,8,30 INCH CRUDE OIL PIPELINE IN HALDIA-BARAUNI SECTION OF PHBPL AND CONVERSION OF EXISTING 18 INCH HAL,INDIAN OIL CORPORATION LIMITED,,N16000332,3712.0,09/2022,2915.64,2024-04,April_Part-II_List_of_tables.pdf,"April,2024",,,,,,,,,3712.0,24273.0,,0.0,
PETROLEUM,9,SUSTAINED EVACUATION OF GAS FROM GANDHAR FIELDS BY INSTALLING A GAS COMPRESSOR AND PIPELINE CONNECTI,GAS AUTHORITY OF INDIA LIMITED,,N16000349,225.54,02/2021,240.53,2024-04,April_Part-II_List_of_tables.pdf,"April,2024",,,,,,,,,225.54,24254.0,,0.0,
PETROLEUM,10,"Setting up of Integated 2G and 1G Bio-Ethanol Refinery at Bargarh, Odisha",BHARAT PETROLEUM CORPORATION LIMITED,,N16000374,1607.0,08/2022,1085.97,2024-04,April_Part-II_List_of_tables.pdf,"April,2024",,,,,,,,,1607.0,24272.0,,0.0,
PETROLEUM,11,CITY GAS DISTRIBUTION PROJECT IN GEOGRAPHICAL AREA OF SONIPAT (EAAA) AND JIND DISTRICTS EPC,HINDUSTAN PETROLEUM CORPORATION LIMITED,,N16000385,520.0,09/2026,468.39,2024-04,April_Part-II_List_of_tables.pdf,"April,2024",,,,,,,,,520.0,24321.0,,0.0,
PETROLEUM,12,CITY GAS DISTRIBUTION IN UP AND UK,HINDUSTAN PETROLEUM CORPORATION LIMITED,,N16000387,3450.2,03/2029,1962.02,2024-04,April_Part-II_List_of_tables.pdf,"April,2024",,,,,,,,,3450.2,24351.0,,0.0,
PETROLEUM,13,"CITY GAS DISTRIBUTION, JAMSHEDPUR",GAS AUTHORITY OF INDIA LIMITED,,N16000389,221.45,10/2022,237.03,2024-04,April_Part-II_List_of_tables.pdf,"April,2024",,,,,,,,,221.45,24274.0,,0.0,
PETROLEUM,14,CITY GAS DISTRIBUTION NETWORK PROJECT AT SATNA AND SHAHDOL Central Sector Projects,BHARAT PETROLEUM CORPORATION LIMITED,,N16000472,332.38,09/2028,99.49,2024-04,April_Part-II_List_of_tables.pdf,"April,2024",,,,,,,,,332.38,24345.0,,0.0,
PETROLEUM,15,HPOIL GAS PVT LTD Joint Venture,HPOIL Gas Pvt. Ltd,,N16000516,334.0,05/2025,0.93,2024-04,April_Part-II_List_of_tables.pdf,"April,2024",,,,,,,,,334.0,24305.0,,0.0,
PETROLEUM,16,HPOIL GAS PVT LTD-II Joint Venture,HPOIL Gas Pvt. Ltd,,N16000517,307.0,03/2025,14.23,2024-04,April_Part-II_List_of_tables.pdf,"April,2024",,,,,,,,,307.0,24303.0,,0.0,
RAILWAYS,17,"MUNEERABAD-MAHABOOBNAGAR(NL),SCR",SOUTH CENTRAL RAILWAY,220100205.0,,1723.0,03/2000,2532.19,2024-04,April_Part-II_List_of_tables.pdf,"April,2024",,,,,,,,,1723.0,24003.0,,0.0,
RAILWAYS,18,MULTI MODAL TRANSPORT SYSTEM(MMTS) PHASE-II HYDERABAD,RAIL VIKAS NIGAM LTD.,,N22000213,632.68,03/2016,1094.53,2024-04,April_Part-II_List_of_tables.pdf,"April,2024",,,,,,,,,632.68,24195.0,,0.0,
RAILWAYS,19,MONIGRAM- NIMTITA,EASTERN RAILWAYS,,N22000301,250.93,,603.03,2024-04,April_Part-II_List_of_tables.pdf,"April,2024",,,,,,,,,250.93,,,0.0,
RAILWAYS,20,ROSA-SITAPUR CANTT-BURHWAL DOUBLING,NORTH EASTERN RAILWAY,,N22000347,1295.42,03/2022,2262.57,2024-04,April_Part-II_List_of_tables.pdf,"April,2024",,,,,,,,,1295.42,24267.0,,0.0,
RAILWAYS,21,"LUCKNOW- PILIBHIT VIA SITAPUR, LAKHIMPUR GC",RAIL VIKAS NIGAM LTD.,,N22000404,927.01,03/2019,1684.0,2024-04,April_Part-II_List_of_tables.pdf,"April,2024",,,,,,,,,927.01,24231.0,,0.0,
RAILWAYS,22,MAU-GHAZIPUR-TARIGHAT NEW LINE,RAIL VIKAS NIGAM LTD.,,N22000405,1765.92,03/2023,1687.89,2024-04,April_Part-II_List_of_tables.pdf,"April,2024",,,,,,,,,1765.92,24279.0,,0.0,
RAILWAYS,23,BANASPANI- JAKHPURA - DOUBLING,RAIL VIKAS NIGAM LTD.,,N22000412,942.95,03/2019,1918.7,2024-04,April_Part-II_List_of_tables.pdf,"April,2024",,,,,,,,,942.95,24231.0,,0.0,
RAILWAYS,24,MANIYACHI - NAGERCOIL (102 KM) DOUBLING,RAIL VIKAS NIGAM LTD.,,N22000449,1700.0,03/2022,1675.56,2024-04,April_Part-II_List_of_tables.pdf,"April,2024",,,,,,,,,1700.0,24267.0,,0.0,
RAILWAYS,25,INDORE-DEWAS-UJJAIN (80 KMS),WESTERN RAILWAY,,N22000493,700.0,06/2020,735.16,2024-04,April_Part-II_List_of_tables.pdf,"April,2024",,,,,,,,,700.0,24246.0,,0.0,
RAILWAYS,26,Rampurhat-Murarai (29.48 km)-3rd line ITEM RATE,EASTERN RAILWAYS,,N22000530,218.03,03/2024,67.14,2024-04,April_Part-II_List_of_tables.pdf,"April,2024",,,,,,,,,218.03,24291.0,,0.0,
RAILWAYS,27,BUDNI-BARKHERA - 3RD LINE (33 KM) Central Sector Projects,RAIL VIKAS NIGAM LTD.,,N22000588,991.6,02/2024,1775.59,2024-04,April_Part-II_List_of_tables.pdf,"April,2024",,,,,,,,,991.6,24290.0,,0.0,
RAILWAYS,28,FLYOVER AT BILASPUR (KHODRI-ANUPPUR) 10 KM ITEM RATE,SOUTH EAST CENTRAL RAILWAY,,N22000617,303.59,03/2024,29.86,2024-04,April_Part-II_List_of_tables.pdf,"April,2024",,,,,,,,,303.59,24291.0,,0.0,
ROAD TRANSPORT AND HIGHWAYS,29,4-LANNING OF TARSOD-FAGNE(FROM KM 422.700-510.00),NATIONAL HIGHWAYS AUTHORITY OF INDIA,,N24000628,1064.88,07/2021,958.51,2024-04,April_Part-II_List_of_tables.pdf,"April,2024",,,,,,,,,1064.88,24259.0,,0.0,
ROAD TRANSPORT AND HIGHWAYS,30,4-LANNING OF KODEBAD-DHAMTARI SECTION OF NH-43 (FROM KM. 43.400 TO KM. 82.209) IN THE STATE OF CHHAT,NATIONAL HIGHWAYS AUTHORITY OF INDIA,,N24000630,446.17,03/2019,353.96,2024-04,April_Part-II_List_of_tables.pdf,"April,2024",,,,,,,,,446.17,24231.0,,0.0,
ROAD TRANSPORT AND HIGHWAYS,31,FOUR LANING OF DIMAPUR KOHIMA ROAD FROM DESIGN KM 138.775 TO KM 152.490 (EXISTING KM 140.000 TO KM 1,NATIONAL HIGHWAYS AND INFRASTRUCTURE DEVELOPMENT CORPORATION Ltd.,,N24000687,396.52,08/2019,329.67,2024-04,April_Part-II_List_of_tables.pdf,"April,2024",,,,,,,,,396.52,24236.0,,0.0,
ROAD TRANSPORT AND HIGHWAYS,32,TWO LANING WITH PAVED SHOULDER OF MEENSURUTTI (KM. 98.433) TO CHIDAMBARM (KM. 129.965.) SECTION OF N,NATIONAL HIGHWAYS AUTHORITY OF INDIA,,N24000828,633.55,09/2023,265.12,2024-04,April_Part-II_List_of_tables.pdf,"April,2024",,,,,,,,,633.55,24285.0,,0.0,
ROAD TRANSPORT AND HIGHWAYS,33,PATRADEVI TO KARASWADA 4L (MINISTRY OF ROAD TRANSPORT AND HIGHWAYS (STATE PWDs)) - [N24001004],,,,634.32,05/2020,654.85,2024-04,April_Part-II_List_of_tables.pdf,"April,2024",,,,,,,,,634.32,24245.0,,0.0,
ROAD TRANSPORT AND HIGHWAYS,34,KARASWADA TO BAMBOLIM (MINISTRY OF ROAD TRANSPORT AND HIGHWAYS (STATE PWDs)) - [N24001005],,,,852.67,12/2019,463.26,2024-04,April_Part-II_List_of_tables.pdf,"April,2024",,,,,,,,,852.67,24240.0,,0.0,
ROAD TRANSPORT AND HIGHWAYS,35,CONSTRUCTION OF EIGHT LANE ACCESS CONTROLLED EXPRESSWAY CARRIAGEWAY FROM BARDAWADI VILLAGE TO MANDSA,NATIONAL HIGHWAYS AUTHORITY OF INDIA,,N24001199,743.88,12/2021,832.0,2024-04,April_Part-II_List_of_tables.pdf,"April,2024",,,,,,,,,743.88,24264.0,,0.0,
ROAD TRANSPORT AND HIGHWAYS,36,CONSTRUCTION OF EIGHT LANE ACCESS CONTROLLED EXPRESSWAY CARRIAGEWAY FROM JODMI VILLAGE TO BANI VILLA,NATIONAL HIGHWAYS AUTHORITY OF INDIA,,N24001213,1094.97,02/2022,1387.21,2024-04,April_Part-II_List_of_tables.pdf,"April,2024",,,,,,,,,1094.97,24266.0,,0.0,
ROAD TRANSPORT AND HIGHWAYS,37,REHABILITATION AND UPGRADATION OF NH 78 FROM KM 531.250 TO KM 597.946 KUNKURI TO CG JH BORDER SECTIO (MINISTRY OF ROAD TRANSPORT AND HIGHWAYS (STATE PWDs)) - [N24001224],,,,423.79,01/2018,338.28,2024-04,April_Part-II_List_of_tables.pdf,"April,2024",,,,,,,,,423.79,24217.0,,0.0,
ROAD TRANSPORT AND HIGHWAYS,38,PACKAGE-21 CONSTRUCTION OF EIGHTLANE ACCESS- CONTROLLED EXPRESSWAY CARRIAGEWAY FROM KAMLIYA VILLAGE,NATIONAL HIGHWAYS AUTHORITY OF INDIA,,N24001231,990.97,12/2021,1283.46,2024-04,April_Part-II_List_of_tables.pdf,"April,2024",,,,,,,,,990.97,24264.0,,0.0,
ROAD TRANSPORT AND HIGHWAYS,39,PACKAGE-24 CONSTRUCTION OF EIGHTLANE ACCESS- CONTROLLED EXPRESSWAY CARRIAGEWAY FROM RANNI VILLAGE TO,NATIONAL HIGHWAYS AUTHORITY OF INDIA,,N24001232,847.0,03/2022,966.25,2024-04,April_Part-II_List_of_tables.pdf,"April,2024",,,,,,,,,847.0,24267.0,,0.0,
ROAD TRANSPORT AND HIGHWAYS,40,PACKAGE-23 CONSTRUCTION OF DELHI-VADODARA EIGHT LANE ACCESS- CONTROLLED EXPRESSWAY FROM BAWDI VILLAG,NATIONAL HIGHWAYS AUTHORITY OF INDIA,,N24001233,1047.0,05/2020,1253.89,2024-04,April_Part-II_List_of_tables.pdf,"April,2024",,,,,,,,,1047.0,24245.0,,0.0,
ROAD TRANSPORT AND HIGHWAYS,41,PACKAGE-25 CONSTRUCTION OF EIGHTLANE ACCESS- CONTROLLED EXPRESSWAY CARRIAGEWAY FROM MIYATI VILLAGE T,NATIONAL HIGHWAYS AUTHORITY OF INDIA,,N24001234,996.27,03/2022,1195.72,2024-04,April_Part-II_List_of_tables.pdf,"April,2024",,,,,,,,,996.27,24267.0,,0.0,
ROAD TRANSPORT AND HIGHWAYS,42,REHABILATION AND UPGRADATION TO 2 LANE WITH PAVED SHPULDERS CONFIGURATION OF BEAWAR-ASIND SECTION (K (MINISTRY OF ROAD TRANSPORT AND HIGHWAYS (STATE PWDs)) - [N24001242],,,,196.23,11/2022,130.13,2024-04,April_Part-II_List_of_tables.pdf,"April,2024",,,,,,,,,196.23,24275.0,,0.0,
ROAD TRANSPORT AND HIGHWAYS,43,2-LANING FROM MANU-SIMLUNG ( PKG I) EPC,NATIONAL HIGHWAYS AND INFRASTRUCTURE DEVELOPMENT CORPORATION Ltd.,,N24001247,247.76,01/2022,118.7,2024-04,April_Part-II_List_of_tables.pdf,"April,2024",,,,,,,,,247.76,24265.0,,0.0,
ROAD TRANSPORT AND HIGHWAYS,44,REHABILITATION AND UPGRADATION OF ROAD FROM DESIGN KM 0.00 TO KM 11.800 OF KAILASHAHAR-KURTI BRIDGE EPC,NATIONAL HIGHWAYS AND INFRASTRUCTURE DEVELOPMENT CORPORATION Ltd.,,N24001265,154.51,07/2022,49.59,2024-04,April_Part-II_List_of_tables.pdf,"April,2024",,,,,,,,,154.51,24271.0,,0.0,
ROAD TRANSPORT AND HIGHWAYS,45,REHABILITATION AND UP-GRADATION OF ROAD FROM DESIGN KM 11.800 TO KM 25.250 OF KAILASHAHAR-KURTI BRID EPC,NATIONAL HIGHWAYS AND INFRASTRUCTURE DEVELOPMENT CORPORATION Ltd.,,N24001267,178.43,07/2022,57.66,2024-04,April_Part-II_List_of_tables.pdf,"April,2024",,,,,,,,,178.43,24271.0,,0.0,
ROAD TRANSPORT AND HIGHWAYS,46,CONSTRUCTION OF 2 LANE ROAD OF POTIN TO PANGIN SECTION OF NH 13 FROM KM 247.05 TO KM 284.92 (PACKAGE EPC(MINISTRY OF ROAD TRANSPORT AND HIGHWAYS (STATE PWDs)) - [N24001294],,,,560.39,03/2027,422.01,2024-04,April_Part-II_List_of_tables.pdf,"April,2024",,,,,,,,,560.39,24327.0,,0.0,
ROAD TRANSPORT AND HIGHWAYS,47,KARGIL-ZANSKR PACKAGE-6 EPC,NATIONAL HIGHWAYS AND INFRASTRUCTURE DEVELOPMENT CORPORATION Ltd.,,N24001346,239.81,05/2024,145.12,2024-04,April_Part-II_List_of_tables.pdf,"April,2024",,,,,,,,,239.81,24293.0,,0.0,
ROAD TRANSPORT AND HIGHWAYS,48,KARGIL-ZANSKR PACKAGE-7 EPC,NATIONAL HIGHWAYS AND INFRASTRUCTURE DEVELOPMENT CORPORATION Ltd.,,N24001347,308.86,06/2024,163.62,2024-04,April_Part-II_List_of_tables.pdf,"April,2024",,,,,,,,,308.86,24294.0,,0.0,
ROAD TRANSPORT AND HIGHWAYS,49,TULUNGIA-JOGIGHOPA-PAIKAN PKG-5 EPC,NATIONAL HIGHWAYS AND INFRASTRUCTURE DEVELOPMENT CORPORATION Ltd.,,N24001367,636.42,12/2022,474.28,2024-04,April_Part-II_List_of_tables.pdf,"April,2024",,,,,,,,,636.42,24276.0,,0.0,
ROAD TRANSPORT AND HIGHWAYS,50,4L+PS OF BEAWAR-ASIND SECTION (KM 30.00 TO KM 74.00) OF NH- 158 (GNHCP) WORLD BANK. PKG-II EPC(MINISTRY OF ROAD TRANSPORT AND HIGHWAYS (STATE PWDs)) - [N24001410],,,,216.72,12/2022,133.45,2024-04,April_Part-II_List_of_tables.pdf,"April,2024",,,,,,,,,216.72,24276.0,,0.0,
ROAD TRANSPORT AND HIGHWAYS,51,WIDENING FROM TWO LANE TO TWO LANE WITH PAVED SHOULDER FROM KM 34/000 TO 49/000 AND TWO LANE TO FOUR EPC(MINISTRY OF ROAD TRANSPORT AND HIGHWAYS (STATE PWDs)) - [N24001454],,,,184.15,08/2022,193.12,2024-04,April_Part-II_List_of_tables.pdf,"April,2024",,,,,,,,,184.15,24272.0,,0.0,
ROAD TRANSPORT AND HIGHWAYS,52,4 LANING OF CHAMPA-KORBA-CHHURI-KATGHORA SECTION OF NH 149B FROM KM.0.000 TO KM.38.200 PPP BOT (Hybrid Annuity),NATIONAL HIGHWAYS AUTHORITY OF INDIA,,N24001591,999.97,01/2024,948.58,2024-04,April_Part-II_List_of_tables.pdf,"April,2024",,,,,,,,,999.97,24289.0,,0.0,
ROAD TRANSPORT AND HIGHWAYS,53,8L OF GUDUVANCHERY (KM 38.00) - MARAIMALAI NAGAR (KM 42.00) - SINGAPERUMAL KOIL (47.00) - CHETTIPU Joint Venture,NATIONAL HIGHWAYS AUTHORITY OF INDIA,,N24001695,230.69,02/2022,197.46,2024-04,April_Part-II_List_of_tables.pdf,"April,2024",,,,,,,,,230.69,24266.0,,0.0,
ROAD TRANSPORT AND HIGHWAYS,54,BALANCE WORK OF 2L PS OF TINDIVANAM KRISHNAGIRI FROM KM 37.600 TO 219.782 ITEM RATE,NATIONAL HIGHWAYS AUTHORITY OF INDIA,,N24001724,602.57,07/2021,384.83,2024-04,April_Part-II_List_of_tables.pdf,"April,2024",,,,,,,,,602.57,24259.0,,0.0,
ROAD TRANSPORT AND HIGHWAYS,55,"4L OF SHAMLI TO MUZAFFARNAGAR SECTION OF NH-709AD, PKG-II EPC",NATIONAL HIGHWAYS AUTHORITY OF INDIA,,N24001742,1621.07,10/2022,1679.63,2024-04,April_Part-II_List_of_tables.pdf,"April,2024",,,,,,,,,1621.07,24274.0,,0.0,
ROAD TRANSPORT AND HIGHWAYS,56,4L OF AKOLA - MEDSHI FROM KM. 0.00 TO KM. 47.70 OF NH-161 INCLUDING BYPASSES AT PATUR AND MEDSHI EPC,NATIONAL HIGHWAYS AUTHORITY OF INDIA,,N24001803,1393.95,11/2022,527.13,2024-04,April_Part-II_List_of_tables.pdf,"April,2024",,,,,,,,,1393.95,24275.0,,0.0,
ROAD TRANSPORT AND HIGHWAYS,57,4L OF AUSA-CHAKUR SECTION FROM KM 55.835 TO KM 114.345 OF NH-361 HAM(Hybrid Annuity Mode),NATIONAL HIGHWAYS AUTHORITY OF INDIA,,N24001805,1169.04,03/2021,841.84,2024-04,April_Part-II_List_of_tables.pdf,"April,2024",,,,,,,,,1169.04,24255.0,,0.0,
ROAD TRANSPORT AND HIGHWAYS,58,CHAKUR LOHA SECTION OF NH-361 FROM KM 114.600 TO KM 187.80 HAM(Hybrid Annuity Mode),NATIONAL HIGHWAYS AUTHORITY OF INDIA,,N24001806,1241.38,03/2023,965.1,2024-04,April_Part-II_List_of_tables.pdf,"April,2024",,,,,,,,,1241.38,24279.0,,0.0,
ROAD TRANSPORT AND HIGHWAYS,59,MEDSHI (KM 47.700) TO WASHIM (KM 92.200) OF NH-161 IN MAHARASHTRA EPC,NATIONAL HIGHWAYS AUTHORITY OF INDIA,,N24001807,1061.29,10/2021,685.97,2024-04,April_Part-II_List_of_tables.pdf,"April,2024",,,,,,,,,1061.29,24262.0,,0.0,
ROAD TRANSPORT AND HIGHWAYS,60,FOUR LANNING OF JAGDISHPUR-FAIZABAD SECTION FROM KM 47.930 TO KM 107.680 OF NH-330A HAM(Hybrid Annuity Mode),NATIONAL HIGHWAYS AUTHORITY OF INDIA,,N24001816,1980.0,03/2023,1220.38,2024-04,April_Part-II_List_of_tables.pdf,"April,2024",,,,,,,,,1980.0,24279.0,,0.0,
DEFENCE PRODUCTION,61,"RESIDENTIAL QUATERS FOR HAL,BANGLORE",CPWD FOR DEFENCE,,N28000103,246.31,02/2020,185.84,2024-04,April_Part-II_List_of_tables.pdf,"April,2024",,,,,,,,,246.31,24242.0,,0.0,
COAL,1,NORTH TISRA AND SOUTH TISRA EXPANSION OCP (6MTY),BHARAT COKING COAL LIMITED,,N06000106,555.52,03/2021,291.95,2024-05,May_Part-2.pdf,"April,2024",,,,,,,,,555.52,24255.0,,0.0,
COAL,2,JAYANT EXPANSION OCP 10 TO 20 MTPA Central Sector Projects,NORTHERN COAL FIELDS LIMITED,,N06000159,1783.09,03/2021,1390.64,2024-05,May_Part-2.pdf,"April,2024",,,,,,,,,1783.09,24255.0,,0.0,
PETROLEUM,3,CITY GAS DISTRIBUTION (CGD) NETWORK BHUBANESHWAR Central Sector Projects,GAS AUTHORITY OF INDIA LIMITED,,N16000289,243.53,07/2022,217.42,2024-05,May_Part-2.pdf,"April,2024",,,,,,,,,243.53,24271.0,,0.0,
PETROLEUM,4,KOCHI SALEM LPG PIPELINE PROJECT (Kochi Salem Pipeline Private Limited(JV)) - [N16000314],,,,1112.0,06/2019,1157.07,2024-05,May_Part-2.pdf,"April,2024",,,,,,,,,1112.0,24234.0,,0.0,
PETROLEUM,5,CITY GAS DISTRIBUTION (CGD) NETWORK PATNA,GAS AUTHORITY OF INDIA LIMITED,,N16000327,359.25,10/2022,293.6,2024-05,May_Part-2.pdf,"April,2024",,,,,,,,,359.25,24274.0,,0.0,
PETROLEUM,6,"CITY GAS DISTRIBUTION (CGD) NETWORK, CUTTACK",GAS AUTHORITY OF INDIA LIMITED,,N16000328,182.2,07/2022,144.55,2024-05,May_Part-2.pdf,"April,2024",,,,,,,,,182.2,24271.0,,0.0,
PETROLEUM,7,"CITY GAS DISTRIBUTION (CGD) NETWORK, RANCHI",GAS AUTHORITY OF INDIA LIMITED,,N16000329,226.45,10/2022,257.39,2024-05,May_Part-2.pdf,"April,2024",,,,,,,,,226.45,24274.0,,0.0,
PETROLEUM,8,30 INCH CRUDE OIL PIPELINE IN HALDIA-BARAUNI SECTION OF PHBPL AND CONVERSION OF EXISTING 18 INCH HAL,INDIAN OIL CORPORATION LIMITED,,N16000332,3712.0,09/2022,2915.64,2024-05,May_Part-2.pdf,"April,2024",,,,,,,,,3712.0,24273.0,,0.0,
PETROLEUM,9,SUSTAINED EVACUATION OF GAS FROM GANDHAR FIELDS BY INSTALLING A GAS COMPRESSOR AND PIPELINE CONNECTI,GAS AUTHORITY OF INDIA LIMITED,,N16000349,225.54,02/2021,240.53,2024-05,May_Part-2.pdf,"April,2024",,,,,,,,,225.54,24254.0,,0.0,
PETROLEUM,10,"Setting up of Integated 2G and 1G Bio-Ethanol Refinery at Bargarh, Odisha",BHARAT PETROLEUM CORPORATION LIMITED,,N16000374,1607.0,08/2022,1085.97,2024-05,May_Part-2.pdf,"April,2024",,,,,,,,,1607.0,24272.0,,0.0,
PETROLEUM,11,CITY GAS DISTRIBUTION PROJECT IN GEOGRAPHICAL AREA OF SONIPAT (EAAA) AND JIND DISTRICTS EPC,HINDUSTAN PETROLEUM CORPORATION LIMITED,,N16000385,520.0,09/2026,468.39,2024-05,May_Part-2.pdf,"April,2024",,,,,,,,,520.0,24321.0,,0.0,
PETROLEUM,12,CITY GAS DISTRIBUTION IN UP AND UK,HINDUSTAN PETROLEUM CORPORATION LIMITED,,N16000387,3450.2,03/2029,1962.02,2024-05,May_Part-2.pdf,"April,2024",,,,,,,,,3450.2,24351.0,,0.0,
PETROLEUM,13,"CITY GAS DISTRIBUTION, JAMSHEDPUR",GAS AUTHORITY OF INDIA LIMITED,,N16000389,221.45,10/2022,237.03,2024-05,May_Part-2.pdf,"April,2024",,,,,,,,,221.45,24274.0,,0.0,
PETROLEUM,15,HPOIL GAS PVT LTD Joint Venture,HPOIL Gas Pvt. Ltd,,N16000516,334.0,05/2025,0.93,2024-05,May_Part-2.pdf,"April,2024",,,,,,,,,334.0,24305.0,,0.0,
PETROLEUM,16,HPOIL GAS PVT LTD-II Joint Venture,HPOIL Gas Pvt. Ltd,,N16000517,307.0,03/2025,14.23,2024-05,May_Part-2.pdf,"April,2024",,,,,,,,,307.0,24303.0,,0.0,
RAILWAYS,17,"MUNEERABAD-MAHABOOBNAGAR(NL),SCR",SOUTH CENTRAL RAILWAY,220100205.0,,1723.0,03/2000,2532.19,2024-05,May_Part-2.pdf,"April,2024",,,,,,,,,1723.0,24003.0,,0.0,
RAILWAYS,18,MULTI MODAL TRANSPORT SYSTEM(MMTS) PHASE-II HYDERABAD,RAIL VIKAS NIGAM LTD.,,N22000213,632.68,03/2016,1094.53,2024-05,May_Part-2.pdf,"April,2024",,,,,,,,,632.68,24195.0,,0.0,
RAILWAYS,19,MONIGRAM- NIMTITA,EASTERN RAILWAYS,,N22000301,250.93,,603.03,2024-05,May_Part-2.pdf,"April,2024",,,,,,,,,250.93,,,0.0,
RAILWAYS,20,ROSA-SITAPUR CANTT-BURHWAL DOUBLING,NORTH EASTERN RAILWAY,,N22000347,1295.42,03/2022,2262.57,2024-05,May_Part-2.pdf,"April,2024",,,,,,,,,1295.42,24267.0,,0.0,
RAILWAYS,21,"LUCKNOW- PILIBHIT VIA SITAPUR, LAKHIMPUR GC",RAIL VIKAS NIGAM LTD.,,N22000404,927.01,03/2019,1684.0,2024-05,May_Part-2.pdf,"April,2024",,,,,,,,,927.01,24231.0,,0.0,
RAILWAYS,22,MAU-GHAZIPUR-TARIGHAT NEW LINE,RAIL VIKAS NIGAM LTD.,,N22000405,1765.92,03/2023,1687.89,2024-05,May_Part-2.pdf,"April,2024",,,,,,,,,1765.92,24279.0,,0.0,
RAILWAYS,23,BANASPANI- JAKHPURA - DOUBLING,RAIL VIKAS NIGAM LTD.,,N22000412,942.95,03/2019,1918.7,2024-05,May_Part-2.pdf,"April,2024",,,,,,,,,942.95,24231.0,,0.0,
RAILWAYS,24,MANIYACHI - NAGERCOIL (102 KM) DOUBLING,RAIL VIKAS NIGAM LTD.,,N22000449,1700.0,03/2022,1675.56,2024-05,May_Part-2.pdf,"April,2024",,,,,,,,,1700.0,24267.0,,0.0,
RAILWAYS,25,INDORE-DEWAS-UJJAIN (80 KMS),WESTERN RAILWAY,,N22000493,700.0,06/2020,735.16,2024-05,May_Part-2.pdf,"April,2024",,,,,,,,,700.0,24246.0,,0.0,
RAILWAYS,26,Rampurhat-Murarai (29.48 km)-3rd line ITEM RATE,EASTERN RAILWAYS,,N22000530,218.03,03/2024,67.14,2024-05,May_Part-2.pdf,"April,2024",,,,,,,,,218.03,24291.0,,0.0,
RAILWAYS,27,BUDNI-BARKHERA - 3RD LINE (33 KM) Central Sector Projects,RAIL VIKAS NIGAM LTD.,,N22000588,991.6,02/2024,1775.59,2024-05,May_Part-2.pdf,"April,2024",,,,,,,,,991.6,24290.0,,0.0,
RAILWAYS,28,FLYOVER AT BILASPUR (KHODRI-ANUPPUR) 10 KM ITEM RATE,SOUTH EAST CENTRAL RAILWAY,,N22000617,303.59,03/2024,29.86,2024-05,May_Part-2.pdf,"April,2024",,,,,,,,,303.59,24291.0,,0.0,
ROAD TRANSPORT AND HIGHWAYS,29,4-LANNING OF TARSOD-FAGNE(FROM KM 422.700-510.00),NATIONAL HIGHWAYS AUTHORITY OF INDIA,,N24000628,1064.88,07/2021,958.51,2024-05,May_Part-2.pdf,"April,2024",,,,,,,,,1064.88,24259.0,,0.0,
ROAD TRANSPORT AND HIGHWAYS,30,4-LANNING OF KODEBAD-DHAMTARI SECTION OF NH-43 (FROM KM. 43.400 TO KM. 82.209) IN THE STATE OF CHHAT,NATIONAL HIGHWAYS AUTHORITY OF INDIA,,N24000630,446.17,03/2019,353.96,2024-05,May_Part-2.pdf,"April,2024",,,,,,,,,446.17,24231.0,,0.0,
ROAD TRANSPORT AND HIGHWAYS,31,FOUR LANING OF DIMAPUR KOHIMA ROAD FROM DESIGN KM 138.775 TO KM 152.490 (EXISTING KM 140.000 TO KM 1,NATIONAL HIGHWAYS AND INFRASTRUCTURE DEVELOPMENT CORPORATION Ltd.,,N24000687,396.52,08/2019,329.67,2024-05,May_Part-2.pdf,"April,2024",,,,,,,,,396.52,24236.0,,0.0,
ROAD TRANSPORT AND HIGHWAYS,32,TWO LANING WITH PAVED SHOULDER OF MEENSURUTTI (KM. 98.433) TO CHIDAMBARM (KM. 129.965.) SECTION OF N,NATIONAL HIGHWAYS AUTHORITY OF INDIA,,N24000828,633.55,09/2023,265.12,2024-05,May_Part-2.pdf,"April,2024",,,,,,,,,633.55,24285.0,,0.0,
ROAD TRANSPORT AND HIGHWAYS,33,PATRADEVI TO KARASWADA 4L (MINISTRY OF ROAD TRANSPORT AND HIGHWAYS (STATE PWDs)) - [N24001004],,,,634.32,05/2020,654.85,2024-05,May_Part-2.pdf,"April,2024",,,,,,,,,634.32,24245.0,,0.0,
ROAD TRANSPORT AND HIGHWAYS,34,KARASWADA TO BAMBOLIM (MINISTRY OF ROAD TRANSPORT AND HIGHWAYS (STATE PWDs)) - [N24001005],,,,852.67,12/2019,463.26,2024-05,May_Part-2.pdf,"April,2024",,,,,,,,,852.67,24240.0,,0.0,
ROAD TRANSPORT AND HIGHWAYS,35,CONSTRUCTION OF EIGHT LANE ACCESS CONTROLLED EXPRESSWAY CARRIAGEWAY FROM BARDAWADI VILLAGE TO MANDSA,NATIONAL HIGHWAYS AUTHORITY OF INDIA,,N24001199,743.88,12/2021,832.0,2024-05,May_Part-2.pdf,"April,2024",,,,,,,,,743.88,24264.0,,0.0,
ROAD TRANSPORT AND HIGHWAYS,36,CONSTRUCTION OF EIGHT LANE ACCESS CONTROLLED EXPRESSWAY CARRIAGEWAY FROM JODMI VILLAGE TO BANI VILLA,NATIONAL HIGHWAYS AUTHORITY OF INDIA,,N24001213,1094.97,02/2022,1387.21,2024-05,May_Part-2.pdf,"April,2024",,,,,,,,,1094.97,24266.0,,0.0,
ROAD TRANSPORT AND HIGHWAYS,37,REHABILITATION AND UPGRADATION OF NH 78 FROM KM 531.250 TO KM 597.946 KUNKURI TO CG JH BORDER SECTIO (MINISTRY OF ROAD TRANSPORT AND HIGHWAYS (STATE PWDs)) - [N24001224],,,,423.79,01/2018,338.28,2024-05,May_Part-2.pdf,"April,2024",,,,,,,,,423.79,24217.0,,0.0,
ROAD TRANSPORT AND HIGHWAYS,38,PACKAGE-21 CONSTRUCTION OF EIGHTLANE ACCESS- CONTROLLED EXPRESSWAY CARRIAGEWAY FROM KAMLIYA VILLAGE,NATIONAL HIGHWAYS AUTHORITY OF INDIA,,N24001231,990.97,12/2021,1283.46,2024-05,May_Part-2.pdf,"April,2024",,,,,,,,,990.97,24264.0,,0.0,
ROAD TRANSPORT AND HIGHWAYS,39,PACKAGE-24 CONSTRUCTION OF EIGHTLANE ACCESS- CONTROLLED EXPRESSWAY CARRIAGEWAY FROM RANNI VILLAGE TO,NATIONAL HIGHWAYS AUTHORITY OF INDIA,,N24001232,847.0,03/2022,966.25,2024-05,May_Part-2.pdf,"April,2024",,,,,,,,,847.0,24267.0,,0.0,
ROAD TRANSPORT AND HIGHWAYS,40,PACKAGE-23 CONSTRUCTION OF DELHI-VADODARA EIGHT LANE ACCESS- CONTROLLED EXPRESSWAY FROM BAWDI VILLAG,NATIONAL HIGHWAYS AUTHORITY OF INDIA,,N24001233,1047.0,05/2020,1253.89,2024-05,May_Part-2.pdf,"April,2024",,,,,,,,,1047.0,24245.0,,0.0,
ROAD TRANSPORT AND HIGHWAYS,41,PACKAGE-25 CONSTRUCTION OF EIGHTLANE ACCESS- CONTROLLED EXPRESSWAY CARRIAGEWAY FROM MIYATI VILLAGE T,NATIONAL HIGHWAYS AUTHORITY OF INDIA,,N24001234,996.27,03/2022,1195.72,2024-05,May_Part-2.pdf,"April,2024",,,,,,,,,996.27,24267.0,,0.0,
ROAD TRANSPORT AND HIGHWAYS,42,REHABILATION AND UPGRADATION TO 2 LANE WITH PAVED SHPULDERS CONFIGURATION OF BEAWAR-ASIND SECTION (K (MINISTRY OF ROAD TRANSPORT AND HIGHWAYS (STATE PWDs)) - [N24001242],,,,196.23,11/2022,130.13,2024-05,May_Part-2.pdf,"April,2024",,,,,,,,,196.23,24275.0,,0.0,
ROAD TRANSPORT AND HIGHWAYS,43,2-LANING FROM MANU-SIMLUNG ( PKG I) EPC,NATIONAL HIGHWAYS AND INFRASTRUCTURE DEVELOPMENT CORPORATION Ltd.,,N24001247,247.76,01/2022,118.7,2024-05,May_Part-2.pdf,"April,2024",,,,,,,,,247.76,24265.0,,0.0,
ROAD TRANSPORT AND HIGHWAYS,44,REHABILITATION AND UPGRADATION OF ROAD FROM DESIGN KM 0.00 TO KM 11.800 OF KAILASHAHAR-KURTI BRIDGE EPC,NATIONAL HIGHWAYS AND INFRASTRUCTURE DEVELOPMENT CORPORATION Ltd.,,N24001265,154.51,07/2022,49.59,2024-05,May_Part-2.pdf,"April,2024",,,,,,,,,154.51,24271.0,,0.0,
ROAD TRANSPORT AND HIGHWAYS,45,REHABILITATION AND UP-GRADATION OF ROAD FROM DESIGN KM 11.800 TO KM 25.250 OF KAILASHAHAR-KURTI BRID EPC,NATIONAL HIGHWAYS AND INFRASTRUCTURE DEVELOPMENT CORPORATION Ltd.,,N24001267,178.43,07/2022,57.66,2024-05,May_Part-2.pdf,"April,2024",,,,,,,,,178.43,24271.0,,0.0,
ROAD TRANSPORT AND HIGHWAYS,46,CONSTRUCTION OF 2 LANE ROAD OF POTIN TO PANGIN SECTION OF NH 13 FROM KM 247.05 TO KM 284.92 (PACKAGE EPC(MINISTRY OF ROAD TRANSPORT AND HIGHWAYS (STATE PWDs)) - [N24001294],,,,560.39,03/2027,422.01,2024-05,May_Part-2.pdf,"April,2024",,,,,,,,,560.39,24327.0,,0.0,
ROAD TRANSPORT AND HIGHWAYS,47,KARGIL-ZANSKR PACKAGE-6 EPC,NATIONAL HIGHWAYS AND INFRASTRUCTURE DEVELOPMENT CORPORATION Ltd.,,N24001346,239.81,05/2024,145.12,2024-05,May_Part-2.pdf,"April,2024",,,,,,,,,239.81,24293.0,,0.0,
ROAD TRANSPORT AND HIGHWAYS,48,KARGIL-ZANSKR PACKAGE-7 EPC,NATIONAL HIGHWAYS AND INFRASTRUCTURE DEVELOPMENT CORPORATION Ltd.,,N24001347,308.86,06/2024,163.62,2024-05,May_Part-2.pdf,"April,2024",,,,,,,,,308.86,24294.0,,0.0,
ROAD TRANSPORT AND HIGHWAYS,49,TULUNGIA-JOGIGHOPA-PAIKAN PKG-5 EPC,NATIONAL HIGHWAYS AND INFRASTRUCTURE DEVELOPMENT CORPORATION Ltd.,,N24001367,636.42,12/2022,474.28,2024-05,May_Part-2.pdf,"April,2024",,,,,,,,,636.42,24276.0,,0.0,
ROAD TRANSPORT AND HIGHWAYS,50,4L+PS OF BEAWAR-ASIND SECTION (KM 30.00 TO KM 74.00) OF NH- 158 (GNHCP) WORLD BANK. PKG-II EPC(MINISTRY OF ROAD TRANSPORT AND HIGHWAYS (STATE PWDs)) - [N24001410],,,,216.72,12/2022,133.45,2024-05,May_Part-2.pdf,"April,2024",,,,,,,,,216.72,24276.0,,0.0,
ROAD TRANSPORT AND HIGHWAYS,51,WIDENING FROM TWO LANE TO TWO LANE WITH PAVED SHOULDER FROM KM 34/000 TO 49/000 AND TWO LANE TO FOUR EPC(MINISTRY OF ROAD TRANSPORT AND HIGHWAYS (STATE PWDs)) - [N24001454],,,,184.15,08/2022,193.12,2024-05,May_Part-2.pdf,"April,2024",,,,,,,,,184.15,24272.0,,0.0,
ROAD TRANSPORT AND HIGHWAYS,52,4 LANING OF CHAMPA-KORBA-CHHURI-KATGHORA SECTION OF NH 149B FROM KM.0.000 TO KM.38.200 PPP BOT (Hybrid Annuity),NATIONAL HIGHWAYS AUTHORITY OF INDIA,,N24001591,999.97,01/2024,948.58,2024-05,May_Part-2.pdf,"April,2024",,,,,,,,,999.97,24289.0,,0.0,
ROAD TRANSPORT AND HIGHWAYS,53,8L OF GUDUVANCHERY (KM 38.00) - MARAIMALAI NAGAR (KM 42.00) - SINGAPERUMAL KOIL (47.00) - CHETTIPU Joint Venture,NATIONAL HIGHWAYS AUTHORITY OF INDIA,,N24001695,230.69,02/2022,197.46,2024-05,May_Part-2.pdf,"April,2024",,,,,,,,,230.69,24266.0,,0.0,
ROAD TRANSPORT AND HIGHWAYS,54,BALANCE WORK OF 2L PS OF TINDIVANAM KRISHNAGIRI FROM KM 37.600 TO 219.782 ITEM RATE,NATIONAL HIGHWAYS AUTHORITY OF INDIA,,N24001724,602.57,07/2021,384.83,2024-05,May_Part-2.pdf,"April,2024",,,,,,,,,602.57,24259.0,,0.0,
ROAD TRANSPORT AND HIGHWAYS,55,"4L OF SHAMLI TO MUZAFFARNAGAR SECTION OF NH-709AD, PKG-II EPC",NATIONAL HIGHWAYS AUTHORITY OF INDIA,,N24001742,1621.07,10/2022,1679.63,2024-05,May_Part-2.pdf,"April,2024",,,,,,,,,1621.07,24274.0,,0.0,
ROAD TRANSPORT AND HIGHWAYS,56,4L OF AKOLA - MEDSHI FROM KM. 0.00 TO KM. 47.70 OF NH-161 INCLUDING BYPASSES AT PATUR AND MEDSHI EPC,NATIONAL HIGHWAYS AUTHORITY OF INDIA,,N24001803,1393.95,11/2022,527.13,2024-05,May_Part-2.pdf,"April,2024",,,,,,,,,1393.95,24275.0,,0.0,
ROAD TRANSPORT AND HIGHWAYS,57,4L OF AUSA-CHAKUR SECTION FROM KM 55.835 TO KM 114.345 OF NH-361 HAM(Hybrid Annuity Mode),NATIONAL HIGHWAYS AUTHORITY OF INDIA,,N24001805,1169.04,03/2021,841.84,2024-05,May_Part-2.pdf,"April,2024",,,,,,,,,1169.04,24255.0,,0.0,
ROAD TRANSPORT AND HIGHWAYS,58,CHAKUR LOHA SECTION OF NH-361 FROM KM 114.600 TO KM 187.80 HAM(Hybrid Annuity Mode),NATIONAL HIGHWAYS AUTHORITY OF INDIA,,N24001806,1241.38,03/2023,965.1,2024-05,May_Part-2.pdf,"April,2024",,,,,,,,,1241.38,24279.0,,0.0,
ROAD TRANSPORT AND HIGHWAYS,59,MEDSHI (KM 47.700) TO WASHIM (KM 92.200) OF NH-161 IN MAHARASHTRA EPC,NATIONAL HIGHWAYS AUTHORITY OF INDIA,,N24001807,1061.29,10/2021,685.97,2024-05,May_Part-2.pdf,"April,2024",,,,,,,,,1061.29,24262.0,,0.0,
ROAD TRANSPORT AND HIGHWAYS,60,FOUR LANNING OF JAGDISHPUR-FAIZABAD SECTION FROM KM 47.930 TO KM 107.680 OF NH-330A HAM(Hybrid Annuity Mode),NATIONAL HIGHWAYS AUTHORITY OF INDIA,,N24001816,1980.0,03/2023,1220.38,2024-05,May_Part-2.pdf,"April,2024",,,,,,,,,1980.0,24279.0,,0.0,
DEFENCE PRODUCTION,61,"RESIDENTIAL QUATERS FOR HAL,BANGLORE",CPWD FOR DEFENCE,,N28000103,246.31,02/2020,185.84,2024-05,May_Part-2.pdf,"April,2024",,,,,,,,,246.31,24242.0,,0.0,
PETROLEUM,62,RUF PITCH LOADING GANTRY EPC,HINDUSTAN PETROLEUM CORPORATION LIMITED,,N16000406,332.61,11/2022,356.61,2024-05,May_Part-2.pdf,"May,2024",,,,,,,,,332.61,24275.0,,0.0,
PETROLEUM,63,"CGD PROJECT AT AURANGABAD, KAIMUR AND ROHTAS DISTRICTS",INDIAN OIL CORPORATION LIMITED,,N16000415,176.0,08/2027,132.81,2024-05,May_Part-2.pdf,"May,2024",,,,,,,,,176.0,24332.0,,0.0,
PETROLEUM,64,"CGD PROJECT AT BOKARO, HAZARIBAGH AND RAMGARH DISTRICTS",INDIAN OIL CORPORATION LIMITED,,N16000416,613.0,12/2029,226.62,2024-05,May_Part-2.pdf,"May,2024",,,,,,,,,613.0,24360.0,,0.0,
PETROLEUM,65,CGD PROJECT AT REWA DISTRICT,INDIAN OIL CORPORATION LIMITED,,N16000417,177.0,02/2027,109.76,2024-05,May_Part-2.pdf,"May,2024",,,,,,,,,177.0,24326.0,,0.0,
PETROLEUM,66,CGD PROJECT AT COIMBATORE DISTRICT,INDIAN OIL CORPORATION LIMITED,,N16000418,2998.0,03/2030,326.22,2024-05,May_Part-2.pdf,"May,2024",,,,,,,,,2998.0,24363.0,,0.0,
PETROLEUM,67,CGD PROJECT AT SALEM DISTRICT,INDIAN OIL CORPORATION LIMITED,,N16000419,1304.0,03/2030,107.78,2024-05,May_Part-2.pdf,"May,2024",,,,,,,,,1304.0,24363.0,,0.0,
PETROLEUM,68,"CGD PROJECT AT SRIKAKULAM, VISAKHAPATNAM AND VIZIANAGARAM DISTRICTS",INDIAN OIL CORPORATION LIMITED,,N16000420,2880.0,08/2027,236.74,2024-05,May_Part-2.pdf,"May,2024",,,,,,,,,2880.0,24332.0,,0.0,
PETROLEUM,69,"CGD PROJECT AT ARARIA, PURNIA, KATIHAR AND KISHANGANJ DISTRICTS",INDIAN OIL CORPORATION LIMITED,,N16000421,988.0,12/2029,93.56,2024-05,May_Part-2.pdf,"May,2024",,,,,,,,,988.0,24360.0,,0.0,
PETROLEUM,70,"CGD PROJECT AT ARWAL, JEHANABAD, BHOJPUR AND BUXAR DISTRICTS",INDIAN OIL CORPORATION LIMITED,,N16000422,439.0,02/2028,221.42,2024-05,May_Part-2.pdf,"May,2024",,,,,,,,,439.0,24338.0,,0.0,
PETROLEUM,71,"CGD PROJECT AT LAKHISARAI, MUNGER AND BHAGALPUR DISTRICTS",INDIAN OIL CORPORATION LIMITED,,N16000424,347.0,02/2028,156.74,2024-05,May_Part-2.pdf,"May,2024",,,,,,,,,347.0,24338.0,,0.0,
PETROLEUM,72,"CGD PROJECT AT MUZAFFARPUR, VAISHALI, SARAN AND SAMASTIPUR DISTRICTS",INDIAN OIL CORPORATION LIMITED,,N16000425,2996.0,02/2028,572.3,2024-05,May_Part-2.pdf,"May,2024",,,,,,,,,2996.0,24338.0,,0.0,
PETROLEUM,73,"CGD PROJECT AT SHEIKHPURA, JAMUI AND DEOGHAR DISTRICTS",INDIAN OIL CORPORATION LIMITED,,N16000427,303.0,02/2028,195.24,2024-05,May_Part-2.pdf,"May,2024",,,,,,,,,303.0,24338.0,,0.0,
PETROLEUM,74,SETTING UP OF 10 MW ELECTROLYSER FOR PRODUCING GREEN HYDROGEN Central Sector Projects,GAS AUTHORITY OF INDIA LIMITED,,N16000501,231.0,11/2023,105.6,2024-05,May_Part-2.pdf,"May,2024",,,,,,,,,231.0,24287.0,,0.0,
POWER,75,CHATTI BARIATU COAL MINING PROJECT National Project,NATIONAL THERMAL POWER CORPORATION,,N18000369,1314.0,04/2024,1012.94,2024-05,May_Part-2.pdf,"May,2024",,,,,,,,,1314.0,24292.0,,0.0,
ROAD TRANSPORT AND HIGHWAYS,76,4 LANNING OF MUKKOLA JUNCTION TO KERALA/ TAMIL NADU BORDER FROM KM 26.500 TO KM 43.000 OF NH-47 IN T,NATIONAL HIGHWAYS AUTHORITY OF INDIA,,N24000566,804.97,06/2018,723.59,2024-05,May_Part-2.pdf,"May,2024",,,,,,,,,804.97,24222.0,,0.0,
ROAD TRANSPORT AND HIGHWAYS,77,JUNAGADH BYPASS Central Sector Projects,NATIONAL HIGHWAYS AUTHORITY OF INDIA,,N24000701,232.49,04/2021,345.49,2024-05,May_Part-2.pdf,"May,2024",,,,,,,,,232.49,24256.0,,0.0,
ROAD TRANSPORT AND HIGHWAYS,78,CONSTRUCTION OF TWO LANE WITH HARD SHOULDERS OF MERANGKONG-TAMLU-MON ROAD FROM EXISTING KM 41.065 TO,NATIONAL HIGHWAYS AND INFRASTRUCTURE DEVELOPMENT CORPORATION Ltd.,,N24000764,272.89,10/2022,137.63,2024-05,May_Part-2.pdf,"May,2024",,,,,,,,,272.89,24274.0,,0.0,
ROAD TRANSPORT AND HIGHWAYS,79,DEVELOPMENT OF CHILODA GANDHINAGAR SARKHEJ OF NH 147 OLD NH 8C FROM KM 0/0 TO KM 44/042 IN THE STATE EPC(MINISTRY OF ROAD TRANSPORT AND HIGHWAYS (STATE PWDs)) - [N24000922],,,,867.97,11/2020,795.92,2024-05,May_Part-2.pdf,"May,2024",,,,,,,,,867.97,24251.0,,0.0,
ROAD TRANSPORT AND HIGHWAYS,80,CONSTRUCTION OF SIGNATURE BRIDGE BETWEEN DWARKA AND BEY DWARKA AND ITS APPROACHES IN THE STATE OF GU EPC(MINISTRY OF ROAD TRANSPORT AND HIGHWAYS (STATE PWDs)) - [N24000926],,,,962.43,09/2020,892.54,2024-05,May_Part-2.pdf,"May,2024",,,,,,,,,962.43,24249.0,,0.0,
ROAD TRANSPORT AND HIGHWAYS,81,BALANCE WORK FOR REHABILITATION AND UPGRADATION OF SATNA-BELA SECTION OF NH-75 FROM KM. 155.0 TO KM. (MINISTRY OF ROAD TRANSPORT AND HIGHWAYS (STATE PWDs)) - [N24001151],,,,392.33,03/2018,443.77,2024-05,May_Part-2.pdf,"May,2024",,,,,,,,,392.33,24219.0,,0.0,
ROAD TRANSPORT AND HIGHWAYS,82,UP GRADATION OF NEWLY DECLARED NH 341 TO TWO LANE WITH PAVED SHOULDER CONFIGURATION BETWEEN KM. 65.4 (MINISTRY OF ROAD TRANSPORT AND HIGHWAYS (STATE PWDs)) - [N24001197],,,,351.0,06/2021,220.88,2024-05,May_Part-2.pdf,"May,2024",,,,,,,,,351.0,24258.0,,0.0,
ROAD TRANSPORT AND HIGHWAYS,83,2 LANING OF KOHIMA - JESSAMI SECTION (PACKAGE IV) EPC,NATIONAL HIGHWAYS AND INFRASTRUCTURE DEVELOPMENT CORPORATION Ltd.,,N24001285,330.78,12/2021,204.26,2024-05,May_Part-2.pdf,"May,2024",,,,,,,,,330.78,24264.0,,0.0,
ROAD TRANSPORT AND HIGHWAYS,84,4-LANING OF DERGAON TOWN EPC,NATIONAL HIGHWAYS AND INFRASTRUCTURE DEVELOPMENT CORPORATION Ltd.,,N24001435,287.63,06/2022,405.95,2024-05,May_Part-2.pdf,"May,2024",,,,,,,,,287.63,24270.0,,0.0,
ROAD TRANSPORT AND HIGHWAYS,85,CONSTRUCTION OF 8LANE DIVIDED CARRIAGEWAY STARTING AT SOHNA GURUGRAM ROAD NE 4 NEAR ALIPUR VILLAGE A EPC,NATIONAL HIGHWAYS AUTHORITY OF INDIA,,N24001782,2312.26,09/2021,1361.51,2024-05,May_Part-2.pdf,"May,2024",,,,,,,,,2312.26,24261.0,,0.0,
ROAD TRANSPORT AND HIGHWAYS,86,4L OF DHROL-BHADRA-PATIYA SECTION FROM 0.000 TO KM 13.600 AND BHADRA PATIYA - PIPALIYA SECTION FROM HAM(Hybrid Annuity Mode),NATIONAL HIGHWAYS AUTHORITY OF INDIA,,N24001787,971.03,10/2023,627.86,2024-05,May_Part-2.pdf,"May,2024",,,,,,,,,971.03,24286.0,,0.0,
ROAD TRANSPORT AND HIGHWAYS,87,6L KORLAM-KANTAKAPALLE SECTION OF NH-130CD ROAD FROM KM 421.100 TO KM 445.100 (PKG-3) PPP BOT (Hybrid Annuity),NATIONAL HIGHWAYS AUTHORITY OF INDIA,,N24001839,772.7,02/2024,556.84,2024-05,May_Part-2.pdf,"May,2024",,,,,,,,,772.7,24290.0,,0.0,
DEPARTMENT OF HIGHER EDUCATION,88,CONSTRUCTION OF MEGA HOSTEL II FOR NIT CALICUT KERALA,CPWD OF HIGHER EDUCATION,,N28000075,165.23,10/2012,135.78,2024-05,May_Part-2.pdf,"May,2024",,,,,,,,,165.23,24154.0,,0.0,
,1,SRP OC-II EXPANSION PROJECT,SCCL,,N06000173,272.73,03/2018,269.65,2024-06,June.pdf,,,,,,,,,,272.73,24219.0,,0.0,
,2,"C/O OF 152 NOS TYPE-II,304 NOS,TYPE-III,76 NOS, TYPE-IV QTRS. FOR INCOME TAX DEPARTMENT AT CHENNAI",CPWD FOR FINANC,,N28000089,209.0,10/2019,205.72,2024-06,June.pdf,,,,,,,,,,209.0,24238.0,,0.0,
,3,CONSTRUCTION OF ATAL AKSHAY URJA BHAWAN CGO COMPLEX LODHI ROAD NEW DELHI,CPWD R ENERGY,,N28000118,271.9,11/2019,329.49,2024-06,June.pdf,,,,,,,,,,271.9,24239.0,,0.0,
,4,"DEVELOPMENT OF 4-LANING SECTION OF NH-31 FROM KM 551.36 (GHOSHPUKUR) TO KM 563.26 (BIHAR MORE, BAGDO",MoRTH,,N24000883,254.3,10/2020,197.33,2024-06,June.pdf,,,,,,,,,,254.3,24250.0,,0.0,
,5,CONSTRUCTION OF 4-LANE BYPASS TO VIJAYANAGARAM TOWN ON NH43 (NEW NH26) FROM 537/6 TO 552/0 (RAIPUR-V,MoRTH,,N24000933,429.43,11/2017,385.4,2024-06,June.pdf,,,,,,,,,,429.43,24215.0,,0.0,
,6,REHABILITATION AND UPGRADATION OF NH326A FROM KM 0/0 TO 41/979 (EXCLUDING KM 2/255 TO 3/372 AND KM 3,MoRTH,,N24000934,228.32,08/2018,176.26,2024-06,June.pdf,,,,,,,,,,228.32,24224.0,,0.0,
,7,REHABILITATION AND UPGRADATION OF NEW NH-544E FROM KM. 0.000 TO KM 56.803 OF KODIKONDA - MADAKASIRA,MoRTH,,N24000939,504.19,11/2018,516.39,2024-06,June.pdf,,,,,,,,,,504.19,24227.0,,0.0,
,8,REHABILITATION AND UPGRADATION OF DHINDI- DIGAMARRU SECTION FROM KM126/510 TO KM135/740 OF NH214(NH21,MoRTH,,N24000965,386.09,05/2016,266.29,2024-06,June.pdf,,,,,,,,,,386.09,24197.0,,0.0,
,9,REHABILITATION AND UPGRADATION OF LOSARI- MACHAVARAM SECTION FROM KM34/230 TO KM84/550 OF NH214(NH216,MoRTH,,N24000967,444.84,09/2016,423.36,2024-06,June.pdf,,,,,,,,,,444.84,24201.0,,0.0,
,10,REHABILITATION UPGRADATION OF NH214(NH216) FROM KM41.161 TO KM59.800(GURJANAPALLI TO POLEKURU SECT,MoRTH,,N24000966,348.95,08/2016,317.36,2024-06,June.pdf,,,,,,,,,,348.95,24200.0,,0.0,
,11,REHABILITATION AND UPGRADATION OF MACHILIPATNAM TO AVANIGADDA SECTION FROM KM84/550 - 124/200 OF NH2,MoRTH,,N24000968,376.25,08/2017,405.97,2024-06,June.pdf,,,,,,,,,,376.25,24212.0,,0.0,
,12,REHABILITAITON AND UPGRADATION OF REPALLE TO EEPPURPALEM SECTION FROM KM 128/927 TO KM 195/000 OF NH,MoRTH,,N24000970,576.48,01/2018,685.2,2024-06,June.pdf,,,,,,,,,,576.48,24217.0,,0.0,
,13,4-LANNING OF END OF PANDOH BYPASS TAKOLI IN H.P,NHAI,,N24000692,2485.93,06/2020,1421.76,2024-06,June.pdf,,,,,,,,,,2485.93,24246.0,,0.0,
,14,REHABILITATION AND UP GRADATION OF NH-544E FROM KM 56/803 TO KM 99/179 OF MADAKASIRA TO SIRA SECTION,MoRTH,,N24001384,207.79,03/2021,177.96,2024-06,June.pdf,,,,,,,,,,207.79,24255.0,,0.0,
,15,WIDENING AND STRENGTHENING TO TWO LANE WITH PAVED SHOULDERS FROM KM 491/000 TO KM 525/200 OF RAIPUR,MoRTH,,N24001385,221.4,05/2021,171.44,2024-06,June.pdf,,,,,,,,,,221.4,24257.0,,0.0,
,16,"WIDENING AND STRENGTHENING FROM KM.15.000 TO KM, 58.600 (BHADEWARA -DRAMANDGANJ SECTION) OF NATIONAL",MoRTH,,N24001478,257.97,05/2024,132.48,2024-06,June.pdf,,,,,,,,,,257.97,24293.0,,0.0,
,17,4L OF KHEDAKHAJURIYA TO SUHAGADI FROM KM. 41.400 TO KM. 89.200 OF NH-148NG (PKG-II),NHAI,,N24001757,876.37,10/2024,370.28,2024-06,June.pdf,,,,,,,,,,876.37,24298.0,,0.0,
,18,FORMATION OF BYPASS ROAD TO KADIRI TOWN FROM ON NH42,MoRTH,,N24001930,220.66,09/2023,164.53,2024-06,June.pdf,,,,,,,,,,220.66,24285.0,,0.0,
Oil & Gas,1,HP Trijet Unit in Visakh Refinery,Hindustan Petroleum Corporation Limited,709761.0,,193.0,,0.43,2025-10,FlashReport_October_2025.pdf,,Ministry of Petroleum & Natural Gas,Andhra Pradesh,07/2024,07/2024,11/2025,07/2027,11/2025,193.0,193.0,24311.0,24331.0,0.0,-20.0
Oil & Gas,2,Bathinda Sangrur Pipeline,Ministry of Petroleum and Natural Gas,612998.0,,367.0,,355.93,2025-10,FlashReport_October_2025.pdf,,Ministry of Petroleum & Natural Gas,Punjab,11/2021,11/2021,10/2015,05/2024,10/2025,397.0,397.0,24190.0,24293.0,8.174386920980927,-103.0
Railways,3,Vijapur Ambliyasan Gauge Conversion,Western Railway (WR) - II,611938.0,,415.38,,701.04,2025-10,FlashReport_October_2025.pdf,,Ministry of Railways,Gujarat,05/2022,05/2022,10/2025,05/2026,10/2025,415.38,415.38,24310.0,24317.0,0.0,-7.0
Railways,4,Himmatnagar Khedbrahma Gauge Conversion,Western Railway (WR) - II,611939.0,,482.42,,894.4,2025-10,FlashReport_October_2025.pdf,,Ministry of Railways,Gujarat,06/2022,04/2017,08/2025,06/2001,08/2025,482.42,482.42,24308.0,24018.0,0.0,290.0
Railways,5,Domingarh-Gorakhpur-Gorakhpur Cantt.-Kusumhi - 3rd Railway Line Project,North Eastern Railway [NER],705566.0,,351.0,,499.64,2025-10,FlashReport_October_2025.pdf,,Ministry of Railways,Uttar Pradesh,11/2016,06/2018,09/2025,02/2025,09/2025,521.47,521.47,24309.0,24302.0,48.56695156695158,7.0
Railways,6,Bahraich - Nanpara - Nepalganj Road Gauge Conversion,North Eastern Railway [NER],705863.0,,950.0,,507.02,2025-10,FlashReport_October_2025.pdf,,Ministry of Railways,Uttar Pradesh,07/2020,04/2021,09/2025,07/2025,09/2025,550.0,550.0,24309.0,24307.0,-42.10526315789474,2.0
Aviation & Aviation Infrastructure,1,Lucknow Airport-Terminal 3- Phase 1 & Other Associated Works,Adani Airport Holdings Limited,701091.0,,3100.0,,3112.57,2025-11,FlashReport_November_2025.pdf,,Ministry of Civil Aviation,Uttar Pradesh,06/2018,09/2018,03/2024,03/2026,,,3100.0,24291.0,24315.0,0.0,-24.0
Coal,2,JAMPALI OC RCE [2.0 MTY],South Eastern Coalfields Limited [SECL],613795.0,,278.64,,210.07,2025-11,FlashReport_November_2025.pdf,,Ministry of Coal,Chhattisgarh,05/2020,05/2020,08/2024,03/2025,06/2025,,278.64,24296.0,24303.0,0.0,-7.0
Construction,3,"C/o 184 MS Flats for Hon'ble MPs at BKS Marg, New Delhi",Central Public Works Department [CPWD],617282.0,,646.53,,540.04,2025-11,FlashReport_November_2025.pdf,,Ministry of Housing & Urban Affairs,Delhi,01/2022,05/2022,09/2025,05/2025,09/2025,646.52,646.52,24309.0,24305.0,-0.0015467186364114434,4.0
Waste & Water,4,Dibrugarh Water Supply Infrastructure Project,Ministry of Housing & Urban Affairs,702682.0,,186.8,,186.8,2025-11,FlashReport_November_2025.pdf,,Ministry of Housing & Urban Affairs,Assam,02/2016,01/2020,12/2025,03/2023,01/2026,,186.8,24312.0,24279.0,0.0,33.0
Healthcare,5,"Construction of New OPD Block 200 Bed ward Basement + GF + 6 Floors at the location of old OPD block, at existing ESIC Hospital/ Medical college campus, Sanathnagar, Hyderabad",Employee's State Insurance Company [ESIC],612688.0,,211.13,,198.95,2025-11,FlashReport_November_2025.pdf,,Ministry of Labour and Employment,Telangana,11/2017,10/2021,06/2025,06/2024,06/2025,,211.13,24306.0,24294.0,0.0,12.0
Shipping,6,"Construction of new dry dock at exisitng Cochin Shipyard Limited premises at Perumanoor, Kochi 682 015",Cochin Shipyard,701564.0,,1799.0,,1558.39,2025-11,FlashReport_November_2025.pdf,,"Ministry of Ports, Shipping and Waterways",Kerala,04/2018,05/2018,03/2025,12/2022,03/2025,,1799.0,24303.0,24276.0,0.0,27.0
Transmission & Distribution,7,Western Region Expansion Scheme-XXV,Power Grid Corporation of India Limited [POWERGRID],611737.0,,385.84,,385.84,2025-11,FlashReport_November_2025.pdf,,Ministry of Power,Chhattisgarh,05/2022,05/2022,08/2023,10/2025,,,385.84,24284.0,24310.0,0.0,-26.0
Transmission & Distribution,8,Transmission system strengthening scheme for evacuation of power from solar energy zones in Rajasthan 8.1 GW under Phase II- Part- G1,Power Grid Corporation of India Limited [POWERGRID],608301.0,,359.47,,359.47,2025-11,FlashReport_November_2025.pdf,,Ministry of Power,Delhi,02/2022,02/2022,11/2025,09/2023,12/2025,,359.47,24311.0,24285.0,0.0,26.0
Transmission & Distribution,9,Transmission scheme for evacuation of 4.5GW RE injection at Khavda PS under Phase II- Part B,Power Grid Corporation of India Limited [POWERGRID],611656.0,,1167.55,,1167.0,2025-11,FlashReport_November_2025.pdf,,Ministry of Power,Gujarat,03/2023,03/2023,12/2025,03/2025,12/2025,1167.0,1167.0,24312.0,24303.0,-0.04710719027022008,9.0
Transmission & Distribution,10,Establishment of Khavda Pooling Station-2 KPS2 in Khavda RE Park KPS2 TRANSMISSION SYSTEM LIMITED,Power Grid Corporation of India Limited [POWERGRID],611660.0,,966.79,,966.79,2025-11,FlashReport_November_2025.pdf,,Ministry of Power,Gujarat,03/2023,03/2023,12/2025,12/2024,11/2025,,966.79,24312.0,24300.0,0.0,12.0
Transmission & Distribution,11,Transmission system for evacuation of Power from Pakaldul HEP in Chenab Valley HEPs - LTA System,Power Grid Corporation of India Limited [POWERGRID],608302.0,,318.12,,318.12,2025-11,FlashReport_November_2025.pdf,,Ministry of Power,Jammu and Kashmir,02/2022,02/2022,11/2025,04/2025,11/2025,,318.12,24311.0,24304.0,0.0,7.0
Transmission & Distribution,12,Transmission System Strengthening Scheme for evacuation of power from SEZ in Rajasthan 8.1 GW under Phase II Part G,Power Grid Corporation of India Limited [POWERGRID],608922.0,,1666.0,,2218.0,2025-11,FlashReport_November_2025.pdf,,Ministry of Power,"Multi-States (Delhi, Haryana, Rajasthan)",05/2022,05/2022,11/2023,12/2025,,2218.0,2218.0,24287.0,24312.0,33.13325330132053,-25.0
Transmission & Distribution,13,Transmission System for Strengthening of Srinagar-Leh Tr. System,Power Grid Corporation of India Limited [POWERGRID],606781.0,,288.71,,288.71,2025-11,FlashReport_November_2025.pdf,,Ministry of Power,"Multi-States (Jammu and Kashmir, Ladakh)",03/2022,03/2022,11/2025,12/2024,11/2025,,288.71,24311.0,24300.0,0.0,11.0
Education,1,"Additional Infrastructure at IISc Bangalore-RCC Monolithic for Men Hostel S14, Women Hostel S11 , Postdoctoral Hostel S12 2 Block , International Hostel S 12 , D&E Block S 12 2 Block FR.",IISC Bangalore,610940.0,,420.41,,367.92,2025-12,FlashReport_December_2025.pdf,,Department of Higher Education,Karnataka,08/2021,08/2021,12/2025,03/2024,12/2025,420.41,420.41,24312.0,24291.0,0.0,21.0
Education,2,Hostel 4 -Earlier Known as Hostel 20,"Indian Institute of Technology, Bombay",612135.0,,182.33,,178.17,2025-12,FlashReport_December_2025.pdf,,Department of Higher Education,Maharashtra,09/2022,12/2023,12/2025,09/2025,12/2025,,182.33,24312.0,24309.0,0.0,3.0
Telecommunication,3,OPTICAL TRANSPORT NETWORK [OTN] PH-4 IN BSNL,BSNL,709858.0,,810.99,,786.86,2025-12,FlashReport_December_2025.pdf,,Department of Telecommunications,PAN India,02/2024,02/2024,10/2025,08/2025,10/2025,,810.99,24310.0,24308.0,0.0,2.0
Aviation & Aviation Infrastructure,4,"Construction of New Terminal Building, Second Link Taxi Track, Apron Expansion, and associated works at Prayagraj Airport- On Design & Build Basis.",Airport Authority of India [AAI],612063.0,,219.18,,215.51,2025-12,FlashReport_December_2025.pdf,,Ministry of Civil Aviation,Uttar Pradesh,08/2023,,10/2025,11/2024,10/2025,274.38,274.38,24310.0,24299.0,25.184779633178206,11.0
Coal,5,CHHAL OC SEAM III [6 MTY],South Eastern Coalfields Limited [SECL],400145.0,,610.63,,583.26,2025-12,FlashReport_December_2025.pdf,,Ministry of Coal,Chhattisgarh,12/2013,12/2013,12/2025,03/2022,01/2026,,610.63,24312.0,24267.0,0.0,45.0
Waste & Water,6,Nagpur Water Supply Infrastructure Project,Ministry of Housing & Urban Affairs,702842.0,,273.78,,267.57,2025-12,FlashReport_December_2025.pdf,,Ministry of Housing & Urban Affairs,Maharashtra,12/2015,08/2018,01/2026,03/2023,01/2026,271.86,271.86,24313.0,24279.0,-0.7012930089853018,34.0
Healthcare,7,Construction of 100 bedded ESIC Hospital & 32 nos. of Staff qtrs at OMPURA J&K.,Employee's State Insurance Company [ESIC],612239.0,,131.05,,162.05,2025-12,FlashReport_December_2025.pdf,,Ministry of Labour and Employment,Jammu and Kashmir,09/2019,12/2021,12/2025,09/2024,12/2025,164.93,164.93,24312.0,24297.0,25.85272796642502,15.0
Oil & Gas,8,Debottlenecking and Augmentation of Cryogenic facilities at Uran LPG Import Terminal,"Department of Water Resources, River Development & GR",400158.0,,1164.69,,1048.74,2025-12,FlashReport_December_2025.pdf,,Ministry of Petroleum & Natural Gas,Maharashtra,04/2021,04/2021,12/2025,02/2024,12/2025,1629.86,1629.86,24312.0,24290.0,39.93938301178853,22.0
Oil & Gas,9,Construction of lube oil blending plant at Rasayani,Ministry of Petroleum & Natural Gas,610985.0,,423.39,,333.48,2025-12,FlashReport_December_2025.pdf,,Ministry of Petroleum & Natural Gas,Maharashtra,05/2022,05/2022,12/2025,12/2023,12/2025,526.26,526.26,24312.0,24288.0,24.296747679444486,24.0
Electricity Generation,10,BIKANER SOLAR POWER PROJECT,Satluj Jal Vidyut Nigam [SJVN] Thermal Limited,709748.0,,5491.89,,5523.11,2025-12,FlashReport_December_2025.pdf,,Ministry of Power,Rajasthan,10/2021,05/2022,12/2025,04/2024,12/2025,,5491.89,24312.0,24292.0,0.0,20.0
Electricity Generation,11,Khurja super Thermal Power Plant [2X660 MW],THDC India Limited,602194.0,,11089.42,,12888.23,2025-12,FlashReport_December_2025.pdf,,Ministry of Power,Uttar Pradesh,03/2019,08/2019,09/2025,02/2024,09/2025,13276.2,13276.2,24309.0,24290.0,19.719516439994162,19.0
Transmission & Distribution,12,Transmission system strengthening scheme for evacuation of power from solar energy zones in Rajasthan[8.1 GW] under phase-II- Part E,Power Grid Corporation of India Limited [POWERGRID],611659.0,,1433.28,,1433.0,2025-12,FlashReport_December_2025.pdf,,Ministry of Power,Rajasthan,03/2023,03/2023,01/2026,09/2024,01/2026,1433.0,1433.0,24313.0,24297.0,-0.01953561062737028,16.0
Railways,13,Adraj Moti Vijapur 40 Kms,Western Railway (WR) - II,611937.0,,417.53,,513.61,2025-12,FlashReport_December_2025.pdf,,Ministry of Railways,Gujarat,05/2022,05/2022,12/2025,05/2026,12/2025,417.53,417.53,24312.0,24317.0,0.0,-5.0
Railways,14,Western Region Video Surveillance Project,RCIL,705300.0,,227.59,,0.0,2025-12,FlashReport_December_2025.pdf,,Ministry of Railways,PAN India,06/2020,04/2023,01/2026,12/2023,07/2026,,227.59,24313.0,24288.0,0.0,25.0
Railways,15,"Phephna-Indara, Mau-Shahganj doubling excluding Indara-Mau",RVNL - I,705779.0,,1178.0,,2217.85,2025-12,FlashReport_December_2025.pdf,,Ministry of Railways,Uttar Pradesh,05/2017,10/2019,12/2025,12/2024,12/2025,2215.0,2215.0,24312.0,24300.0,88.03056027164686,12.0
Railways,16,Janghai-Phaphamau Doubling Rail Line Project,RVNL,705784.0,,357.0,,844.84,2025-12,FlashReport_December_2025.pdf,,Ministry of Railways,Uttar Pradesh,11/2018,03/2020,01/2025,03/2025,01/2025,978.77,978.77,24301.0,24303.0,174.16526610644257,-2.0
Steel,17,Installation of 4th Slab Caster along with its Auxiliaries and a New Ladle Furnace in SMS-II at Rourkela Steel Plant,Steel Authority of India Limited [SAIL],400065.0,,1105.23,,809.53,2025-12,FlashReport_December_2025.pdf,,Ministry of Steel,Odisha,01/2022,02/2022,05/2025,09/2025,,,1105.23,24305.0,24309.0,0.0,-4.0
Energy Storage,1,"Setting up a common user Petroleum Terminal at Jammu, J&K for resitement of existing PSU OMC's Depots from Jammu City",Bharat Petroleum Corporation Limited [BPCL],400235.0,,676.89,,587.36,2026-01,FlashReport_January_2026.pdf,,Ministry of Petroleum & Natural Gas,Jammu and Kashmir,04/2023,04/2023,01/2026,03/2025,01/2026,715.89,715.89,24313.0,24303.0,5.761645171298143,10.0
Transmission & Distribution,2,Transmission scheme for evacuation of 4.5GW RE injection at Khavda PS under Phase II- Part C,Power Grid Corporation of India Limited [POWERGRID],611657.0,,2820.99,,2820.99,2026-01,FlashReport_January_2026.pdf,,Ministry of Power,Gujarat,03/2023,03/2023,01/2026,03/2025,01/2026,,2820.99,24313.0,24303.0,0.0,10.0
Railways,3,Third Railway Line between Patratu-Sonnagar [291 kms],RVNL - II,400234.0,,8975.0,,5690.22,2026-01,FlashReport_January_2026.pdf,,Ministry of Railways,"Multi-States (Bihar, Jharkhand)",11/2016,08/2018,02/2026,03/2026,07/2026,8975.0,8975.0,24314.0,24315.0,0.0,-1.0
Waste & Water,1,Jaunpur Sewerage Management Infrastructure Project,Ministry of Housing & Urban Affairs,702948.0,,235.73,,231.62,2026-02,FlashReport_February_2026.pdf,,Ministry of Housing & Urban Affairs,Uttar Pradesh,03/2017,08/2019,03/2026,06/2023,03/2026,231.62,231.62,24315.0,24282.0,-1.7435201289610933,33.0
Oil & Gas,2,Replacement and Extension of Jetty Pipelines [REJP] at KR,Bharat Petroleum Corporation Limited [BPCL],709790.0,,621.87,,220.0,2026-02,FlashReport_February_2026.pdf,,Ministry of Petroleum & Natural Gas,Kerala,03/2023,03/2023,02/2026,03/2026,02/2026,372.0,372.0,24314.0,24315.0,-40.18042356119446,-1.0
Oil & Gas,3,Installation of Independent De- Aromatized Solvents [DAS] production facilities at MR,Bharat Petroleum Corporation Limited [BPCL],709789.0,,405.0,,254.56,2026-02,FlashReport_February_2026.pdf,,Ministry of Petroleum & Natural Gas,Maharashtra,03/2023,03/2023,02/2026,07/2025,02/2026,343.0,343.0,24314.0,24307.0,-15.308641975308642,7.0
Oil & Gas,4,"PP Project, Pata",Gas Authority of India Limited [GAIL],400161.0,,910.56,,1082.0,2026-02,FlashReport_February_2026.pdf,,Ministry of Petroleum & Natural Gas,Uttar Pradesh,03/2019,03/2019,02/2026,01/2024,02/2026,1299.02,1299.02,24314.0,24289.0,42.66165875944474,25.0
Transmission & Distribution,5,Transmission system for evacuation of power from REZ in Rajasthan 20 GW under Phase-III part B1,Power Grid Corporation of India Limited [POWERGRID],611950.0,,2190.54,,2190.54,2026-02,FlashReport_February_2026.pdf,,Ministry of Power,Rajasthan,09/2023,09/2023,03/2026,04/2025,02/2026,,2190.54,24315.0,24304.0,0.0,11.0
Railways,6,Penukonda - Dharmavaram Doubling Project [41.5 Km],South Western Railway [SWR] - II,705789.0,,307.66,,311.28,2026-02,FlashReport_February_2026.pdf,,Ministry of Railways,Andhra Pradesh,06/2018,12/2018,02/2026,03/2026,03/2026,307.66,307.66,24314.0,24315.0,0.0,-1.0
Railways,7,Quadrupling between Gandhidham Adipur with Y connection at Adipur for providing direct entry towards Mundra Port and Bhuj and high level platform at Gopalpur 11Kms,Western Railway [WR] - II,611944.0,,152.44,,120.36,2026-02,FlashReport_February_2026.pdf,,Ministry of Railways,Gujarat,02/2023,02/2023,02/2026,03/2026,01/2026,152.44,152.44,24314.0,24315.0,0.0,-1.0
Railways,8,Trivandrum- Kanyakumari,Southern Railway [SR] - I,705635.0,,1432.0,,2882.55,2026-02,FlashReport_February_2026.pdf,,Ministry of Railways,"Multi-States (Kerala, Tamil Nadu)",08/2017,03/2016,03/2026,03/2025,12/2026,3785.45,3785.45,24315.0,24303.0,164.34706703910612,12.0
Roads & Highways,9,Construction of 2-Laning with hard shoulders of Hayuliang Hawai bypass Road on EPC basis from design Km. 51.825 to Km. 63.131 Existing Km 45.050 of HayuliangHawai road to Hawai Town under SARDP-NE -Balance work Pkg - IV,NHIDCL,618424.0,,256.66,,0.0,2026-02,FlashReport_February_2026.pdf,,Ministry of Road Transport & Highways,Arunachal Pradesh,01/2017,05/2021,05/2023,07/2026,,216.76,216.76,24281.0,24319.0,-15.545858333982714,-38.0
Telecommunication,1,354 Uncovered Villages Scheme,Department of Telecommunications [DoT],701600.0,,336.89,,246.04,2026-03,FlashReport_March_2026.pdf,,Department of Telecommunications,"Multi-States (Bihar, Gujarat, Himachal Pradesh, Jammu and Kashmir, Ladakh, Rajasthan, Uttar Pradesh)",12/2019,04/2020,10/2021,08/2025,,301.13,301.13,24262.0,24308.0,-10.614740716554362,-46.0
Urban Public Transport,2,"Ahmedabad Metro Rail Project, Phase-II",Gujarat Metro Rail Corporation Limited [GMRCL],702631.0,,5384.17,,5358.41,2026-03,FlashReport_March_2026.pdf,,Ministry of Housing & Urban Affairs,Gujarat,03/2019,03/2019,03/2024,12/2025,,,5384.17,24291.0,24312.0,0.0,-21.0
Urban Public Transport,3,Delhi-Ghaziabad-Meerut Regional Rapid Transit System [RRTS] corridor,National Capital Region Transport Corporation [NCRTC],702633.0,,30274.0,,27950.13,2026-03,FlashReport_March_2026.pdf,,Ministry of Housing & Urban Affairs,"Multi-States (Delhi, Uttar Pradesh)",03/2019,03/2019,02/2026,06/2025,02/2026,30274.0,30274.0,24314.0,24306.0,0.0,8.0
Healthcare,4,C/o Construction of 200 bedded [Up-gradable to 300 bedded] ESI Hospital at Surat Gujarat.,Employee's State Insurance Company [ESIC],612185.0,,209.36,,202.62,2026-03,FlashReport_March_2026.pdf,,Ministry of Labour and Employment,Gujarat,06/2019,03/2021,06/2025,01/2026,,,209.36,24306.0,24313.0,0.0,-7.0
Energy Storage,5,Construction of Aviation Fuel farm Facilities at Bhogapuram Airport,Ministry of Petroleum & Natural Gas,616235.0,,240.0,,152.91,2026-03,FlashReport_March_2026.pdf,,Ministry of Petroleum & Natural Gas,Andhra Pradesh,08/2024,08/2024,03/2026,03/2026,03/2026,240.0,240.0,24315.0,24315.0,0.0,0.0
Energy Storage,6,"Grass root POL Terminal at Vallur, Chennai",Indian Oil Corporation Limited [IOCL],400077.0,,827.0,,661.1,2026-03,FlashReport_March_2026.pdf,,Ministry of Petroleum & Natural Gas,Tamil Nadu,01/2022,01/2022,03/2026,12/2024,03/2026,887.71,887.71,24315.0,24300.0,7.340991535671105,15.0
Oil & Gas,7,"City Gas Distribution Project at Kurnool, Guntur & Prakasam Districts",MinistryofPetroleumNaturalGas,709766.0,,1420.0,,171.55,2026-03,FlashReport_March_2026.pdf,,Ministry of Petroleum & Natural Gas,Andhra Pradesh,03/2022,03/2022,03/2026,03/2030,03/2026,1420.0,1420.0,24315.0,24363.0,0.0,-48.0
Oil & Gas,8,Part Replacement Pipeline Project [PRPP],Oil and Natural Gas Corporation Limited [ONGC],709846.0,,1219.48,,833.21,2026-03,FlashReport_March_2026.pdf,,Ministry of Petroleum & Natural Gas,Maharashtra,11/2022,11/2022,03/2026,05/2024,03/2026,1145.1,1145.1,24315.0,24293.0,-6.099321022074991,22.0
Oil & Gas,9,Upgradation of Facilities of Numaligarh-Siliguri Product Pipeline [NSPL] for transportation of additional products from existing 1.72 MMTPA to 5.5 MMTPA,Ministry of Petroleum & Natural Gas,701350.0,,860.0,,639.43,2026-03,FlashReport_March_2026.pdf,,Ministry of Petroleum & Natural Gas,"Multi-States (Assam, West Bengal)",06/2021,06/2021,03/2026,12/2024,03/2026,750.0,750.0,24315.0,24300.0,-12.790697674418604,15.0
Shipping,10,Construction of oil jetty No.8 at old kandla through internal resources,Deendayal Port Trust [DPT],701568.0,,100.0,,186.47,2026-03,FlashReport_March_2026.pdf,,"Ministry of Ports, Shipping and Waterways",Gujarat,02/2018,02/2021,03/2024,02/2023,07/2024,225.85,225.85,24291.0,24278.0,125.85,13.0
Shipping,11,Berth No. 2 [previously Berth 3] of HDC Mechanization Project,"Haldia Dock Complex, Syama Prasad Mookerjee Port Authority",701576.0,,298.26,,480.0,2026-03,FlashReport_March_2026.pdf,,"Ministry of Ports, Shipping and Waterways",West Bengal,11/2022,03/2023,01/2026,09/2025,01/2026,298.26,298.26,24313.0,24309.0,0.0,4.0
Electricity Generation,12,Tehri Pumped Storage Plant Project [4x250 MW],THDC India Limited,602193.0,,4825.6,,8267.03,2026-03,FlashReport_March_2026.pdf,,Ministry of Power,Uttarakhand,07/2006,06/2011,04/2026,06/2022,04/2026,8339.0,8339.0,24316.0,24270.0,72.80752652519892,46.0
Transmission & Distribution,13,Augmentation of 1x1500 MVA 3rd 765/400 kV transformation capacity at Kurnool New Substation,Power Grid Corporation of India Limited [POWERGRID],612856.0,,163.61,,163.61,2026-03,FlashReport_March_2026.pdf,,Ministry of Power,Andhra Pradesh,05/2023,12/2023,03/2026,09/2025,03/2026,,163.61,24315.0,24309.0,0.0,6.0
Railways,14,Katni - Bina Third Railway Line [279 km],West Central Railway WCR I,705651.0,,2478.23,,3368.11,2026-03,FlashReport_March_2026.pdf,,Ministry of Railways,Madhya Pradesh,06/2016,01/2017,03/2026,03/2022,02/2026,4127.23,4127.23,24315.0,24267.0,66.53942531564864,48.0
Railways,15,Hotgi-Kudgi-Gadag Doubling Project,South Western Railway [SWR] - II,705662.0,,1878.0,,2771.29,2026-03,FlashReport_March_2026.pdf,,Ministry of Railways,"Multi-States (Karnataka, Maharashtra)",04/2014,01/2016,03/2026,12/2024,03/2026,2459.0,2459.0,24315.0,24300.0,30.93716719914803,15.0
Roads & Highways,16,"6L Standalone Flyovers at Bongaigaon, Chapaguri, Pathsala, Simlaguri chowk and Baihata Bypass Junctions on stretches of NH-31 and NH-27",National Highways Authority of India [NHAI],618575.0,,457.72,,371.63,2026-03,FlashReport_March_2026.pdf,,Ministry of Road Transport & Highways,Assam,03/2022,01/2023,07/2024,02/2026,,412.15,412.15,24295.0,24314.0,-9.955868216376835,-19.0
Roads & Highways,17,Delhi-Vadodara Greenfield Alignment NH-148N Pkg-30 Ch 803420 to Ch.824920 [Baletiya Village - Junction near Pratap Nagar Village],National Highways Authority of India [NHAI],618461.0,,1800.73,,1090.06,2026-03,FlashReport_March_2026.pdf,,Ministry of Road Transport & Highways,Gujarat,11/2019,09/2021,09/2023,01/2026,,1800.73,1800.73,24285.0,24313.0,0.0,-28.0
Roads & Highways,18,Construction of Tunnels/Viaducts at identified sliding/slip zones at Km 130.550 to Km.130.750 Km. 131.170 to Km. 131.763 Km. 132.560 to Km. 133.168 Km. 133.590 to Km. 133.743 and Km. 147.877 to Km. 148.715 of Udhampur-Ramban section of NH-44,National Highways Authority of India [NHAI],618546.0,,442.14,,458.86,2026-03,FlashReport_March_2026.pdf,,Ministry of Road Transport & Highways,Jammu and Kashmir,09/2021,04/2022,10/2023,12/2025,,533.11,533.11,24286.0,24312.0,20.57493101732484,-26.0
Roads & Highways,19,Stand-alone Ring road/bypass around Jammu City from Raya Morh km. -0.687 to Jagti km. 57.568,National Highways Authority of India [NHAI],618548.0,,2023.88,,996.53,2026-03,FlashReport_March_2026.pdf,,Ministry of Road Transport & Highways,Jammu and Kashmir,12/2017,01/2018,01/2021,01/2026,,2117.63,2117.63,24253.0,24313.0,4.632191631914935,-60.0
Roads & Highways,20,4L of Byrapura to Challakere Section from km 308.550 to km 358.500 of NH-150 A,National Highways Authority of India [NHAI],619115.0,,796.77,,430.26,2026-03,FlashReport_March_2026.pdf,,Ministry of Road Transport & Highways,Karnataka,03/2018,12/2018,12/2020,03/2026,,1195.54,1195.54,24252.0,24315.0,50.048320092372954,-63.0
Roads & Highways,21,Bellary to Byrapura Section km 253.600 to km 308.550 of NH-150A,National Highways Authority of India [NHAI],618696.0,,1281.47,,553.21,2026-03,FlashReport_March_2026.pdf,,Ministry of Road Transport & Highways,"Multi-States (Andhra Pradesh, Karnataka)",03/2018,10/2019,10/2021,03/2026,,1689.6,1689.6,24262.0,24315.0,31.84858014623829,-53.0
Roads & Highways,22,4L of Nagina-Kashipur section from km. 73.00 to km. 175.00 of NH-74,National Highways Authority of India [NHAI],618876.0,,2125.03,,496.78,2026-03,FlashReport_March_2026.pdf,,Ministry of Road Transport & Highways,"Multi-States (Uttar Pradesh, Uttarakhand)",01/2015,10/2017,04/2020,02/2026,,2531.19,2531.19,24244.0,24314.0,19.11314193211389,-70.0
Roads & Highways,23,6L of IT City Chowk to Kurali Chandigarh Road,National Highways Authority of India [NHAI],618789.0,,1525.31,,1695.39,2026-03,FlashReport_March_2026.pdf,,Ministry of Road Transport & Highways,Punjab,03/2021,10/2022,10/2024,12/2025,,1936.54,1936.54,24298.0,24312.0,26.96042116028873,-14.0
Roads & Highways,24,4L Rampur Bypass from Km. 181.000 to Km. 189.500,National Highways Authority of India [NHAI],618689.0,,364.47,,272.05,2026-03,FlashReport_March_2026.pdf,,Ministry of Road Transport & Highways,Uttar Pradesh,10/2021,10/2022,04/2024,03/2026,,307.95,307.95,24292.0,24315.0,-15.50744917277143,-23.0
Steel,25,CONSTRUCTION OF RESIDENTIAL TOWERS AT BIOM KIRANDUL COMPLEX,National Mineral Development Corporation Limited [NMDC],709827.0,,349.75,,326.85,2026-03,FlashReport_March_2026.pdf,,Ministry of Steel,Chhattisgarh,07/2021,10/2022,03/2026,12/2025,03/2026,,349.75,24315.0,24312.0,0.0,3.0
Waste & Water,1,Upgradation of Sewerage system in Gandhinagar City,ministry of housing and urban affairs,707267.0,,200.0,,100.0,2026-04,FlashReport_April2026.pdf,,Ministry of Housing & Urban Affairs,Gujarat,07/2020,03/2021,03/2026,06/2023,,,200.0,24315.0,24282.0,0.0,33.0
Waste & Water,2,Sewerage Management Scheme Part-3 Implementation,Ministry of Housing & Urban Affairs,702735.0,,213.19,,180.32,2026-04,FlashReport_April2026.pdf,,Ministry of Housing & Urban Affairs,Haryana,03/2017,10/2018,04/2026,03/2023,04/2026,,213.19,24316.0,24279.0,0.0,37.0
Waste & Water,3,24/7 water supply under AMRUT for Davanagere,Ministry of Housing & Urban Affairs,702764.0,,174.96,,171.6,2026-04,FlashReport_April2026.pdf,,Ministry of Housing & Urban Affairs,Karnataka,11/2016,01/2018,05/2026,03/2023,05/2026,,174.96,24317.0,24279.0,0.0,38.0
Waste & Water,4,Jabalpur Sewerage Management and Treatment Infrastructure Project,Ministry of Housing & Urban Affairs,702798.0,,362.31,,332.05,2026-04,FlashReport_April2026.pdf,,Ministry of Housing & Urban Affairs,Madhya Pradesh,10/2018,12/2017,04/2026,03/2023,04/2026,,362.31,24316.0,24279.0,0.0,37.0
Healthcare,5,"Construction of 100 Bedded ESIC Hospital building and 32 Nos Residential Quarters at Vallam Vadangal, SIPCOT, Sriperumbudur",Employee's State Insurance Company [ESIC],612178.0,,152.95,,130.22,2026-04,FlashReport_April2026.pdf,,Ministry of Labour and Employment,Tamil Nadu,02/2015,03/2023,05/2026,06/2025,05/2026,177.01,177.01,24317.0,24306.0,15.730630925138936,11.0
Transmission & Distribution,6,Transmission System for Evacuation of Power from potential Renewable Energy zone in Khavda Area of Gujarat under Phase IV [7 GW] Part E3,Power Grid Corporation of India Limited [POWERGRID],612151.0,,334.0,,334.0,2026-04,FlashReport_April2026.pdf,,Ministry of Power,Gujarat,07/2023,07/2023,04/2026,07/2025,04/2026,,334.0,24316.0,24307.0,0.0,9.0
Transmission & Distribution,7,Transmission system for evacuation of power from REZ in Rajasthan 20GW under Phase-III Part E1,Power Grid Corporation of India Limited [POWERGRID],611951.0,,688.74,,688.74,2026-04,FlashReport_April2026.pdf,,Ministry of Power,Rajasthan,12/2021,08/2023,04/2026,02/2025,04/2026,,688.74,24316.0,24302.0,0.0,14.0
Railways,8,Pune - Miraj-Londa [467 Kilometres],Central Railway,705503.0,,4027.53,,4924.05,2026-04,FlashReport_April2026.pdf,,Ministry of Railways,Maharashtra,06/2016,06/2016,02/2025,08/2025,,4872.52,4872.52,24302.0,24308.0,20.98035272238817,-6.0
Roads & Highways,9,"Flyover at Km.544.650 including ROB, Service Roads ,Footpath for RCC drains on urban link to Nagpur -Raipur road Pardi octroi Naka to Itwari",National Highways Authority of India [NHAI],618555.0,,1097.81,,316.23,2026-04,FlashReport_April2026.pdf,,Ministry of Road Transport & Highways,Maharashtra,12/2015,03/2016,03/2019,04/2026,,758.4,758.4,24231.0,24316.0,-30.91700749674352,-85.0
Electricity Generation,1,300 MW SPP part of 510 MW CPSU scheme,NLC India Limited [NLCIL],612819.0,,1813.0,,1753.07,2026-05,FlashReport_May2026.pdf,,Ministry of Coal,Rajasthan,07/2022,03/2023,01/2026,09/2024,01/2026,1813.0,1813.0,24313.0,24297.0,0.0,16.0
Electricity Generation,2,50 MW Solar PP Minedout Area,NLC India Limited [NLCIL],615327.0,,218.03,,170.13,2026-05,FlashReport_May2026.pdf,,Ministry of Coal,Tamil Nadu,08/2023,02/2024,01/2026,03/2025,01/2026,,218.03,24313.0,24303.0,0.0,10.0
Electricity Generation,3,Ghatampur Thermal Power Plant 3 X 660 MW,NLC India Limited [NLCIL],400259.0,,17237.8,,21287.24,2026-05,FlashReport_May2026.pdf,,Ministry of Coal,Uttar Pradesh,07/2016,08/2016,06/2026,11/2020,06/2026,21780.9,21780.9,24318.0,24251.0,26.355451391708932,67.0
Urban Public Transport,4,Ahmedabad Metro Rail Project [Phase-I],Gujarat Metro Rail Corporation Limited [GMRCL],702639.0,,10773.0,,12521.43,2026-05,FlashReport_May2026.pdf,,Ministry of Housing & Urban Affairs,Gujarat,11/2014,02/2015,05/2026,03/2018,05/2026,12924.5,12924.5,24317.0,24219.0,19.971224357189268,98.0
Waste & Water,5,Mira-Bhayandar Water Supply Infrastructure Project,Ministry of Housing & Urban Affairs,702840.0,,204.55,,193.2,2026-05,FlashReport_May2026.pdf,,Ministry of Housing & Urban Affairs,Maharashtra,11/2016,08/2018,06/2026,03/2023,06/2026,,204.55,24318.0,24279.0,0.0,39.0
Waste & Water,6,Solapur Sewerage Management Infrastructure Project,Ministry of Housing & Urban Affairs,702854.0,,180.24,,172.22,2026-05,FlashReport_May2026.pdf,,Ministry of Housing & Urban Affairs,Maharashtra,03/2017,04/2018,06/2026,03/2023,06/2026,,180.24,24318.0,24279.0,0.0,39.0
Healthcare,7,"Construction of 200 bedded ESIC Hospital with 62 Nos Staff quarters , Beltola",Employee's State Insurance Company [ESIC],612201.0,,143.23,,130.08,2026-05,FlashReport_May2026.pdf,,Ministry of Labour and Employment,Assam,12/2017,10/2021,05/2026,04/2025,06/2026,154.75,154.75,24317.0,24304.0,8.0430077497731,13.0
Healthcare,8,"Construction of 200 Bedded [Upgradable to 500 Bedded including 50 beds of SST] ESIC Hospital at Bibewadi, Pune",Employee's State Insurance Company [ESIC],612188.0,,429.25,,341.9,2026-05,FlashReport_May2026.pdf,,Ministry of Labour and Employment,Maharashtra,05/2018,03/2023,09/2025,08/2026,,,429.25,24309.0,24320.0,0.0,-11.0
Oil & Gas,9,"Guwahati Refinery Expansion [1.0 to 1.2 MMTPA] along with installation of CRU, Guwahati Refinery",Ministry of Petroleum & Natural Gas,607701.0,,412.3,,487.31,2026-05,FlashReport_May2026.pdf,,Ministry of Petroleum & Natural Gas,Assam,05/2021,05/2021,05/2026,10/2023,05/2026,577.0,577.0,24317.0,24286.0,39.94664079553723,31.0
Oil & Gas,10,"CGD Project in Banka, Dumka, Godda, Jamtara, Pakur, Sahibganj GA ID 11A.02",Hindustan Petroleum Corporation Limited,709757.0,,1377.0,,377.51,2026-05,FlashReport_May2026.pdf,,Ministry of Petroleum & Natural Gas,"Multi-States (Bihar, Jharkhand)",06/2022,06/2022,05/2026,06/2030,05/2026,1377.0,1377.0,24317.0,24366.0,0.0,-49.0
Oil & Gas,11,Mumbai Nagpur Jharsuguda Pipeline Project,Ministry of Petroleum & Natural Gas,701354.0,,7844.25,,7109.3,2026-05,FlashReport_May2026.pdf,,Ministry of Petroleum & Natural Gas,"Multi-States (Chhattisgarh, Madhya Pradesh, Maharashtra, Odisha)",06/2020,06/2020,05/2026,05/2023,06/2026,8255.0,8255.0,24317.0,24281.0,5.236319597157153,36.0
Oil & Gas,12,"CGD Project in Malda, Birbhum, Murshidabad, Dakshin Dinajpur GA ID 11A.03",Hindustan Petroleum Corporation Limited,709758.0,,2628.0,,390.91,2026-05,FlashReport_May2026.pdf,,Ministry of Petroleum & Natural Gas,West Bengal,06/2022,06/2022,05/2026,06/2030,05/2026,2628.0,2628.0,24317.0,24366.0,0.0,-49.0
Transmission & Distribution,13,Transmission Network Expansion in Gujarat to increase its ATC from ISTS Part B,Power Grid Corporation of India Limited [POWERGRID],400005.0,,4546.26,,4546.26,2026-05,FlashReport_May2026.pdf,,Ministry of Power,"Multi-States (Dadra & Nagar Haveli and Daman & Diu, Gujarat, Maharashtra)",01/2022,07/2022,05/2026,06/2023,05/2026,,4546.26,24317.0,24282.0,0.0,35.0
Transmission & Distribution,14,Transmission System for Evacuation of Power from REZ in Rajasthan 20GW under Phase III- Part E2,Power Grid Corporation of India Limited [POWERGRID],611947.0,,428.3,,428.3,2026-05,FlashReport_May2026.pdf,,Ministry of Power,Rajasthan,11/2023,11/2023,05/2026,06/2025,06/2026,,428.3,24317.0,24306.0,0.0,11.0
Roads & Highways,15,4L of Dwarka-Khambaliya-Devariya section from km 203.500 to km 176.500 and from km 171.800 to km 125.000 of NH-151A,National Highways Authority of India [NHAI],619137.0,,1024.69,,885.64,2026-05,FlashReport_May2026.pdf,,Ministry of Road Transport & Highways,Gujarat,01/2019,02/2020,08/2022,05/2026,,1753.95,1753.95,24272.0,24317.0,71.16884130810294,-45.0
Roads & Highways,16,Tumkur-Chitradurga,National Highways Authority of India [NHAI],619070.0,,839.0,,8.42,2026-05,FlashReport_May2026.pdf,,Ministry of Road Transport & Highways,Karnataka,04/2010,06/2011,12/2013,05/2026,,47.44,47.44,24168.0,24317.0,-94.34564958283671,-149.0
Aviation & Aviation Infrastructure,1,Goa Airport Terminal Building Extension Project,Airport Authority of India [AAI],701105.0,,255.69,,161.06,2026-06,FlashReport_June_2026.pdf,,Ministry of Civil Aviation,Goa,11/2017,12/2019,12/2021,04/2026,,255.69,255.69,24264.0,24316.0,0.0,-52.0
Energy Storage,2,Rajasthan Refinery Project,MinistryofPetroleumNaturalGas,701263.0,,43129.0,,70293.57,2026-06,FlashReport_June_2026.pdf,,Ministry of Petroleum & Natural Gas,Rajasthan,10/2017,10/2017,10/2022,06/2026,,79459.0,79459.0,24274.0,24318.0,84.23566509773006,-44.0
Energy Storage,3,"Grass Root Rail-fed Depot at Sekerkote, Agartala as resitement of existing Dharmanagar Depot",Indian Oil Corporation Limited [IOCL],400035.0,,656.0,,546.57,2026-06,FlashReport_June_2026.pdf,,Ministry of Petroleum & Natural Gas,Tripura,06/2022,06/2022,09/2025,06/2026,,656.0,656.0,24309.0,24318.0,0.0,-9.0
Oil & Gas,4,HP TDAE Unit in Mumbai Refinery,Hindustan Petroleum Corporation Limited,709760.0,,240.0,,160.8,2026-06,FlashReport_June_2026.pdf,,Ministry of Petroleum & Natural Gas,Maharashtra,06/2024,06/2024,04/2026,06/2026,,240.0,240.0,24316.0,24318.0,0.0,-2.0
Oil & Gas,5,ATF Pipeline from Jawaharlal Nehru Port Trust to Navi Mumbai International Airport,Indian Oil Corporation Limited [IOCL],709782.0,,165.0,,103.36,2026-06,FlashReport_June_2026.pdf,,Ministry of Petroleum & Natural Gas,Maharashtra,08/2022,08/2022,08/2025,06/2026,,165.0,165.0,24308.0,24318.0,0.0,-10.0
Transmission & Distribution,6,Transmission Scheme for Solar Energy Zone in Ananthpuram 2500MW and Kurnool 1000MW,Power Grid Corporation of India Limited [POWERGRID],611967.0,,823.0,,798.31,2026-06,FlashReport_June_2026.pdf,,Ministry of Power,Andhra Pradesh,09/2023,09/2023,09/2025,05/2026,,,823.0,24309.0,24317.0,0.0,-8.0
Transmission & Distribution,7,Transmission System for Kurnool Wind Energy Zone/ Solar Energy Zone Part-A and Part-B,Power Grid Corporation of India Limited [POWERGRID],900808.0,,3546.94,,3546.94,2026-06,FlashReport_June_2026.pdf,,Ministry of Power,"Multi-States (Telangana, Andhra Pradesh)",11/2022,03/2023,11/2024,05/2026,,,3546.94,24299.0,24317.0,0.0,-18.0
Transmission & Distribution,8,Transmission system for evacuation of power from REZ in Rajasthan 20 GW under Phase-III part H,Power Grid Corporation of India Limited [POWERGRID],611948.0,,1910.0,,1910.0,2026-06,FlashReport_June_2026.pdf,,Ministry of Power,Rajasthan,10/2023,10/2023,04/2025,06/2026,,,1910.0,24304.0,24318.0,0.0,-14.0
Roads & Highways,9,Rehabilitation and Up-gradation from Km 170700 Bhadrachalam to Km 234567 Konta on NH-30 to Two lane with Paved Shoulder in the State of Andra Pradesh on EPC mode.,MoRTH,617907.0,,436.09,,240.15,2026-06,FlashReport_June_2026.pdf,,Ministry of Road Transport & Highways,Andhra Pradesh,12/2021,09/2022,09/2024,04/2026,,,436.09,24297.0,24316.0,0.0,-19.0
Roads & Highways,10,Construction of bypass road to Adoni town connecting NH-167 Hagari - Jadcharla road from km.62/700 to 71/400 in Kurnool District in the State of Andhra Pradesh.,MoRTH,617990.0,,242.0,,99.13,2026-06,FlashReport_June_2026.pdf,,Ministry of Road Transport & Highways,Andhra Pradesh,03/2023,02/2024,11/2025,11/2025,,,242.0,24311.0,24311.0,0.0,0.0
Roads & Highways,11,Widening to two lane with paved shoulder of Rampachodavaram - Koyyuru section of NH 516E from Km 43700 to Km 113820 in the State of Andhra Pradesh on EPC mode Job No. 737,MoRTH,618145.0,,568.12,,324.96,2026-06,FlashReport_June_2026.pdf,,Ministry of Road Transport & Highways,Andhra Pradesh,03/2022,01/2023,01/2025,04/2026,,,568.12,24301.0,24316.0,0.0,-15.0
Roads & Highways,12,Widening and Reconstruction of existing road to four lane from Km.56400 to Km 120300 i.e. from B.Kothapalli Junction to Gorantla excluding Kadiri Bypass from Km 70200 to Km 77105 of NH 716G in the State of Andhra Pradesh on EPC mode Job no. 742,MoRTH,618161.0,,839.98,,415.11,2026-06,FlashReport_June_2026.pdf,,Ministry of Road Transport & Highways,Andhra Pradesh,03/2022,09/2023,12/2025,03/2026,,,839.98,24312.0,24315.0,0.0,-3.0
Roads & Highways,13,"Rehabilitation and upgradation of NH-167AD from Macherla to Dachepalli via Paluvai Junction, Rentachinthala, Gurazala from Km.0.000 to 43.659 to two lane with paved shoulders in the state of Andhra Pradesh job-729",MoRTH,618191.0,,403.22,,256.17,2026-06,FlashReport_June_2026.pdf,,Ministry of Road Transport & Highways,Andhra Pradesh,01/2022,01/2023,01/2025,02/2026,,,403.22,24301.0,24314.0,0.0,-13.0
Roads & Highways,14,Rehabilitation and Up-gradation of Pasarlapudi to Dhindi section from Km 105/170 to Km 126/510 of NH -214 New NH -216 to two lane with paved shoulder in the state of Andhra Pradesh under NHDP-IV,MoRTH,618237.0,,263.45,,158.8,2026-06,FlashReport_June_2026.pdf,,Ministry of Road Transport & Highways,Andhra Pradesh,03/2017,09/2017,09/2019,01/2026,,,263.45,24237.0,24313.0,0.0,-76.0
Roads & Highways,15,Two laning with paved shoulders of Gondiguda to Araku uptoBhallaguda section of NH 516E,MoRTH,618258.0,,296.66,,275.38,2026-06,FlashReport_June_2026.pdf,,Ministry of Road Transport & Highways,Andhra Pradesh,08/2020,09/2021,09/2023,12/2025,,289.11,289.11,24285.0,24312.0,-2.5450010112586834,-27.0
Roads & Highways,16,Two laning with paved shoulders of Paderu to GundigudaSection of NH 516E,MoRTH,618259.0,,222.61,,181.04,2026-06,FlashReport_June_2026.pdf,,Ministry of Road Transport & Highways,Andhra Pradesh,08/2020,03/2021,03/2023,10/2025,,,222.61,24279.0,24310.0,0.0,-31.0
Roads & Highways,17,Six Laning of Vijayawada Bypass from Gollapudi to Chinnakakani in Vijayawada - Gundugolanu Section from km. 30.00 to km. 47.881 Pkg-IV,NHAI,618527.0,,1194.57,,862.83,2026-06,FlashReport_June_2026.pdf,,Ministry of Road Transport & Highways,Andhra Pradesh,01/2020,07/2021,01/2024,05/2026,,1757.82,1757.82,24289.0,24317.0,47.15085763077928,-28.0
Roads & Highways,18,Khammam-Devarapalle Pkg IV [4L Access Controlled Greenfield from Recherla village to Gurvaygudem village Design Chainage 105236 to 132664],NHAI,618748.0,,569.37,,499.99,2026-06,FlashReport_June_2026.pdf,,Ministry of Road Transport & Highways,Andhra Pradesh,11/2020,09/2022,09/2024,01/2026,,752.02,752.02,24297.0,24313.0,32.0793157349351,-16.0
Roads & Highways,19,4L PS from Mandlem Existing Km. 38.000/Design Km.30.600 to Atmakur Existing Km.73.000/Design Km 66.115 of NH340C Package2,NHAI,618919.0,,887.28,,550.42,2026-06,FlashReport_June_2026.pdf,,Ministry of Road Transport & Highways,Andhra Pradesh,03/2023,11/2023,11/2025,11/2025,,913.03,913.03,24311.0,24311.0,2.9021278514110542,0.0
Roads & Highways,20,"6L Standalone Flyovers at Raha, Demow, Borghat, Kathiatali junctions and ROB at Jagiroad on stretches of NH 36 and NH 27",NHAI,618576.0,,280.75,,212.27,2026-06,FlashReport_June_2026.pdf,,Ministry of Road Transport & Highways,Assam,03/2022,12/2022,06/2024,10/2024,,255.53,255.53,24294.0,24298.0,-8.983081032947462,-4.0
Roads & Highways,21,Widening/Improvement to 4 -Lane with Paved Shoulder from Ch. 88.000km to Ch.99.930 km Design Ch.84.100km to Ch.96.000 km of Sagunbashi forest near Nichinta to starting of Krishnai Bypass Section of Bilasipura Guwahati road NH 17 on EPC Package-7,NHIDCL,618285.0,,286.72,,220.81,2026-06,FlashReport_June_2026.pdf,,Ministry of Road Transport & Highways,Assam,03/2021,10/2023,10/2025,08/2025,,,286.72,24310.0,24308.0,0.0,2.0
Roads & Highways,22,Widening/Improvement to 4-Lane with Paved Shoulder from KM 113300 to Km 146230 Design Chainage 113830 to 145712 of Kwaram Taro Village - Dillai Section in Assam on EPC Package-6,NHIDCL,618327.0,,625.64,,578.19,2026-06,FlashReport_June_2026.pdf,,Ministry of Road Transport & Highways,Assam,09/2021,07/2022,07/2024,03/2025,,,625.64,24295.0,24303.0,0.0,-8.0
Roads & Highways,23,Construction of 4/6 Laning from existing Km 159.400 of NH-36 to existing Km 102.500 of NH-39 and upto end point of Assam portion [Design Km 118.050 to design Km 132.375] Total New Alignment length of 14.325 Km of Daboka - Dimapur Section Dimapur Bypass in the state of Assam under SARDP-NE 'Phase-A' on EPC mode Assam Portion,NHIDCL,618330.0,,511.02,,671.35,2026-06,FlashReport_June_2026.pdf,,Ministry of Road Transport & Highways,Assam,03/2018,11/2019,11/2022,11/2025,,,511.02,24275.0,24311.0,0.0,-36.0
Roads & Highways,24,"Widening / Improvement to 4-Lane with Paved Shoulder configuration of existing single lane road from Kachukhana Harichara Paglagaunj to Dhubri - Phulbari Bridge approach Package-II of Srirampur - Dhubri Section of NH-127B from existing Km 28.050 to Km 55.060 Design Km 27.650 to Km 54.154, Design Length26.504 Km under JICA ODA Loan assistance Phase-V [Srirampur - Dhubri Pkg-2]",NHIDCL,618372.0,,909.02,,683.81,2026-06,FlashReport_June_2026.pdf,,Ministry of Road Transport & Highways,Assam,03/2022,01/2023,01/2025,06/2025,,,909.02,24301.0,24306.0,0.0,-5.0
Roads & Highways,25,Rehabilitation & Widening work for 2 Lane with Paved Shoulder of Existing NH-80 from km 70.15 to Km 121.025 of Munger-Suttanganj -BhagatpurMirzachowki section on EPC Mode in the State of Bihar.,MoRTH,617959.0,,477.54,,343.05,2026-06,FlashReport_June_2026.pdf,,Ministry of Road Transport & Highways,Bihar,03/2021,02/2023,01/2025,11/2025,,,477.54,24301.0,24311.0,0.0,-10.0
Roads & Highways,26,4L Elevated Highway and at grade improvements at Gopalganj Town from Km. 384.000 to Km. 386.750 on NH-27,NHAI,618570.0,,325.57,,241.89,2026-06,FlashReport_June_2026.pdf,,Ministry of Road Transport & Highways,Bihar,10/2021,03/2022,08/2024,05/2025,,248.92,248.92,24296.0,24305.0,-23.543324016340573,-9.0
Roads & Highways,27,4L of Galgalia - Bahadurganj section from Km 0.000 to Km 49.000 Package-I of NH327E,NHAI,618582.0,,1282.97,,816.12,2026-06,FlashReport_June_2026.pdf,,Ministry of Road Transport & Highways,Bihar,01/2021,01/2022,01/2024,02/2025,,1282.97,1282.97,24289.0,24302.0,0.0,-13.0
Roads & Highways,28,4L of Bahadurganj Araria section from Km 49.000 to Km 94.000 Package-II of NH-327E,NHAI,618583.0,,1358.77,,812.28,2026-06,FlashReport_June_2026.pdf,,Ministry of Road Transport & Highways,Bihar,01/2021,01/2022,01/2024,01/2025,,1358.77,1358.77,24289.0,24301.0,0.0,-12.0
Roads & Highways,29,Ara - Mohania Pkg-II,NHAI,618774.0,,984.63,,798.25,2026-06,FlashReport_June_2026.pdf,,Ministry of Road Transport & Highways,Bihar,08/2020,01/2021,07/2023,11/2025,,827.51,827.51,24283.0,24311.0,-15.95726313437535,-28.0
Roads & Highways,30,4L of Aurangabad-Paithan,NHAI,618779.0,,1505.0,,328.32,2026-06,FlashReport_June_2026.pdf,,Ministry of Road Transport & Highways,Bihar,09/2022,01/2023,07/2024,12/2025,,349.96,349.96,24295.0,24312.0,-76.7468438538206,-17.0
Roads & Highways,31,Aunta - Simaria including Ganga Bridge,NHAI,618839.0,,1309.47,,1209.46,2026-06,FlashReport_June_2026.pdf,,Ministry of Road Transport & Highways,Bihar,01/2017,08/2018,02/2022,03/2026,,2107.68,2107.68,24266.0,24315.0,60.95672294897935,-49.0
Roads & Highways,32,4L of Bal. works of Patna - Gaya -Dobhi Pkg-II from km. 39.00 to km. 83.00 of Old NH-83,NHAI,618915.0,,1637.29,,764.68,2026-06,FlashReport_June_2026.pdf,,Ministry of Road Transport & Highways,Bihar,09/2019,11/2020,11/2022,05/2025,,777.2,777.2,24275.0,24305.0,-52.531316993324324,-30.0
Roads & Highways,33,4L of Bal. works of Patna - Gaya -Dobhi Pkg-III from km. 83.00 to km. 127.217 of Old NH-83,NHAI,618916.0,,1077.46,,803.33,2026-06,FlashReport_June_2026.pdf,,Ministry of Road Transport & Highways,Bihar,09/2019,11/2020,11/2022,05/2025,,799.7,799.7,24275.0,24305.0,-25.779147253726357,-30.0
Roads & Highways,34,Muzaffarpur - Sonbarsa Section of NH-77 from km 2.800 to km 89.000,NHAI,619320.0,,2290.72,,2308.19,2026-06,FlashReport_June_2026.pdf,,Ministry of Road Transport & Highways,Bihar,05/2011,05/2011,11/2013,03/2026,,2311.1,2311.1,24167.0,24315.0,0.8896766082279856,-148.0
Roads & Highways,35,Strengthening and widening of existing 2 lane road to two lane paved shoulder from km 7.750 to 26.542 & km. 32.093 to 45.786 of NH-130 on EPC mode in the state of chhattisgarh.job No. 130-CG-2017-18-348,MoRTH,617973.0,,188.8,,107.79,2026-06,FlashReport_June_2026.pdf,,Ministry of Road Transport & Highways,Chhattisgarh,11/2017,05/2019,11/2020,06/2023,,,188.8,24251.0,24282.0,0.0,-31.0
Roads & Highways,36,Up-gradation of NH-930 Sherpar to Kohka from Km.67880 to Km.114860 to 2LPS in Chhattisgarh under EPC mode,MoRTH,618064.0,,278.97,,210.82,2026-06,FlashReport_June_2026.pdf,,Ministry of Road Transport & Highways,Chhattisgarh,03/2020,05/2022,05/2024,12/2025,,,278.97,24293.0,24312.0,0.0,-19.0
Roads & Highways,37,Up-gradation of NH-130C Abhanpur to Paund from NH Km. 0000 to KM 40380 to two lane with paved shoulders in the State of Chhattisgarh on EPC mode.,MoRTH,618078.0,,193.16,,116.5,2026-06,FlashReport_June_2026.pdf,,Ministry of Road Transport & Highways,Chhattisgarh,12/2020,03/2022,09/2023,08/2025,,,193.16,24285.0,24308.0,0.0,-23.0
Roads & Highways,38,Conversion of Partially Excavated Escape Tunnel to Uni-Directional 2L Tunnelincluding construction of cross passages and approach roads on either side of the tunnel from Km 12.732 to Km 14.568 of Kiratpur to Nerchowk Section of NH-21,NHAI,618849.0,,444.21,,394.73,2026-06,FlashReport_June_2026.pdf,,Ministry of Road Transport & Highways,Chhattisgarh,05/2022,09/2022,03/2024,04/2026,,412.88,412.88,24291.0,24316.0,-7.052970441908103,-25.0
Roads & Highways,39,6L Access Controlled Highway from DND Maharani Bagh - Jn. with Jaitpur - Pushta Road of NH-148NA from km. 0.00 to km. 9.00 in NCR,NHAI,618578.0,,1467.44,,1652.29,2026-06,FlashReport_June_2026.pdf,,Ministry of Road Transport & Highways,Delhi,07/2020,01/2022,07/2024,04/2026,,2510.34,2510.34,24295.0,24316.0,71.06934525432045,-21.0
Roads & Highways,40,Vadodara Mumbai Expressway Ena -Kim Phase IB - Pkg VI [Km 217.500 to Km 254.430],NHAI,618464.0,,2271.86,,2991.42,2026-06,FlashReport_June_2026.pdf,,Ministry of Road Transport & Highways,Gujarat,05/2020,12/2021,12/2023,06/2025,,4297.28,4297.28,24288.0,24306.0,89.15250059422674,-18.0
Roads & Highways,41,Vadodara Mumbai Expressway Gandeva to Ena Phase IB - Pkg VII [Km 190.00 to Km 217.500],NHAI,618465.0,,1710.3,,2451.01,2026-06,FlashReport_June_2026.pdf,,Ministry of Road Transport & Highways,Gujarat,07/2020,11/2021,11/2023,01/2026,,3392.21,3392.21,24287.0,24313.0,98.34005729988891,-26.0
Roads & Highways,42,Ahmedabad - Dholera Pkg I from km. 0.00 to km. 22.00 [Sardar Patel Ring Road - Sindhrej Village],NHAI,618501.0,,1298.0,,1385.83,2026-06,FlashReport_June_2026.pdf,,Ministry of Road Transport & Highways,Gujarat,05/2020,01/2022,01/2024,01/2026,,1421.05,1421.05,24289.0,24313.0,9.47996918335901,-24.0
Roads & Highways,43,Ahmedabad - Dholera Pkg II from km. 22.00 to km. 48.52 [Sindhrej Village - Vejallka Village],NHAI,618502.0,,1415.34,,1785.68,2026-06,FlashReport_June_2026.pdf,,Ministry of Road Transport & Highways,Gujarat,05/2020,01/2022,01/2024,04/2026,,1729.69,1729.69,24289.0,24316.0,22.210210974041583,-27.0
Roads & Highways,44,Sanchore - Santalpur from km 67.000 - km 99.000 of NH-754K AJ-RGBS- Package-3,NHAI,618614.0,,752.3,,601.6,2026-06,FlashReport_June_2026.pdf,,Ministry of Road Transport & Highways,Gujarat,02/2020,08/2021,08/2023,01/2024,,765.25,765.25,24284.0,24289.0,1.72138774425097,-5.0
Roads & Highways,45,Pipli Bhavnagar-Package 1 from km 136.025 to km 169.328,NHAI,618699.0,,819.14,,975.85,2026-06,FlashReport_June_2026.pdf,,Ministry of Road Transport & Highways,Gujarat,03/2018,02/2019,09/2021,03/2024,,1297.38,1297.38,24261.0,24291.0,58.38318236198942,-30.0
Roads & Highways,46,4L Kodinar - Veraval Package VI from km. 222.400 to km. 230.00 Kodinar Bypass of NH-8E NH 51 new,NHAI,618834.0,,162.73,,189.95,2026-06,FlashReport_June_2026.pdf,,Ministry of Road Transport & Highways,Gujarat,03/2022,04/2022,09/2023,05/2025,,192.01,192.01,24285.0,24305.0,17.99299453081792,-20.0
Roads & Highways,47,4L of Bal Works of Talaja - Mahuva from 54.990 km. to 100.450 km. of Old NH- 8E Package-II,NHAI,618835.0,,698.4,,726.01,2026-06,FlashReport_June_2026.pdf,,Ministry of Road Transport & Highways,Gujarat,08/2020,03/2021,09/2022,05/2024,,735.51,735.51,24273.0,24293.0,5.3135738831615145,-20.0
Roads & Highways,48,6L of Chiloda-Naroda section from Km. 540.595 to Km. 555.595 of NH- 8Package-VII,NHAI,619067.0,,356.6,,443.07,2026-06,FlashReport_June_2026.pdf,,Ministry of Road Transport & Highways,Gujarat,11/2016,05/2017,05/2019,02/2026,,463.03,463.03,24233.0,24314.0,29.84576556365674,-81.0
Roads & Highways,49,4L of Bal Works of Mahuva to Kagvadar from 100.450 Km. to 140.470 Km. of NH-8E Pkg- III,NHAI,619147.0,,603.08,,624.43,2026-06,FlashReport_June_2026.pdf,,Ministry of Road Transport & Highways,Gujarat,08/2020,03/2021,09/2022,07/2024,,628.49,628.49,24273.0,24295.0,4.213371360350196,-22.0
Roads & Highways,50,4L of Bhavnagar - Talaja Package-I from Km. 6.945 to Km. 54.990 of Old NH-8E,NHAI,619148.0,,1185.66,,1316.53,2026-06,FlashReport_June_2026.pdf,,Ministry of Road Transport & Highways,Gujarat,03/2016,02/2017,08/2019,06/2024,,1343.16,1343.16,24236.0,24294.0,13.283740701381507,-58.0
Roads & Highways,51,Delhi-Amritsar-Katra Expressway Phase-I Pkg-III from Junction with Jind-Panipat road NH-352A near Gangana village to Junction with Jind-Karnal road NH-709A near Alewa village Km 60800 to Km 91400,NHAI,618484.0,,1606.27,,1322.85,2026-06,FlashReport_June_2026.pdf,,Ministry of Road Transport & Highways,Haryana,12/2020,12/2021,12/2023,11/2025,,1813.91,1813.91,24288.0,24311.0,12.92684293425141,-23.0
Roads & Highways,52,Delhi-Amritsar-Katra Expressway Phase-I Pkg-IV from Junction with Jind-Karnal road NH-709A near Alewa village to Junction with Ambala-Kaithal-Hissar road NH-152 near Kharak Pandwa village Km 91400 to Km 120250,NHAI,618485.0,,1306.95,,1098.84,2026-06,FlashReport_June_2026.pdf,,Ministry of Road Transport & Highways,Haryana,01/2021,12/2021,12/2023,11/2025,,1578.66,1578.66,24288.0,24311.0,20.789624698726044,-23.0
Roads & Highways,53,Rehabilitation and Upgradation to 2-lane/Intermediate lane configuration of Ashyari-Shri Kyari Section km 50.000 to km 75.000 of NH-707 in the state of Himachal Pradesh under Green National Highways Corridor Project GNHCP with the loan assistance of World Bank on EPC mode.,MoRTH,618050.0,,345.89,,232.82,2026-06,FlashReport_June_2026.pdf,,Ministry of Road Transport & Highways,Himachal Pradesh,08/2020,09/2021,09/2023,12/2025,,359.56,359.56,24285.0,24312.0,3.952123507473479,-27.0
Roads & Highways,54,Construction & Upgradation to 2 lane with paved shoulder from Design Km. 31.449 Khellani Ex. Km 44.946 to Km 51.700 Prem Nagar Ex. Km 68617 of 20.251 Km length on Khellani - Kishtwar - Chattroo section of NH-244 in the UT of J&K on EPC Mode under NHO-Gen PKG- 1,NHIDCL,618396.0,,486.45,,300.52,2026-06,FlashReport_June_2026.pdf,,Ministry of Road Transport & Highways,Jammu and Kashmir,02/2021,03/2021,09/2022,11/2024,,,486.45,24273.0,24299.0,0.0,-26.0
Roads & Highways,55,4L from km 196.87 Sankha to km 219.6 Khajuri on NH-75 [Rehla / Garhwa Bypass],NHAI,618829.0,,1129.48,,790.59,2026-06,FlashReport_June_2026.pdf,,Ministry of Road Transport & Highways,Jharkhand,09/2020,10/2021,10/2023,03/2025,,1129.48,1129.48,24286.0,24303.0,0.0,-17.0
Roads & Highways,56,4L of Mehgama - Hansdiha from km. 41.900 to km. 93.000 of NH -133A Pkg-II,NHAI,618946.0,,1479.72,,1034.52,2026-06,FlashReport_June_2026.pdf,,Ministry of Road Transport & Highways,Jharkhand,03/2022,05/2023,05/2025,05/2026,,1568.18,1568.18,24305.0,24317.0,5.978158029897551,-12.0
Roads & Highways,57,Balance work of Rehabilitation and upgrading to 2lane/2lane with paved shoulder configuration and strengthening from from Km 343.80 to 400.33 of Gowribidanur- Chik Ballapur section in the state of Karnataka Under Annual Plan 2021-22 under EPC Mode.-952,MoRTH,617954.0,,398.48,,242.02,2026-06,FlashReport_June_2026.pdf,,Ministry of Road Transport & Highways,Karnataka,03/2022,02/2023,02/2025,10/2025,,,398.48,24302.0,24310.0,0.0,-8.0
Roads & Highways,58,Challakere to Hariyur section from km 358.500 to km 414.205 of NH-150 A,NHAI,618698.0,,1167.52,,1243.48,2026-06,FlashReport_June_2026.pdf,,Ministry of Road Transport & Highways,Karnataka,03/2018,01/2021,01/2023,12/2025,,1873.58,1873.58,24277.0,24312.0,60.47519528573386,-35.0
Roads & Highways,59,4L of Hubli - Hospet Section of NH-63 from Km 128.850 to Km 272.571,NHAI,619121.0,,2531.99,,3522.85,2026-06,FlashReport_June_2026.pdf,,Ministry of Road Transport & Highways,Karnataka,07/2016,03/2017,03/2020,03/2026,,3619.32,3619.32,24243.0,24315.0,42.94369251063395,-72.0
Roads & Highways,60,Hospet - Chitradurga from km. 299.00 to km. 418.750,NHAI,619144.0,,1519.72,,331.26,2026-06,FlashReport_June_2026.pdf,,Ministry of Road Transport & Highways,Karnataka,03/2015,02/2016,08/2018,06/2026,,387.48,387.48,24224.0,24318.0,-74.5031979575185,-94.0
Roads & Highways,61,"Construction of Mihona bypass, Lahar bypass, Daboh bypass & Bhander Bypass total length 20.60 km to 2-lane with paved shoulder from on Mihona-Bhander- MP/UP border section of NH 552E in the State of Madhya Pradesh on EPC mode",MoRTH,618045.0,,179.18,,74.89,2026-06,FlashReport_June_2026.pdf,,Ministry of Road Transport & Highways,Madhya Pradesh,03/2022,06/2023,12/2024,07/2025,,,179.18,24300.0,24307.0,0.0,-7.0
Roads & Highways,62,Indore - Gujarat / MP Border from km. Km 9.500 to Km 171.000 of NH-59 in MP,NHAI,618625.0,,1175.0,,191.43,2026-06,FlashReport_June_2026.pdf,,Ministry of Road Transport & Highways,Madhya Pradesh,12/2009,08/2010,02/2013,02/2026,,217.22,217.22,24158.0,24314.0,-81.5131914893617,-156.0
Roads & Highways,63,4L of Sagar - Mohari from Km.8 to Km.50 Pkg-I,NHAI,618665.0,,790.78,,555.28,2026-06,FlashReport_June_2026.pdf,,Ministry of Road Transport & Highways,Madhya Pradesh,03/2021,04/2022,04/2024,03/2026,,660.38,660.38,24292.0,24315.0,-16.490047800905433,-23.0
Roads & Highways,64,Indore - Harda Pkg-III [Nanasa to Pidgaon Section from km 95.000 to km 142.445],NHAI,618695.0,,1146.22,,758.23,2026-06,FlashReport_June_2026.pdf,,Ministry of Road Transport & Highways,Madhya Pradesh,01/2020,10/2021,10/2023,04/2026,,1240.64,1240.64,24286.0,24316.0,8.23751112351905,-30.0
Roads & Highways,65,Balance work of 4L of Nauradehi Sanctuary de-scoped stretch of Hiran River to Sindoor River from Km. 66.00 to 130.00 NH-12 New NH-45,NHAI,618701.0,,178.18,,143.37,2026-06,FlashReport_June_2026.pdf,,Ministry of Road Transport & Highways,Madhya Pradesh,01/2021,07/2021,07/2023,07/2025,,153.15,153.15,24283.0,24307.0,-14.047592322370637,-24.0
Roads & Highways,66,"Rehabilitation & up-gradation for Talere Gaganbawada - kolhapur Road NH 166G stretch start from km. 0/00 to Km. 06/00 and km. 13/00 to km 19/440 of NH-166G, length 12.440 km in the State of Maharashtra.",MoRTH,618099.0,,164.13,,115.51,2026-06,FlashReport_June_2026.pdf,,Ministry of Road Transport & Highways,Maharashtra,03/2024,10/2024,04/2026,10/2025,,,164.13,24316.0,24310.0,0.0,6.0
Roads & Highways,67,Vadodara Mumbai Expressway Phase II - Pkg XI [Km. 77.000 to Km. 103.400] Ganjad - Talsari,NHAI,618468.0,,1524.71,,901.76,2026-06,FlashReport_June_2026.pdf,,Ministry of Road Transport & Highways,Maharashtra,06/2020,05/2022,05/2024,01/2026,,1913.95,1913.95,24293.0,24313.0,25.528789081202326,-20.0
Roads & Highways,68,Tarsod - Fagne section of NH-6,NHAI,618638.0,,2267.99,,2213.75,2026-06,FlashReport_June_2026.pdf,,Ministry of Road Transport & Highways,Maharashtra,06/2016,01/2019,07/2021,04/2026,,2560.5,2560.5,24259.0,24316.0,12.897323180437315,-57.0
Roads & Highways,69,Chakur Loha Section of NH-361 from km 114.600 to km 187.80,NHAI,618652.0,,1241.38,,1717.21,2026-06,FlashReport_June_2026.pdf,,Ministry of Road Transport & Highways,Maharashtra,03/2018,03/2019,03/2021,02/2026,,3342.11,3342.11,24255.0,24314.0,169.2253782081232,-59.0
Roads & Highways,70,4L of existing 2/4L stretch from Lonand to Dive Ghat Km 166.400 to Km 220.900 of Mohol Alandi section of NH-965 Pkg - V,NHAI,619209.0,,1709.56,,1295.04,2026-06,FlashReport_June_2026.pdf,,Ministry of Road Transport & Highways,Maharashtra,10/2021,05/2022,05/2024,03/2026,,2049.51,2049.51,24293.0,24315.0,19.885233627366123,-22.0
Roads & Highways,71,Up-gradation to 2-lane with paved shoulders of Ngopa - Pawlrang section of NH 102B of Aizawl - Imphal Economic Corridor from Existing Chainage km 32.796 to km 72.030 [Design Chainage km 31.280 to km 68.170] in the State of Mizoram under Bharatmala Pariyojna on EPC mode under NHO-NE Package-2 Keifang- Tuivai Pkg-2,NHIDCL,618341.0,,523.78,,426.69,2026-06,FlashReport_June_2026.pdf,,Ministry of Road Transport & Highways,Mizoram,09/2021,09/2023,02/2025,06/2025,,,523.78,24302.0,24306.0,0.0,-4.0
Roads & Highways,72,Widening and up-gradation to 2-lane with paved shoulder configuration and geometric improvements from km 250.00 Lunglei to km 298.00 on Aizawl- Tuipang section under JICA ODA Loan assistance Phase-I Package-6,NHIDCL,618381.0,,768.76,,168.78,2026-06,FlashReport_June_2026.pdf,,Ministry of Road Transport & Highways,Mizoram,09/2019,12/2019,06/2023,05/2025,,,768.76,24282.0,24305.0,0.0,-23.0
Roads & Highways,73,Widening and up-gradation to 2-lane with paved shoulder configuration and geometric improvements from km 298.00 to km 339.00 on Aizawl-Tuipang section under JICA ODA Loan assistance Phase-I Package-7,NHIDCL,618382.0,,605.76,,132.33,2026-06,FlashReport_June_2026.pdf,,Ministry of Road Transport & Highways,Mizoram,09/2019,10/2020,04/2024,05/2025,,750.32,750.32,24292.0,24305.0,23.864236661384055,-13.0
Roads & Highways,74,Widening and Up-gradation to 2- Lane with Paved Shoulder Configuration and geometric improvement from Km. 166. 000 to Km 208.000 Package-4 on Aizawl Tuipang Section of NH-54 in the State of Mizoram Package-4,NHIDCL,618384.0,,899.45,,191.68,2026-06,FlashReport_June_2026.pdf,,Ministry of Road Transport & Highways,Mizoram,09/2019,10/2019,04/2023,04/2025,,,899.45,24280.0,24304.0,0.0,-24.0
Roads & Highways,75,6L of Varadharajula to Kumarajapet from km 0.000 to km 43.800 of NH-716B Pkg-I,NHAI,618771.0,,1924.75,,1120.2,2026-06,FlashReport_June_2026.pdf,,Ministry of Road Transport & Highways,"Multi-States (Andhra Pradesh, Tamil Nadu)",02/2021,12/2022,12/2024,02/2026,,1887.38,1887.38,24300.0,24314.0,-1.9415508507598334,-14.0
Roads & Highways,76,6L of Aurangabad to Bihar-Jharkhand border Chordaha section from km. 209.827 to Km. 249.525 of NH-19 PKG-02,NHAI,618532.0,,1822.46,,611.43,2026-06,FlashReport_June_2026.pdf,,Ministry of Road Transport & Highways,"Multi-States (Bihar, Jharkhand)",06/2021,03/2022,03/2024,04/2026,,738.11,738.11,24291.0,24316.0,-59.49924826882345,-25.0
Roads & Highways,77,6L of Dhanara - Hatibena Section from Km 124.611 to km 146.50 of NH-130-CD Package OD-1,NHAI,618676.0,,477.76,,359.28,2026-06,FlashReport_June_2026.pdf,,Ministry of Road Transport & Highways,"Multi-States (Chhattisgarh, Odisha)",02/2021,03/2022,03/2024,03/2026,,638.32,638.32,24291.0,24315.0,33.60683188211656,-24.0
Roads & Highways,78,6L from Belgaum to Sankeshwar Bypass from Km. 515.000 to Km. 555.017 of NH-48 Pkg-I,NHAI,618515.0,,1479.3,,1199.4,2026-06,FlashReport_June_2026.pdf,,Ministry of Road Transport & Highways,"Multi-States (Maharashtra, Karnataka)",11/2021,10/2022,04/2025,03/2026,,1237.04,1237.04,24304.0,24315.0,-16.376664638680456,-11.0
Roads & Highways,79,Mangloor to Telangana Maharashtra Border,NHAI,618624.0,,1082.65,,1011.7,2026-06,FlashReport_June_2026.pdf,,Ministry of Road Transport & Highways,"Multi-States (Maharashtra, Telangana)",03/2018,04/2019,04/2021,10/2025,,1323.12,1323.12,24256.0,24310.0,22.21124093659075,-54.0
Roads & Highways,80,4L of Rajura-Korpana-Adilabad Road upto M.S. Border from km 32.910 to km 89.090 of NH-353B,NHAI,618938.0,,1013.33,,699.33,2026-06,FlashReport_June_2026.pdf,,Ministry of Road Transport & Highways,"Multi-States (Maharashtra, Telangana)",03/2022,10/2022,10/2024,03/2026,,1274.63,1274.63,24298.0,24315.0,25.78626903377972,-17.0
Roads & Highways,81,4L Greenfield a Malout bypass from ch. Km 44.500 to ch. Km 35.500 on NH-07 and Ch. Km 0.000 to Km 6.984 on NH-09 bMandi Dabwali Bypass from Ch. 38.450 Km to Km 27.910 Pkg-02,NHAI,618760.0,,646.42,,571.11,2026-06,FlashReport_June_2026.pdf,,Ministry of Road Transport & Highways,"Multi-States (Punjab, Haryana)",11/2021,12/2022,07/2024,01/2026,,556.09,556.09,24295.0,24313.0,-13.973886946567237,-18.0
Roads & Highways,82,4L Ambala - Kalaamb from Km. -0.800 to Km. 33.015 of old NH-72,NHAI,618935.0,,1183.7,,706.54,2026-06,FlashReport_June_2026.pdf,,Ministry of Road Transport & Highways,"Multi-States (Punjab, Haryana)",10/2022,06/2023,06/2025,02/2026,,1190.34,1190.34,24306.0,24314.0,0.5609529441581375,-8.0
Roads & Highways,83,4L of left out existing road section from Lalgopalganj Km 161.450 to Nawabganj Km 180.200 in Prayagraj,NHAI,618755.0,,159.53,,93.24,2026-06,FlashReport_June_2026.pdf,,Ministry of Road Transport & Highways,"Multi-States (Rajasthan, Uttar Pradesh)",03/2024,04/2025,03/2026,04/2026,,100.74,100.74,24315.0,24316.0,-36.85200275810193,-1.0
Roads & Highways,84,Akshardham - DL/UP Border Pkg-01,NHAI,619122.0,,1479.22,,1399.88,2026-06,FlashReport_June_2026.pdf,,Ministry of Road Transport & Highways,"Multi-States (Uttar Pradesh, Delhi)",09/2020,06/2022,12/2024,08/2024,,1476.75,1476.75,24300.0,24296.0,-0.16697989480942843,4.0
Roads & Highways,85,4L from Km 219.600 Khajuri to Km 260.483 Wyndhamganj on NH-75 Sec-V,NHAI,618828.0,,1436.49,,959.96,2026-06,FlashReport_June_2026.pdf,,Ministry of Road Transport & Highways,"Multi-States (Uttar Pradesh, Jharkhand)",03/2022,09/2023,09/2025,05/2026,,1465.55,1465.55,24309.0,24317.0,2.0229865853573603,-8.0
Roads & Highways,86,Construction of Rudrapur Bypass Section from Km. 0.000 to 20.640 in the state of Uttar Pradesh & Uttarakhand,NHAI,618912.0,,1051.73,,670.74,2026-06,FlashReport_June_2026.pdf,,Ministry of Road Transport & Highways,"Multi-States (Uttar Pradesh, Uttarakhand)",03/2023,01/2024,01/2026,03/2026,,1117.17,1117.17,24313.0,24315.0,6.222129253705804,-2.0
Roads & Highways,87,4L/2L PS of Govindpur Raiganj - Chas - WB border section of from km. 0.00 to km. 56.889 of Old NH-32,NHAI,619104.0,,1139.65,,1064.7,2026-06,FlashReport_June_2026.pdf,,Ministry of Road Transport & Highways,"Multi-States (West Bengal, Jharkhand)",03/2016,12/2017,12/2019,09/2025,,1154.8,1154.8,24240.0,24309.0,1.329355503882759,-69.0
Roads & Highways,88,Widening of existing single lane to intermediate lane road from Mokokchung to Chare via Dikhu in the state of Nagaland on EPC mode,MoRTH,618002.0,,192.93,,110.98,2026-06,FlashReport_June_2026.pdf,,Ministry of Road Transport & Highways,Nagaland,02/2021,06/2023,06/2025,11/2025,,,192.93,24306.0,24311.0,0.0,-5.0
Roads & Highways,89,Construction of 4/6 Laning from Km 132.375 to Km 153.058 Total New Alignment length of 20.683 Km of Daboka-Dimapur Section Dimapur Bypass Nagaland Portion of NH-36 & 39 in the State of Nagaland on EPC basis under PhaseA of SARDP-NE,NHIDCL,618329.0,,819.39,,635.0,2026-06,FlashReport_June_2026.pdf,,Ministry of Road Transport & Highways,Nagaland,02/2017,09/2017,09/2020,09/2025,,,819.39,24249.0,24309.0,0.0,-60.0
Roads & Highways,90,Construction of bypass to Nayagarh town from km 235.469 to 252.482 of NH-57 including land acquisition in the state of Odisha.,MoRTH,617924.0,,300.33,,103.64,2026-06,FlashReport_June_2026.pdf,,Ministry of Road Transport & Highways,Odisha,01/2022,05/2023,04/2025,02/2026,,,300.33,24304.0,24314.0,0.0,-10.0
Roads & Highways,91,Balance work of Panikoili Rimoli Section of new NH-20 from Km 0.00 to Km. 163.000,NHAI,618819.0,,183.03,,185.4,2026-06,FlashReport_June_2026.pdf,,Ministry of Road Transport & Highways,Odisha,09/2020,03/2021,03/2022,12/2023,,200.79,200.79,24267.0,24288.0,9.703327323389603,-21.0
Roads & Highways,92,4-L of Rajamunda to Barkote Section of NH-23 from km. 287.200 to km. 337.185,NHAI,618913.0,,609.63,,608.19,2026-06,FlashReport_June_2026.pdf,,Ministry of Road Transport & Highways,Odisha,10/2017,12/2018,06/2021,07/2025,,630.97,630.97,24258.0,24307.0,3.50048390007054,-49.0
Roads & Highways,93,6L of Bhubaneswar - Jagatpur - Chandikhole Section of NH-16,NHAI,619075.0,,639.3,,579.23,2026-06,FlashReport_June_2026.pdf,,Ministry of Road Transport & Highways,Odisha,01/2009,12/2011,06/2014,04/2026,,632.89,632.89,24174.0,24316.0,-1.0026591584545548,-142.0
Roads & Highways,94,Delhi-Amritsar-Katra Expressway Phase-I Pkg-VII from Junction with Patiala- Bathinda road NH-7 near Bhawanigarh to Junction with Ludhiana-Malerhkotla SH-11 near Bhogiwal village Km 188830 to km 225770,NHAI,618487.0,,1759.82,,1695.83,2026-06,FlashReport_June_2026.pdf,,Ministry of Road Transport & Highways,Punjab,12/2020,07/2022,07/2024,02/2026,,1774.32,1774.32,24295.0,24314.0,0.8239479037628848,-19.0
Roads & Highways,95,"Construction of Two lane with Paved Shoulder for Fatehpur Bypass Design Km 0.000 to Km 7.400 , Mandawa Bypass Design Km 20.925 to Km 27.300 & Jhunjhunu Bypass Design Km 41.625 to Km 54.689 of NH-11 on EPC Mode in the state of Rajasthan .",MoRTH,617891.0,,186.29,,78.06,2026-06,FlashReport_June_2026.pdf,,Ministry of Road Transport & Highways,Rajasthan,03/2022,02/2023,08/2024,09/2025,,,186.29,24296.0,24309.0,0.0,-13.0
Roads & Highways,96,Upgradation to Two Lane Paved Shoulder in km 33/0 to 126/520 of NH-23 Old NH-11B Kothun-Lalsot-Karoli-Dholpur road in the state of Rajasthan under EPC mode Length-93.52 Km.,MoRTH,617900.0,,150.11,,12.25,2026-06,FlashReport_June_2026.pdf,,Ministry of Road Transport & Highways,Rajasthan,12/2021,09/2022,09/2024,05/2026,,,150.11,24297.0,24317.0,0.0,-20.0
Roads & Highways,97,Up-gradation to 2 lane with Paved shoulder from Charbhuja at Design km 0.00 existing km 150.00 to Neechli Oden Nathdwara at Design ch. Km 88.800 existing km 55.950 of NH-162E on EPC mode.,MoRTH,618093.0,,838.43,,43.9,2026-06,FlashReport_June_2026.pdf,,Ministry of Road Transport & Highways,Rajasthan,02/2022,09/2023,09/2025,04/2025,,,838.43,24309.0,24304.0,0.0,5.0
Roads & Highways,98,Upgradation of two lane paved shoulder from Shahpura existing km. 0.00 Design Ch. 000 to Thanagazi existing Km.37352 Design Ch. 36810 of NH- 248A on EPC mode in the State of Rajasthan.,MoRTH,618118.0,,174.34,,100.48,2026-06,FlashReport_June_2026.pdf,,Ministry of Road Transport & Highways,Rajasthan,03/2022,02/2023,07/2024,07/2025,,,174.34,24295.0,24307.0,0.0,-12.0
Roads & Highways,99,Delhi-Vadodara Greenfield Alignment NH-148N Pkg-14 Ch. 388.420 to Ch. 419.000 [Junction with NH- 76 to Junction with NH-12 near village Ummedpura],NHAI,618456.0,,1119.35,,1114.19,2026-06,FlashReport_June_2026.pdf,,Ministry of Road Transport & Highways,Rajasthan,11/2019,05/2021,05/2023,03/2025,,1194.17,1194.17,24281.0,24303.0,6.684236387189009,-22.0
Roads & Highways,100,4L Greenfield spur from Delhi-Vadodara Greenfield expressway near Bandikui to Jaipur,NHAI,619063.0,,1636.15,,1283.3,2026-06,FlashReport_June_2026.pdf,,Ministry of Road Transport & Highways,Rajasthan,03/2022,11/2022,11/2024,10/2025,,2170.39,2170.39,24299.0,24310.0,32.652262934327524,-11.0
Roads & Highways,101,Dindigul Bypass - Samyanallore from km. 373.275 to km. 426.00,NHAI,618562.0,,579.0,,141.09,2026-06,FlashReport_June_2026.pdf,,Ministry of Road Transport & Highways,Tamil Nadu,06/2005,07/2006,01/2009,07/2025,,295.5,295.5,24109.0,24307.0,-48.96373056994819,-198.0
Roads & Highways,102,Trichy 135.800 to Karur 218.000 section of NH-67 - Trichy Bypass,NHAI,618743.0,,876.88,,336.71,2026-06,FlashReport_June_2026.pdf,,Ministry of Road Transport & Highways,Tamil Nadu,12/2006,01/2008,07/2010,06/2026,,360.88,360.88,24127.0,24318.0,-58.844995894535174,-191.0
Roads & Highways,103,4L of Vadugapatti to Therkuvenganallur Rajapalyam section from km 36.000 to km 71.600 of NH-744,NHAI,618745.0,,1317.6,,954.04,2026-06,FlashReport_June_2026.pdf,,Ministry of Road Transport & Highways,Tamil Nadu,02/2022,04/2023,04/2025,06/2026,,1137.16,1137.16,24304.0,24318.0,-13.69459623557983,-14.0
Roads & Highways,104,Tuticorin - Tirunelveli from km. 0.00 to km. 47.250,NHAI,618773.0,,449.85,,2.8,2026-06,FlashReport_June_2026.pdf,,Ministry of Road Transport & Highways,Tamil Nadu,11/2009,04/2010,04/2012,06/2014,,452.48,452.48,24148.0,24174.0,0.5846393242191832,-26.0
Roads & Highways,105,Four Laning of Trichy - Dindigul from km. 333.00 to km. 421.273 of NH-45,NHAI,618874.0,,1003.11,,377.7,2026-06,FlashReport_June_2026.pdf,,Ministry of Road Transport & Highways,Tamil Nadu,12/2006,01/2008,07/2010,06/2026,,435.81,435.81,24127.0,24318.0,-56.5541166970721,-191.0
Roads & Highways,106,4L of Sethiyathope -Cholapuram section from Km. 65.960 to Km. 116.440 section of NH45 C Pkg-II,NHAI,618897.0,,2356.19,,1697.35,2026-06,FlashReport_June_2026.pdf,,Ministry of Road Transport & Highways,Tamil Nadu,03/2017,08/2018,08/2020,11/2025,,2356.9,2356.9,24248.0,24311.0,0.03013339331717885,-63.0
Roads & Highways,107,Salem - Ulundurpet section from km 0.313 to km 136.670 of NH-68,NHAI,618943.0,,861.23,,940.44,2026-06,FlashReport_June_2026.pdf,,Ministry of Road Transport & Highways,Tamil Nadu,12/2006,01/2008,01/2011,11/2025,,1019.85,1019.85,24133.0,24311.0,18.417844246020227,-178.0
Roads & Highways,108,Thumbipadi-Namakkal from km. 180.00 to km. 248.625 Package No. NS- 2/BOT/TN-02,NHAI,619083.0,,255.53,,392.41,2026-06,FlashReport_June_2026.pdf,,Ministry of Road Transport & Highways,Tamil Nadu,06/2005,08/2006,02/2009,06/2026,,395.43,395.43,24110.0,24318.0,54.74895315618518,-208.0
Roads & Highways,109,Start of Karur Bypass - Dindigul from km. 292.600 to km. 305.600 Contract Package No. NS2/BOT/TN-4,NHAI,619084.0,,461.54,,222.72,2026-06,FlashReport_June_2026.pdf,,Ministry of Road Transport & Highways,Tamil Nadu,08/2005,10/2006,04/2009,12/2025,,515.03,515.03,24112.0,24312.0,11.589461368462095,-200.0
Roads & Highways,110,Rehabilitation & upgradation of NH - 167 from design km 187.723 to 234.434 Miryalaguda to Kodad section to two lane with paved shoulder on EPC mode in the state of Telangana,MoRTH,617992.0,,322.81,,154.47,2026-06,FlashReport_June_2026.pdf,,Ministry of Road Transport & Highways,Telangana,03/2018,09/2018,09/2020,01/2026,,322.81,322.81,24249.0,24313.0,0.0,-64.0
Roads & Highways,111,Widening to 2/4 Lane with paved shoulders from Km 182.120 to Km 227.600 of NH 167 on Haggari-Jadcherla Road on EPC mode under NHO in the state of Telangana,MoRTH,617996.0,,298.0,,238.2,2026-06,FlashReport_June_2026.pdf,,Ministry of Road Transport & Highways,Telangana,10/2016,02/2017,02/2019,04/2024,,,298.0,24230.0,24292.0,0.0,-62.0
Roads & Highways,112,Rehabilitation and upgradation to two lane with paved shoulders from Km 0/000 to 72/6 of NH-365 Nakrekal to Tanamcherla section under NHDP IV in the state of Telangana under EPC mode,MoRTH,618026.0,,605.08,,585.2,2026-06,FlashReport_June_2026.pdf,,Ministry of Road Transport & Highways,Telangana,06/2017,11/2017,10/2019,05/2025,,,605.08,24238.0,24305.0,0.0,-67.0
Roads & Highways,113,Widening & strengthening of existing carriageway in 2 lane with paved shoulders from km 25/0 to 59/2 design Ch km 25.467 to 59.200 of NH - 353C on EPC mode in the state of Telangana,MoRTH,618132.0,,206.13,,318.62,2026-06,FlashReport_June_2026.pdf,,Ministry of Road Transport & Highways,Telangana,02/2018,06/2018,06/2020,01/2025,,,206.13,24246.0,24301.0,0.0,-55.0
Roads & Highways,114,Widening to Two lane with Paved shoulders from km.40/410 to 84/037 of Thirumanlagiri-- Suryapet Section of NH-365B earstwhile section of SH-16,MoRTH,618142.0,,244.54,,147.48,2026-06,FlashReport_June_2026.pdf,,Ministry of Road Transport & Highways,Telangana,01/2017,05/2017,05/2019,08/2023,,,244.54,24233.0,24284.0,0.0,-51.0
Roads & Highways,115,widening to two lane with Paved shoulders from Km.0/970 to Km.40/410 of Jangaon - Thirumal giriof NH- 365B in the state of Telanganaon EPC mode under NHO Annual Plan 2016-17,MoRTH,618143.0,,197.0,,3.24,2026-06,FlashReport_June_2026.pdf,,Ministry of Road Transport & Highways,Telangana,03/2017,11/2017,10/2019,10/2023,,,197.0,24238.0,24286.0,0.0,-48.0
Roads & Highways,116,Rehabilitation & Upgradation of Road from Km 0.00 to Km 18.600 Total length- 18.600 km of Kumarghat-Kailashahar section on NH-208 to 2-lane with Paved shoulder on EPC bais under NHO,NHIDCL,618386.0,,277.5,,273.04,2026-06,FlashReport_June_2026.pdf,,Ministry of Road Transport & Highways,Tripura,02/2020,07/2020,01/2022,12/2024,,302.03,302.03,24265.0,24300.0,8.83963963963963,-35.0
Roads & Highways,117,"Construction of four-lane elevated viaduct from km.4634 to km.6345 on NH-24A including Retaining wall, service lane, at grade road and improvement of junctions, on EPC mode",MoRTH,618008.0,,185.09,,200.32,2026-06,FlashReport_June_2026.pdf,,Ministry of Road Transport & Highways,Uttar Pradesh,03/2021,03/2022,09/2023,09/2024,,269.81,269.81,24285.0,24297.0,45.7723269760657,-12.0
Roads & Highways,118,Improvement and upgradation to two lane with Paved Shoulder configuration from existing km 55.00 to km 90.00 Design length 34.76 of NH-227A near Chhapia Village to near Sikriganj in the State of UP on EPC Mode.,MoRTH,618110.0,,307.11,,136.8,2026-06,FlashReport_June_2026.pdf,,Ministry of Road Transport & Highways,Uttar Pradesh,11/2021,11/2022,05/2024,05/2025,,,307.11,24293.0,24305.0,0.0,-12.0
Roads & Highways,119,6L Greenfield Kanpur - Lucknow Expressway Pkg II from km. 28.500 to km. 73.744,NHAI,618498.0,,2471.56,,1439.5,2026-06,FlashReport_June_2026.pdf,,Ministry of Road Transport & Highways,Uttar Pradesh,12/2021,11/2022,05/2025,02/2026,,2489.0,2489.0,24305.0,24314.0,0.7056272152001187,-9.0
Roads & Highways,120,6L of Agra Bypass Northern connecting Km. 174.500 of NH-2 new NH-19 to Km. 141.000 of Yamuna Expressways,NHAI,618553.0,,957.62,,759.58,2026-06,FlashReport_June_2026.pdf,,Ministry of Road Transport & Highways,Uttar Pradesh,01/2022,02/2023,02/2025,01/2026,,1034.42,1034.42,24302.0,24313.0,8.019882625676162,-11.0
Roads & Highways,121,Strengthening of existing 4L Ayodhya Bypass Section from design Km. 121 600 to Km. 144020 of NH 28 New NH 27Pkg-3,NHAI,618565.0,,526.45,,270.75,2026-06,FlashReport_June_2026.pdf,,Ministry of Road Transport & Highways,Uttar Pradesh,03/2023,09/2023,03/2025,11/2025,,281.13,281.13,24303.0,24311.0,-46.598917276094596,-8.0
Roads & Highways,122,4L Spur of Panipat - Shamli connecting NH-709AD Panipat Shamli Muzaffarnagar and NH-709A Karnal Meerut bypassing Shamli district UP,NHAI,618770.0,,516.16,,247.21,2026-06,FlashReport_June_2026.pdf,,Ministry of Road Transport & Highways,Uttar Pradesh,10/2021,10/2022,10/2024,05/2025,,273.42,273.42,24298.0,24305.0,-47.028053316800985,-7.0
Roads & Highways,123,2L PS of Raebareli - Jagdishpur with 4L Jagdishpur Bypass Spur,NHAI,618854.0,,706.41,,534.31,2026-06,FlashReport_June_2026.pdf,,Ministry of Road Transport & Highways,Uttar Pradesh,02/2021,01/2022,01/2024,11/2025,,752.52,752.52,24289.0,24311.0,6.527370790334228,-22.0
Roads & Highways,124,"Improvement and Up-Gradation of Existing Road to 2/4L PS from Km 40.000 to 88.750, start of Khutar bypass to start of Shahjahanpur bypass of NH 731Pkg-I",NHAI,618855.0,,838.68,,616.56,2026-06,FlashReport_June_2026.pdf,,Ministry of Road Transport & Highways,Uttar Pradesh,03/2022,02/2023,02/2025,03/2026,,838.68,838.68,24302.0,24315.0,0.0,-13.0
Roads & Highways,125,4L from Mathura Bypass Start at Existing Km. 154.20 of NH-44 to Gaju Village at Km 32.982 of NH-530B Pkg-IB,NHAI,618864.0,,1722.11,,1057.04,2026-06,FlashReport_June_2026.pdf,,Ministry of Road Transport & Highways,Uttar Pradesh,01/2022,03/2023,03/2025,01/2026,,1820.77,1820.77,24303.0,24313.0,5.729018471526214,-10.0
Roads & Highways,126,4L from Gaju Village at Km. 32.982 to Devinagar Bypass End at Km. 208.000 of NH-530B Pkg-1C.,NHAI,618865.0,,1384.79,,862.65,2026-06,FlashReport_June_2026.pdf,,Ministry of Road Transport & Highways,Uttar Pradesh,12/2021,01/2023,01/2025,04/2025,,1496.44,1496.44,24301.0,24304.0,8.062594328381927,-3.0
Roads & Highways,127,4L Prayagraj Greenfield By-pass from design Km 50860 near Nibi Kala Uperhar to design Km 64763 on NH-19 near Khodaypur Kasgaon including Interchange loop at NH-19,NHAI,618959.0,,1017.99,,412.74,2026-06,FlashReport_June_2026.pdf,,Ministry of Road Transport & Highways,Uttar Pradesh,08/2023,12/2023,03/2025,02/2026,,427.54,427.54,24303.0,24314.0,-58.00155207811472,-11.0
Roads & Highways,128,Reconstruction of existing 2 L/IL to 2L with paved shoulder from existing km 52.200 to 92.880 of NH-,MoRTH,617970.0,,282.08,,352.53,2026-06,FlashReport_June_2026.pdf,,Ministry of Road Transport & Highways,Uttarakhand,10/2016,06/2017,06/2019,09/2023,,,282.08,24234.0,24285.0,0.0,-51.0
Roads & Highways,129,Rehabilitation and upgradation to 2 lane with paved shoulder configuration from km 122.00 Dharasu Bend to km 147.230 Silkyara Bend of NH-94 in the state of Uttarakhand,MoRTH,617975.0,,237.79,,196.69,2026-06,FlashReport_June_2026.pdf,,Ministry of Road Transport & Highways,Uttarakhand,03/2017,11/2017,11/2019,01/2026,,,237.79,24239.0,24313.0,0.0,-74.0
Steel,130,Revamping of old sub-systems of Blast Furnace 3 at Bokaro Steel Plant,Steel Authority of India Limited [SAIL],617253.0,,513.82,,415.18,2026-06,FlashReport_June_2026.pdf,,Ministry of Steel,Jharkhand,08/2023,10/2023,07/2025,05/2026,,,513.82,24307.0,24317.0,0.0,-10.0
Water Resources,1,Rajiv Bhima Lift Irrigation Scheme,Irrigation and CAD-TG,701406.0,,1402.0,,1839.76,2026-07,FlashReport_July_2026.pdf,,"Department of Water Resources, River Development & GR",Telangana,04/2007,01/2008,06/2026,12/2019,03/2026,2509.66,2509.66,24318.0,24240.0,79.00570613409414,78.0
Waste & Water,2,Pune Water Supply Infrastructure Project,Ministry of Housing & Urban Affairs,702851.0,,235.95,,220.77,2026-07,FlashReport_July_2026.pdf,,Ministry of Housing & Urban Affairs,Maharashtra,03/2017,07/2017,07/2026,03/2023,08/2026,,235.95,24319.0,24279.0,0.0,40.0
Energy Storage,3,Srikakulam Angul Gas Pipeline Project,Gas Authority of India Limited [GAIL],701343.0,,2658.34,,2315.2,2026-07,FlashReport_July_2026.pdf,,Ministry of Petroleum & Natural Gas,Odisha,09/2019,09/2019,07/2026,07/2026,07/2026,2810.0,2810.0,24319.0,24319.0,5.705064062535261,0.0
Energy Storage,4,New Mundra Panipat Crude Oil Pipeline,Indian Oil Corporation Limited [IOCL],400078.0,,9028.0,,7554.56,2026-07,FlashReport_July_2026.pdf,,Ministry of Petroleum & Natural Gas,Rajasthan,12/2021,12/2021,07/2026,12/2024,07/2026,9028.0,9028.0,24319.0,24300.0,0.0,19.0
Transmission & Distribution,5,Transmission System for Evacuation of power from Potential RE Zone in Khavda Area of Gujarat under phase IV 7GW-Part E4,Power Grid Corporation of India Limited [POWERGRID],611966.0,,224.41,,224.41,2026-07,FlashReport_July_2026.pdf,,Ministry of Power,Maharashtra,11/2023,11/2023,06/2026,07/2025,05/2026,,224.41,24318.0,24307.0,0.0,11.0
Roads & Highways,6,Tadipatri Bypass Km 0000 to Km 6285 of 4-Lane on NH-67 in Anantapuramu district of AP state under NHO on EPC Mode under Annual Plan 2022-23,MoRTH,617949.0,,159.66,,75.74,2026-07,FlashReport_July_2026.pdf,,Ministry of Road Transport & Highways,Andhra Pradesh,03/2023,03/2024,01/2026,03/2026,01/2026,,159.66,24313.0,24315.0,0.0,-2.0
Roads & Highways,7,Rehabilitation and Upgrading of NH-707 OLD 72-B Package - 2 Hewna to Ashyari,MoRTH,618051.0,,242.8,,145.49,2026-07,FlashReport_July_2026.pdf,,Ministry of Road Transport & Highways,Himachal Pradesh,04/2020,03/2021,12/2025,03/2023,12/2025,220.95,220.95,24312.0,24279.0,-8.999176276771014,33.0
Roads & Highways,8,Upgradation of Dindori-Sagartola-kabichabutra MP-CG border section of NH -45 from km 000Design to km 77.00 Design to Two lane with paved shoulder configration along with one time improvement in 04 nos. of bypaased built-up areas in a total length of 9.1 km in the state of Madhya Pradesh on EPC mode.,MoRTH,617915.0,,329.14,,204.39,2026-07,FlashReport_July_2026.pdf,,Ministry of Road Transport & Highways,Madhya Pradesh,01/2022,09/2023,03/2026,09/2025,03/2026,319.09,319.09,24315.0,24309.0,-3.0534119219784928,6.0
Roads & Highways,9,Upgradatiobn and Rehabilitation of Section of NH 361 F from Parli 00/000 to Gangakhed 30/400 to Two Lanes with paved shoulder / Four lane configurations on EPC mode in the State of Maharashtra.,MoRTH,618136.0,,224.44,,268.45,2026-07,FlashReport_July_2026.pdf,,Ministry of Road Transport & Highways,Maharashtra,03/2021,02/2022,08/2025,09/2023,08/2025,,224.44,24308.0,24285.0,0.0,23.0
Roads & Highways,10,Rehabilitation and Upgradation of Satana to Mangrul Chandwad Section of NH752 G Design Ch Km 64.000 to Ch Km 101.140 two lane with paved shoulder/four lane configuration in the state of Maharashtra on EPC mode.,MoRTH,618175.0,,428.8,,184.63,2026-07,FlashReport_July_2026.pdf,,Ministry of Road Transport & Highways,Maharashtra,03/2022,05/2023,02/2026,05/2025,02/2026,,428.8,24314.0,24305.0,0.0,9.0
Roads & Highways,11,Beawer Gomti 4LPS from km 58.245 to km 108.600 Pkg-I,MoRTH,617887.0,,379.23,,206.48,2026-07,FlashReport_July_2026.pdf,,Ministry of Road Transport & Highways,Rajasthan,12/2020,10/2021,12/2025,10/2023,12/2025,,379.23,24312.0,24286.0,0.0,26.0
Roads & Highways,12,Widening to Two with Paved shoulders from Km 59.500 to Km 132.033 of Manneguda- Ravunapally section of NH-163 Erstwhile SH-4 in the State of Telangana on EPC mode under NH O Annual Plan 2016-17,MoRTH,617981.0,,359.0,,724.23,2026-07,FlashReport_July_2026.pdf,,Ministry of Road Transport & Highways,Telangana,03/2017,05/2017,10/2024,05/2019,10/2024,,359.0,24298.0,24233.0,0.0,65.0
Roads & Highways,13,Widening and strengthening of existing 2-lane to 2- lane with paved shoulders from km 159/0 to 165/4 and 186/0 to 215/0 of NH-163 on EPC mode int the state of Telangana,MoRTH,617982.0,,230.03,,383.3,2026-07,FlashReport_July_2026.pdf,,Ministry of Road Transport & Highways,Telangana,01/2018,06/2018,11/2024,11/2019,11/2024,,230.03,24299.0,24239.0,0.0,60.0
Roads & Highways,14,Rehabilitation and upgradation of NH-167 from design km 157.707 to 187.723 design length 30.016 km to two lane with paved shoulders of Alinagar- Miryalaguda Sec on EPC mode in the state of Telangana,MoRTH,617993.0,,220.28,,223.79,2026-07,FlashReport_July_2026.pdf,,Ministry of Road Transport & Highways,Telangana,02/2018,05/2018,12/2025,11/2019,12/2025,,220.28,24312.0,24239.0,0.0,73.0
Roads & Highways,15,Khammam-Devarapalle Pkg V [4L Access Controlled Greenfield from Gurvaygudem village to Devarapalle village Design Chainage 132664 to 162126,NHAI,618749.0,,711.94,,591.01,2026-07,FlashReport_July_2026.pdf,,Ministry of Road Transport & Highways,Andhra Pradesh,12/2020,09/2022,05/2026,09/2024,05/2026,926.48,926.48,24317.0,24297.0,30.13456190128381,20.0
Roads & Highways,16,Delhi-Vadodara Greenfield Alignment NH-148N Pkg-28 Ch.756052 to Ch.781282,NHAI,618460.0,,1263.38,,935.5,2026-07,FlashReport_July_2026.pdf,,Ministry of Road Transport & Highways,Gujarat,09/2020,11/2021,04/2026,11/2023,04/2026,1266.98,1266.98,24316.0,24287.0,0.2849498963098916,29.0
Roads & Highways,17,Kodinar - Veraval Package VI from km. 221.610 to km. 263.00 of NH-8E & km. 120.900 to km. 121.150 of NH-8D,NHAI,618833.0,,894.01,,730.06,2026-07,FlashReport_July_2026.pdf,,Ministry of Road Transport & Highways,Gujarat,02/2016,02/2018,05/2026,07/2020,05/2026,1127.42,1127.42,24317.0,24247.0,26.10820908043535,70.0
Roads & Highways,18,Kagvadar - Una Package-IV,NHAI,619146.0,,750.53,,833.13,2026-07,FlashReport_July_2026.pdf,,Ministry of Road Transport & Highways,Gujarat,02/2016,03/2017,06/2026,09/2019,06/2026,955.78,955.78,24318.0,24237.0,27.34734121221004,81.0
Roads & Highways,19,Dwarka Expressway Pkg-III Delhi/HR Border to Start of RoB Gurugram,NHAI,618577.0,,2228.26,,1775.04,2026-07,FlashReport_July_2026.pdf,,Ministry of Road Transport & Highways,"Multi-States (Delhi, Haryana)",01/2018,11/2018,05/2024,11/2020,05/2024,2298.37,2298.37,24293.0,24251.0,3.146401227863879,42.0
Roads & Highways,20,4L Poanta SahebMednipur from Km. 435.65 to km. 458.65 of NH-07Pkg-1,NHAI,619291.0,,524.54,,321.15,2026-07,FlashReport_July_2026.pdf,,Ministry of Road Transport & Highways,"Multi-States (Uttarakhand, Himachal Pradesh)",03/2022,05/2023,03/2026,05/2025,03/2026,657.32,657.32,24315.0,24305.0,25.3136081137759,10.0
Roads & Highways,21,4L of Padalur - Trichy section from km. 285.00 to km. 325.00 of NH - 45 Pkg VI-C,NHAI,619113.0,,555.8,,235.51,2026-07,FlashReport_July_2026.pdf,,Ministry of Road Transport & Highways,Tamil Nadu,12/2005,11/2006,02/2026,05/2009,02/2026,235.8,235.8,24314.0,24113.0,-57.57466714645555,201.0
Roads & Highways,22,Aligarh-Kanpur Pkg I [Aligarh-Bhadwas],NHAI,618692.0,,1226.64,,1359.15,2026-07,FlashReport_July_2026.pdf,,Ministry of Road Transport & Highways,Uttar Pradesh,03/2018,02/2019,12/2024,06/2022,12/2024,2069.6,2069.6,24300.0,24270.0,68.72105915345983,30.0
Roads & Highways,23,Construction of Balance work of 2-Lane with PS of Joram-Koloriang Road NH- 713 on EPC basis from Design Km 44.989 to Km 61.547 Existing Km 50.050 to Km 70.000 in the state of Arunachal Pradesh under SARDP-NE Pkg-3,NHIDCL,618432.0,,228.72,,205.68,2026-07,FlashReport_July_2026.pdf,,Ministry of Road Transport & Highways,Arunachal Pradesh,02/2017,10/2020,09/2024,04/2022,09/2024,,228.72,24297.0,24268.0,0.0,29.0
Roads & Highways,24,Rehabilitation and upgradation to 2 Lane with Paved shoulder of Economic corridor of NH-6 from Design chaiange Km 0.000 to Km 13.510 Package-1 in the state of Mizoram under Bharatmala Pariyojana on EPC mode,NHIDCL,618342.0,,206.9,,214.51,2026-07,FlashReport_July_2026.pdf,,Ministry of Road Transport & Highways,Mizoram,03/2020,07/2020,06/2024,06/2022,06/2024,,206.9,24294.0,24270.0,0.0,24.0
Roads & Highways,25,"Rehabilitation and Up gradation to 2-lane with paved shoulder of Keifang Section Economic Corridor of NH-06 from Existing Chainage Km 30050 Keifang to Km 50360 Keifang, Design Chainage Km 27400 to Km 45040 PkgIII in the State of Mizoram under Bharatmala Pariyojna on EPC Mode Seling-Dulte - III",NHIDCL,618343.0,,292.23,,298.93,2026-07,FlashReport_July_2026.pdf,,Ministry of Road Transport & Highways,Mizoram,03/2020,07/2020,10/2024,06/2022,10/2024,,292.23,24298.0,24270.0,0.0,28.0
