sector,sl_no,project_name,agency,project_code,legacy_ocms_code,approval_date,original_cost,revised_cost,anticipated_cost,target_doc,revised_doc,anticipated_doc,report_month,source_file,ministry,state,start_date
HEALTH AND FAMILY WELFARE,1,500 BEDDED HOSPITAL INCLUDING 50 SUPERSPECIALITY BEDS FOR ESIC AT PUNE,CPWD,,N21000033,7/2022,429.25,429.25,,9/2025,9/2025,,2024-07,July_Part-II.pdf,,,
PETROLEUM,2,GURDASPUR JAMMU PIPELINE,GAIL,,N16000531,7/2023,521.92,521.92,521.92,7/2026,7/2026,,2024-07,July_Part-II.pdf,,,
URBAN DEVELOPMENT,3,KOCHI METRO RAIL PROJECT PHASE II FROM JLN STADIUM TO INFOPARK VIA KAKKANAD,KMRCL,,N28000158,7/2018,1957.05,1957.05,,11/2026,11/2026,,2024-07,July_Part-II.pdf,,,
,4,KOCHI METRO RAIL PROJECT PHASE IB SECTION FROM S N JUNCTION TO THRIPUNITHURA,KMRCL,,N28000159,6/2019,355.7,448.0,448.33,9/2023,,,2024-07,July_Part-II.pdf,,,
CIVIL AVIATION,1,"DARBHANGA:DEVELOPMENT OF NEW CIVIL ENCLAVE AT DARBHANGA, BIHAR. SH- CONSTRUCTION OF NEW TERMINAL BUI",AAI,,N04000112,7/2024,911.66,911.66,,7/2026,7/2026,,2024-08,August_Part-2(List_of_tables).pdf,,,
,2,AGRA: DEVELOPMENT OF NEW CIVIL ENCLAVE AT AGRA AIRPORT.,AAI,,N04000113,6/2024,579.0,579.0,,7/2026,7/2026,,2024-08,August_Part-2(List_of_tables).pdf,,,
,3,"VARANASI: DEVELOPMENT OF LAL BAHADUR SHASTRI INTERNATIONAL AIRPORT, VARANASI.",AAI,,N04000114,7/2024,2869.65,2869.65,,7/2027,7/2027,,2024-08,August_Part-2(List_of_tables).pdf,,,
COAL,4,ITAPARA OC,ECL,,N06000272,12/2023,929.1,929.1,,3/2030,3/2030,,2024-08,August_Part-2(List_of_tables).pdf,,,
,5,AMALGAMATED NTST KUJAMA OCP 8.5 MTY,BCCL,,N06000273,1/2023,4011.85,4011.85,,3/2030,3/2030,,2024-08,August_Part-2(List_of_tables).pdf,,,
,6,KATKONA RO UG PROJECT (1.74 MTY),SECL,,N06000274,1/2023,329.22,329.22,,3/2029,3/2029,,2024-08,August_Part-2(List_of_tables).pdf,,,
,7,HURA C OC,ECL,,N06000275,8/2022,859.41,859.41,,3/2029,3/2029,,2024-08,August_Part-2(List_of_tables).pdf,,,
,8,UCE OF TILABONI UG,ECL,,N06000276,1/2023,749.07,749.07,,3/2029,3/2029,,2024-08,August_Part-2(List_of_tables).pdf,,,
,9,UCE OF PARASEA BELBAID REORGANISATION UG,ECL,,N06000277,1/2023,389.1,389.1,,3/2029,3/2029,,2024-08,August_Part-2(List_of_tables).pdf,,,
,10,BORHOLLA GGS LIFE EXTENSION PROJECT,ONGC,,N16000532,9/2023,198.7,198.7,,5/2026,5/2026,,2024-08,August_Part-2(List_of_tables).pdf,,,
PETROLEUM,11,PRP-VIII GROUP B (NH AND BS ASSET),ONGC,,N16000533,6/2024,2379.84,2379.84,,5/2026,5/2026,,2024-08,August_Part-2(List_of_tables).pdf,,,
,12,HP TDAE UNIT IN MUMBAI REFINERY,HPCL,,N16000534,6/2024,240.0,240.0,,4/2026,4/2026,,2024-08,August_Part-2(List_of_tables).pdf,,,
ROAD TRANSPORT,13,CONSTRUCTION OF BALRAMPUR BYPASS WITH 2L FLEXIBLE PAVEMENT CONFIGURATION FROM KM.223.000 OF NH-330 T,MoRTH,,N24002150,12/2022,515.69,515.69,,2/2026,2/2026,,2024-08,August_Part-2(List_of_tables).pdf,,,
,14,WIDENING TO 4L/4L+PS AND STRENGTHENING IN SELECTED STRETCHES FROM KM 0/8 TO 50/570 OF NH 532 INCLUD,MoRTH,,N24002151,3/2022,257.14,295.0,295.0,1/2024,7/2025,,2024-08,August_Part-2(List_of_tables).pdf,,,
,15,WIDENING FROM 2L+PS TO 4L/4L+PS AND IMPROVEMENTS THE SELECTED STRETHCES FROM KM 26/5 - 81/2 INCLU,MoRTH,,N24002152,3/2023,274.84,274.84,,11/2023,11/2025,,2024-08,August_Part-2(List_of_tables).pdf,,,
,16,"STRENGTHENING OF 2L+PS FROM KM 17/8 ? 18/2, CONSTRUCTION OF 2L+PS FROM KM 18/2 TO KM 20/0 AND CONSTR",MoRTH,,N24002153,3/2023,169.68,169.68,,2/2024,8/2025,,2024-08,August_Part-2(List_of_tables).pdf,,,
PETROLEUM,1,HP TRIJET UNIT IN VR,HPCL,,N16000535,7/2024,193.0,193.0,,7/2027,7/2027,,2024-09,September_Part-2(List_of_tables).pdf,,,
,2,DEMO PLANT FOR PRODUCTION OF BIO-ATF,MANGALORE REFIN,,N16000536,3/2024,364.0,364.0,,3/2027,3/2027,,2024-09,September_Part-2(List_of_tables).pdf,,,
,3,INTEGRATED DEVELOPMENT OF 4 CONTRACT AREAS UNDER DSF2,ONGC,,N16000537,5/2023,6183.79,6183.79,,4/2027,4/2027,,2024-09,September_Part-2(List_of_tables).pdf,,,
,4,TS FOR EVACUATION OF POWER FROM 7GW REZ IN KHAVDA AREA UNDER PHASE-IV PART E2,PGCIL,,N18000390,5/2024,679.0,679.0,,5/2026,5/2026,,2024-09,September_Part-2(List_of_tables).pdf,,,
,5,TS FOR EVACUATION POWER FROM RAJASTHAN REZ PH-IV (PART-2:5.5GW) PART-B,JAISALMER/BARMER COMPLEX,,N18000391,8/2024,3279.0,3279.0,,8/2026,8/2026,,2024-09,September_Part-2(List_of_tables).pdf,,,
,6,TS FOR EVACUATION POWER RAJASTHAN REZ PH- IV (PART-2:5.5GW) (JAISALMER/BARMER COMPLEX): PART-C,PGCIL,,N18000392,8/2024,2708.0,2708.0,,8/2026,8/2026,,2024-09,September_Part-2(List_of_tables).pdf,,,
,7,TS FOR EVACUATION POWER FROM RAJASTHAN REZ PH-IV (PART-2:5.5GW) (JAISALMER/BARMER COMPLEX) PART-C,PGCIL,,N18000393,8/2024,2227.0,2227.0,,8/2026,8/2026,,2024-09,September_Part-2(List_of_tables).pdf,,,
,8,TS FOR EVACUATION POWER FROM RAJASTHAN REZ PH-IV (PART-2:5.5GW) (JAISALMER/BARMER COMPLEX) PART-E,PGCIL,,N18000394,8/2024,3251.0,3251.0,,8/2026,8/2026,,2024-09,September_Part-2(List_of_tables).pdf,,,
,9,AUGMENTATION OF 1500MVA 3RD 765/400KV TRANSFORMATION CAPACITY AT KURNOOL NEW SUBSTATION,PGCIL,,N18000395,5/2023,164.0,164.0,,9/2025,9/2025,,2024-09,September_Part-2(List_of_tables).pdf,,,
,10,CONSTRUCTION OF 4-LANE PANCHGRAM BYPASS FROM DESIGN CHAINAGE KM 15+500 ON NH-37,OLD NH-53) AT KALIN,,N24002154,3/2023,728.97,728.97,,2/2027,2/2027,,2024-09,September_Part-2(List_of_tables).pdf,,,
,11,WIDENING/IMPROVEMENT TO 4-LANE WITH PAVED SHOULDER FROM KM 55+000 (NAGABANG GAMSUK) TO KM 82+514 (OY,NHIDCL,,N24002155,3/2023,665.47,665.47,,3/2027,3/2027,,2024-09,September_Part-2(List_of_tables).pdf,,,
,12,CONSTRUCTION OF 2-LANE WITH PAVED SHOULDER OF SHILLONG WESTERN BYPASS STARTING FROM NH-06 NEAR LADUM,NHIDCL,,N24002156,3/2023,620.3,620.3,,9/2026,9/2026,,2024-09,September_Part-2(List_of_tables).pdf,,,
,13,SHILLONG WESTERN BYPASS PACKAGE-2,NHIDCL,,N24002157,3/2023,686.0,686.0,,9/2026,9/2026,,2024-09,September_Part-2(List_of_tables).pdf,,,
,14,CONSTRUCTION OF 2-LANE WITH PAVED SHOULDERS OF SHILLONG WESTERN BYPASS STARTING FROM NH-06 NEAR LADU,NHIDCL,,N24002158,3/2023,562.48,562.48,,9/2026,9/2026,,2024-09,September_Part-2(List_of_tables).pdf,,,
,15,REHABILITATION AND UP-GRADATION OF ROAD FROM DESIGN KM 25.250 TO KM 36.460 (TOTAL LENGH: 11.210 KM),NHIDCL,,N24002159,2/2020,174.43,174.43,,3/2026,3/2026,,2024-09,September_Part-2(List_of_tables).pdf,,,
,16,IMPROVEMENT AND WIDENING TO 2-LANE WITH PAVED SHOULDER OF ROAD FROM KM 101.300 TO KM 127.319 (TOTAL,NHIDCL,,N24002160,1/2024,431.78,431.78,,7/2026,7/2026,,2024-09,September_Part-2(List_of_tables).pdf,,,
,17,KHOWAI TELIAMURA-AMARPUR-HARINA- SABROOM PACKAGE-2,NHIDCL,,N24002161,1/2024,657.21,657.21,,9/2026,9/2026,,2024-09,September_Part-2(List_of_tables).pdf,,,
,18,KHOWAI TELIAMURA-AMARPUR-HARINA- SABROOM PACKAGE-3,NHIDCL,,N24002162,1/2024,670.9,670.9,,9/2026,9/2026,,2024-09,September_Part-2(List_of_tables).pdf,,,
,19,CONSTRUCTION FOR MITIGATION MEASURES KM 368.00-UTTARAKHAND-TO KM 433.00 ON NH-07- PKG-1,NHIDCL,,N24002163,12/2023,216.88,216.88,,12/2025,12/2025,,2024-09,September_Part-2(List_of_tables).pdf,,,
,20,CONSTRUCTION FOR MITIGATION MEASURES KM 450.00-UTTARAKHAND-TO KM 468.00 ON NH-07- PKG-3,NHIDCL,,N24002164,12/2023,250.33,250.33,,12/2025,12/2025,,2024-09,September_Part-2(List_of_tables).pdf,,,
,21,CONSTRUCTION OF BYPASS TO MADURAI - ACHAMBATHU - VIRATIPATHU IN KM 6/850 - 10/382 OF NH 49 EXTN. (NE,MoRTH,,N24002165,3/2022,238.97,238.97,,8/2026,8/2026,,2024-09,September_Part-2(List_of_tables).pdf,,,
CIVIL AVIATION,1,BAGDOGRA AIRPORT: DEVELOPMENT OF NEW CIVIL ENCLAVE AT BAGDOGRA AIRPORT. SUB-HEAD : CONSTRUCTION OF N,AAI,,N04000115,8/2024,1549.0,1549.0,,3/2027,3/2027,,2024-10,October.pdf,,,
COAL,2,GAURI CENTRAL OCM,WCL,,N06000278,8/2023,1015.07,1015.07,,3/2030,3/2030,,2024-10,October.pdf,,,
,3,FOUR LANING OF RAGHOGARH (DESIGN CH.29.300/EXISTING CH. 29.555) TO NANASA (DESIGN CH.92.971/EXISTING,NHAI,,N24002166,3/2024,799.2,799.2,,3/2026,3/2026,,2024-10,October.pdf,,,
,4,UPGRADATION TO 2 LANE WITH PAVED SHOULDER OF HANUMANGARH TO KENCHIYAN OF NH 54 ON EPC MODE IN THE ST,MoRTH,,N24002167,3/2024,334.64,334.64,,10/2026,10/2026,,2024-10,October.pdf,,,
,5,UPGRADATION TO 2 LANE WITH PAVED SHOULDER FROM NEECHLI ODEN (NATHDWARA) AT DESIGN KM 88.800 TO BHATE,MoRTH,,N24002168,3/2023,606.61,606.61,,10/2026,10/2026,,2024-10,October.pdf,,,
,6,REHABILITATION/UPGRADATION OF EXISTING HIGHWAY TO 2L+PS/4 LANE OF DHAWALI TO RAJOLI FROM DESIGN KM.1,MoRTH,,N24002169,3/2022,316.44,316.44,,9/2025,9/2025,,2024-10,October.pdf,,,
,7,REHABILITATION/ UPGRADATION OF EXISTING HIGHWAY TO FOUR LANE STANDARDS IN KURKHEDA TOWN FROM,KM.413,,N24002170,3/2022,163.86,163.86,,5/2025,5/2025,,2024-10,October.pdf,,,
,8,REHABILITATION & UP-GRADATION FOR TALERE A?? GAGANBAWDAA?? KOLHAPUR ROAD (NH-166G) STRETCHES START F,MoRTH,,N24002171,2/2023,249.13,249.13,,4/2025,4/2025,,2024-10,October.pdf,,,
,9,"UP-GRADATION TO 4 LANE CONFIGURATION FOR THE WORK OF PETH NAKA TO SANGLI ROAD, NH-166H, FROM KM 0+00",MoRTH,,N24002172,2/2023,856.82,856.82,,12/2025,12/2025,,2024-10,October.pdf,,,
,10,REHABILITATION AND UP-GRADATION TO 2 LANE WITH PAVED SHOULDER CONFIGURATION OF MAHUD SANGOLA ROAD NH,MoRTH,,N24002173,2/2023,253.78,253.78,,4/2025,4/2025,,2024-10,October.pdf,,,
,11,UP-GRADATION TO FOUR LANE/ TWO LANE WITH PAVED SHOULDERS CONFIGURATION OF KALYAN - MURBAD - MALSHEJ,MoRTH,,N24002174,2/2023,984.07,984.07,,8/2026,8/2026,,2024-10,October.pdf,,,
,12,CONSTRUCTION OF FOUR-LANE CONCRETE ROAD FROM POLICE HEADQUARTER GONDIA CITY TO RAWANWADI VILLAGE (BI,MoRTH,,N24002175,2/2023,328.11,328.11,,8/2025,8/2025,,2024-10,October.pdf,,,
,13,REHABILITATION/UP GRADATION OF KARANJA ? KHERDA - MURTIZAPUR SECTION TO 4LANE+PAVED SHOULDER STANDA,MoRTH,,N24002176,3/2023,594.44,594.44,,2/2026,2/2026,,2024-10,October.pdf,,,
,14,REHABILITATION / UPGRADATION TO 4 LANE WITH PAVED SHOULDER OF EXISTING SECTION IN SILLOD TOWN WITH D,MoRTH,,N24002177,3/2023,153.79,153.79,,7/2025,7/2025,,2024-10,October.pdf,,,
,15,"REHABILITATION, UPGRADATION & WIDENING OF EXISTING HIGHWAY TO RIGID PAVEMENT 2 LANE WITH PAVED SHOUL",MoRTH,,N24002178,2/2023,723.13,723.13,,7/2026,7/2026,,2024-10,October.pdf,,,
,16,CONSTRUCTION OF 4 LANE WITH PAVED SHOULDER,PATTAN BYPASS) GREENFIELD BYPASS FROM EXISTING,,N24002179,3/2023,980.21,980.21,,7/2026,7/2026,,2024-10,October.pdf,,,
,17,REHABILITATION AND UPGRADATION TO 2 LANE WITH PAVED SHOULDER FROM EXISTING CHAINAGE KM 166.100 TO KM,BRO,,N24002180,9/2021,734.64,734.64,,7/2026,7/2026,,2024-10,October.pdf,,,
,18,CONSTRUCTION OF SIX LANE ELEVATED CORRIDOR FROM KM. 508.000 TO KM. 513.150 INCLUDING APPROACHES ON N,MoRTH,,N24002181,4/2023,641.46,641.46,,4/2026,4/2026,,2024-10,October.pdf,,,
,19,WORK OF DEVELOPMENT AND CONSTRUCTION OF ELEVATED CORRIDORFROM KM 38/660 TO KM 42/690,ISCON JUNCTION,,N24002182,3/2023,530.2,530.2,,3/2026,3/2026,,2024-10,October.pdf,,,
,20,"WIDENING 2 LANE TO 4-LANE FROM KM 92/320 TO KM 115/320 (VAV CHOKDI-SATLASANA TO TO VRUNDAVAN CHOKDI,",MoRTH,,N24002183,3/2022,151.13,171.0,,3/2026,3/2026,,2024-10,October.pdf,,,
,21,CONSTRUCTION OR 4 LANE RANIGANJ BYPASS OF LENGTH 5 261 KM ON NH 60 NEW NH 14 FROM KM 273 00 OF NH,MoRTH,,N24002184,3/2023,410.83,410.83,,3/2026,3/2026,,2024-10,October.pdf,,,
,22,CONSTRUCTION OF 2 LANE WITH PAVED SHOULDERS,BARAMULLA BYPASS) GREENFIELD BYPASS FROM,,N24002185,3/2023,992.43,992.43,,9/2026,9/2026,,2024-10,October.pdf,,,
,23,WIDENING TO 2 LANE WITH PAVED SHOULDERS FROM DESIGN KM 103.200 (EXISTING KM 103.200) TO DESIGN KM 11,MoRTH,,N24002186,3/2024,166.58,166.58,,9/2025,9/2025,,2024-10,October.pdf,,,
,24,CONSTRUCTION OF 2 LANE WITH PAVED SHOULDER FROM KM 55.6 TO KM 90.7 (EXISTING CHAINAGES) OF NH- 766C (,MoRTH,,N24002187,2/2024,313.56,313.56,,2/2026,2/2026,,2024-10,October.pdf,,,
,25,WIDENING TO 2L+PS FROM KM 71.00 TO 104.00,EXISTING CHAINAGES) (SARJAPUR TO PATTADKALLU,,N24002188,3/2024,445.62,445.62,,3/2026,3/2026,,2024-10,October.pdf,,,
,26,WIDENING TO TWO LANE WITH PAVED SHOULDERS FROM KM 0.00 (DESIGN CHAINAGE 0.00) TO KM 23.338,DESIGN C,,N24002189,9/2024,196.05,196.05,,3/2026,3/2026,,2024-10,October.pdf,,,
,27,CONSTRUCTION OF 4-LANE ACCESS CONTROLLED GREENFIELD HIGHWAY SECTION ON NH-163G,KHAMMAM-VIJAYAWADA,,N24002190,3/2023,983.0,983.0,,8/2026,8/2026,,2024-10,October.pdf,,,
COAL,1,50 MW SOLAR POWER PROJECT -NEYVELI MINED OUT AREA,NLC,,N06000279,5/2023,218.03,218.03,,6/2025,5/2025,,2024-11,November.pdf,,,
RAILWAYS,2,KALIPAHARI - BAKHTARNAGAR 5TH LINE (17.61 KM),ER,,N22000630,4/2024,350.46,350.46,,6/2027,6/2027,,2024-11,November.pdf,,,
,3,SITARAMPUR BYE - PASS LINE (6.59 KM),ER,,N22000631,2/2023,461.64,461.64,,3/2027,3/2027,,2024-11,November.pdf,,,
,4,CONSTRUCTION OF ROB AND ITS APPROACHES IN LIEU OF LEVEL CROSSING NO 10 B T AT KM 307 050 OF NH 60 B,MoRTH,,N24002191,3/2016,155.87,155.87,,8/2025,8/2025,,2024-11,November.pdf,,,
,5,REHABILITATION AND UP-GRADATION TO 4L CONFIGURATION AND STRENGTHENING OF THANPURI TO PAROR SECTION F,NHAI,,N24002192,6/2022,815.69,815.69,815.69,12/2025,12/2025,,2024-11,November.pdf,,,
,6,CONSTRUCTION OF 4 LANE ROB AND ITS APPROACHES AT THE LEVEL OF CROSSING (L C NO. 29-B) OF KM 29 (EKAN,MoRTH,,N24002193,3/2023,201.08,201.08,,7/2026,7/2026,,2024-11,November.pdf,,,
,7,CONSTRUCTION OF 6-LANE ELEVATED / EXTRA DOSE CABLE BRIDGE ON RIVER GANGA PARALLEL TO & WESTERN SIDE,MoRTH,,N24002194,1/2024,3064.45,3064.45,,11/2027,11/2027,,2024-11,November.pdf,,,
,8,ESTIMATE FOR IMPROVEMENT TO TWO LANE WITH PAVED SHOULDER FROM RAMNAGAR TO ROSEDA FROM (KM 3.500 TO 4,MoRTH,,N24002195,1/2022,495.16,495.16,,4/2026,4/2026,,2024-11,November.pdf,,,
ROAD TRANSPORT AND,9,CONSTRUCTION OF BHABHUA BYPASS FROM CH. 10+800(DESIGN CH. 10+800) TO CH. 19+860 (DESIGN CH. 18+150),MoRTH,,N24002196,2/2022,179.86,179.86,,3/2026,3/2026,,2024-11,November.pdf,,,
,10,IMPROVEMENT TO TWO LANE WITH PAVED SHOULDER FROM JUNCTION OF NH-22 NEAR HAJIPUR TO JUNCTION OF NH-12,MoRTH,,N24002197,2/2024,226.15,226.15,,2/2026,2/2026,,2024-11,November.pdf,,,
,11,IMPROVEMENT TO TWO LANE WITH PAVED SHOULDERS OF BH/WBBORDER-AMDABAD-MANIHARI SECTION FROM DESIGN KM,MoRTH,,N24002198,1/2022,353.27,353.27,,3/2026,3/2026,,2024-11,November.pdf,,,
,12,WIDENING TO 4L RIGID PAVEMENT CONFIGURATION FROM KM 90.00 TO KM 100.800 OF NH-96 (KM 42.O TO KM 53.3,MoRTH,,N24002199,12/2022,309.63,309.63,,11/2026,11/2026,,2024-11,November.pdf,,,
,13,BALANCE WORKS OF 4 LANE DIVIDED CARRIAGEWAY OF MISSING LINK SECTION OF NH-39 (REWA BYPASS) FROM JUNC,NHAI,,N24002200,4/2024,355.36,355.36,,4/2026,4/2026,,2024-11,November.pdf,,,
,14,IMPROVEMENT AND UP-GRADATION TO TWO LANE WITH PAVED SHOULDER/FOUR LANE CONFIGURATION FROM EXISTING K,MoRTH,,N24002201,1/2022,974.19,974.19,,5/2027,5/2027,,2024-11,November.pdf,,,
URBAN DEVELOPMENT,15,PUNE METRO PHASE-1 EXTENSION FROM SWARGATE TO KATRAJ,MMRC,,N28000160,9/2024,2954.53,2954.53,,3/2029,3/2029,,2024-11,November.pdf,,,
COAL,1,CHUPERBHITA- SIMLONG OCP,ECL,,N06000280,,979.08,979.08,,3/2033,3/2037,,2024-12,December.pdf,,,
,2,PARASCOLE JAMBAD OCP,ECL,,N06000281,,1193.55,1193.55,,3/2037,3/2037,,2024-12,December.pdf,,,
,3,BALLARPUR NORTHWEST OC MINE,WCL,,N06000282,,360.18,360.18,,3/2029,3/2029,,2024-12,December.pdf,,,
,4,NORTHERN EXTENSION OF MUNGOLI NIRGUDA DEEP OC,WCL,,N06000283,,1184.44,1184.44,,3/2029,3/2029,,2024-12,December.pdf,,,
,5,AMALGAMATED GONDEGAON - GHATROHAN EXPANSION OCM,WCL,,N06000284,,871.59,871.59,,3/2029,3/2029,,2024-12,December.pdf,,,
PETROLEUM,6,CONSTRUCTION OF AVIATION FUEL FARM FACILITIES AT BHOGAPURAM AIRPORT,HPCL,,N16000538,,240.0,240.0,,3/2026,3/2026,,2024-12,December.pdf,,,
,7,VISAKHA RAIPUR PIPELINE PROJECT,HPCL,,N16000539,,2212.0,2212.0,,9/2027,9/2027,,2024-12,December.pdf,,,
,8,MARREM KHULLEN TO JESSAMI SECTION IMPHAL- UKHRUL - JESSAMI PKG-6 (DESIGN CHAINAGE KM 95.700 TO KM 14,NHIDCL,,N24002202,,554.66,554.66,,12/2026,12/2026,,2024-12,December.pdf,,,
,9,IMPHAL-KOHIMA ROAD PKG-4B,NHIDCL,,N24002203,,268.98,268.98,,6/2026,6/2026,,2024-12,December.pdf,,,
ROAD TRANSPORT AND HIGHWAYS,10,ZORINPUI- HMAWNGBU-LONGMASU (NH-502A),NHIDCL,,N24002204,,781.85,781.85,,12/2026,12/2026,,2024-12,December.pdf,,,
,11,CHAMPAK NAGAR TO KHAYERPUR SECTION (DESIGN KM 242+500 TO KM 261+610),NHIDCL,,N24002205,,920.66,920.66,,9/2026,9/2026,,2024-12,December.pdf,,,
,12,CONSTRUCTION FOR MITIGATION MEASURES PKG-2,NHIDCL,,N24002206,,259.64,259.64,,6/2026,6/2026,,2024-12,December.pdf,,,
,13,MAJOR BRIDGE OVER MIDDLE STRAIT CREEK,NHIDCL,,N24002207,,371.8,371.8,,2/2026,2/2026,,2024-12,December.pdf,,,
,14,PACKAGE-3A,NHIDCL,,N24002208,,207.54,207.54,,9/2025,9/2025,,2024-12,December.pdf,,,
,15,PACKAGE-3B,NHIDCL,,N24002209,,183.47,183.47,,11/2025,11/2025,,2024-12,December.pdf,,,
COAL,1,RPR OF HINGULA EXPANSION OCP,MCL,,N06000285,,1561.85,1561.85,,3/2029,3/2029,,2025-01,January.pdf,,,
,2,BHUBANESWARI EXPANSION OCP,MCL,,N06000286,,5366.28,5366.28,,3/2031,3/2031,,2025-01,January.pdf,,,
,3,ADDITIONAL TRANSMISSION SYSTEM FOR EVACUATION OF POWER FROM BHADLA-III PS AS PART OF RAJASTHAN REZ P,PGCIL,,N18000396,,369.0,369.0,,2/2026,2/2026,,2025-01,January.pdf,,,
,4,TRANSMISSION SYSTEM STRENGTHENING FOR INTERCONNECTIONS OF BHADLA-III AND BIKANER III COMPLEX [SPV NA,PGCIL,,N18000397,,1382.0,1382.0,,8/2026,8/2026,,2025-01,January.pdf,,,
,5,AUGMENTATION OF TRANSFORMATION CAPACITY AT JAM KHAMBHALIYA PS [GIS] [SPV NAME POWERGRID JAM KHAMBHAL,PGCIL,,N18000398,,329.0,329.0,,7/2026,7/2026,,2025-01,January.pdf,,,
,6,TRANSMISSION SYSTEM FOR EVACUATION OF POWER FROM RAJASTHAN REZ PH-IV [PART-2 5.5GW] [JAISALMER/BARME,PGCIL,,N18000399,,3674.0,3674.0,,10/2026,10/2026,,2025-01,January.pdf,,,
,7,TRANSMISSION SYSTEM FOR EVACUATION OF POWER FROM POTENTIAL RENEWABLE ENERGY ZONE IN KHAVDA AREA OF G,PGCIL,,N18000400,,4766.0,4766.0,,10/2026,10/2026,,2025-01,January.pdf,,,
,8,TRANSMISSION SYSTEM FOR EVACUATION OF POWER FROM RAJASTHAN REZ PH -IV [PART-2 5.5 GW] [JAISALMER/BAR,PGCIL,,N18000401,,2735.0,2735.0,,11/2026,11/2026,,2025-01,January.pdf,,,
,9,PROVISION OF DYNAMIC REACTIVE COMPENSATION AT KHAVDA POOLING STATION 1 [KPS1] AND KHAVDA POOLING STA,PGCIL,,N18000402,,501.0,501.0,,11/2026,11/2026,,2025-01,January.pdf,,,
,10,TRANSMISSION SYSTEM FOR EVACUATION OF POWER FROM RAJASTHAN REZ PH-IV [PART-3 (6GW)] [BIKANER COMPLEX,PGCIL,,N18000403,,5969.0,5969.0,,11/2026,11/2026,,2025-01,January.pdf,,,
,11,TRANSMISSION SYSTEM FOR EVACUATION OF POWER FROM RAJASTHAN REZ PH-IV [PART-3 (6 GW)] [BIKANER COMPLE,PGCIL,,N18000404,,5357.0,5357.0,,11/2026,11/2026,,2025-01,January.pdf,,,
,12,TRANSMISSION SYSTEM FOR EVACUATION OF POWER FROM POTENTIAL RENEWABLE ENERGY ZONE IN KHAVDA AREA OF G,PGCIL,,N18000405,,24819.0,24819.0,,5/2029,5/2029,,2025-01,January.pdf,,,
ROAD TRANSPORT AND HIGHWAYS,13,WIDENING AND STRENGTHENING OF RAFIABAD-KUPWARA- CHOWKIBAL-TANGDHAR-CHAMKOT (NH-701) ROAD FROM DESIGN,BRO,,N24002210,,1404.94,1404.94,,5/2027,5/2027,,2025-01,January.pdf,,,
,14,REHABILITATION AND UPGRADATION TO FOUR LANE ROAD FROM KM 70.500 TO KM 78.600 OF NH-92 UNDER EPC MODE,MoRTH,,N24002211,,296.02,296.02,,1/2027,1/2027,,2025-01,January.pdf,,,
,15,WIDENING AND STRENGTHENING FROM DESIGN KM. 67.280 TO KM. 88.622 OF NH-727A (SALEMPUR-MAIRWA ROAD) TO,MoRTH,,N24002212,,371.89,371.89,,7/2026,7/2026,,2025-01,January.pdf,,,
,16,REHABILITATION and UP-GRADATION TO 2L+PS FROM KM. 0.0 TO KM. 7.80 AND KM. 35.400 TO KM. 52.345 (DESI,MoRTH,,N24002213,,701.02,701.02,,7/2026,7/2026,,2025-01,January.pdf,,,
STEEL,17,"SCREENING PLANT-II, DONIMALAI",NMDC,,N12000136,,1043.63,1043.63,,8/2026,8/2026,,2025-01,January.pdf,,,
,1,ACCESS CONTROLLED HIGHWAY OF 4 LANE WITH PAVED SHOULDERS FROM TIRUVALLUR (DESIGN CHAINAGE KM 17+56),NHAI,,N24002216,,1376.1,1376.1,,12/2026,12/2026,,2025-03,FRMarch2025.pdf,,,
,2,ACCESS CONTROLLED HIGHWAY OF 4 LANE WITH PAVED SHOULDERS FROM TN/AP BORDER (DESIGN CHAINAGE KM 61+51,NHAI,,N24002217,,1346.82,1346.82,,12/2026,12/2026,,2025-03,FRMarch2025.pdf,,,
,3,REHABILITATION AND UP GRADATION FROM 4 TO 8 LANING OF CHANDIKHOLE ? PARADIP SECTION OF NH-53 (OLD NH,NHAI,,N24002219,,882.45,882.45,,10/2026,10/2026,,2025-03,FRMarch2025.pdf,,,
,4,PERMANENT RECTIFICATION OF 4 NOS. OF BLACKSPOTS ON NH 27 OF KOTWA MEHSI MUZAFFARPUR SECTION FROM,NHAI,,N24002220,,410.75,410.75,,11/2026,11/2026,,2025-03,FRMarch2025.pdf,,,
,5,4L OF GREENFIELD ALIGNMENT FROM KM. 47.000 TO KM. 89.210 OF BALBHADARPUR TO BELA NAWDA SECTION OF NH,NHAI,,N24002221,,2185.75,2185.75,,3/2026,3/2026,,2025-03,FRMarch2025.pdf,,,
,6,HUNLI TO HAYULIANG PKG-1,NHIDCL,,N24002222,,1262.43,1262.43,,2/2028,2/2028,,2025-03,FRMarch2025.pdf,,,
,7,HUNLI TO ITHUN BRIDGE SECTION,NHIDCL,,N24002223,,275.5,275.5,,1/2027,1/2027,,2025-03,FRMarch2025.pdf,,,
,8,PANGO TO JORGING ROAD PKG-1,NHIDCL,,N24002224,,898.19,898.19,,7/2027,7/2027,,2025-03,FRMarch2025.pdf,,,
,9,BILASIPURA- GUWAHATI ROAD PKG-1,NHIDCL,,N24002225,,1081.15,1081.15,,8/2027,8/2027,,2025-03,FRMarch2025.pdf,,,
,10,SILCHAR-JIRIBAM PKG-1,NHIDCL,,N24002226,,957.95,957.95,,1/2028,1/2028,,2025-03,FRMarch2025.pdf,,,
,11,JESSAMI TO LAYNEN BRIDGE UKHRUL - JESSAMI PKG-7,NHIDCL,,N24002227,,164.89,164.89,,6/2026,6/2026,,2025-03,FRMarch2025.pdf,,,
,12,KHOWAI ?TELIAMURA-AMARPUR-HARINA-SABROOM SECTION PKG-4,NHIDCL,,N24002228,,726.9,726.9,,12/2026,12/2026,,2025-03,FRMarch2025.pdf,,,
CIVIL AVIATION,1,PAKYONG AIRPORT- WIDENING OF BASIC STRIP AT WESTERN SIDE OF RUNWAY CHAINAGE 80M TO 920M I/C SLOPE ST EPC,,,,11/2023,323.26,,323.26,6/2026,,6/2026,2024-04,April_Part-II_List_of_tables.pdf,,,
CIVIL AVIATION,2,CALICUT AIRPORT - DEVELOPMENT OF ADDITIONAL RESA ON EITHER END ON RUNWAY 10-28 AT CALICUT AIRPORT EPC,,,,6/2023,323.98,,323.98,9/2025,,9/2025,2024-04,April_Part-II_List_of_tables.pdf,,,
PETROLEUM,3,ETHYLENE CRACKER PROJECT AT BINA REFINERY INCLUDING DOWNSTREAM PETROCHEMICAL PLANTS AND EXPANSION OF Central Sector Projects,,,,5/2023,43367.0,,43367.0,5/2028,,5/2028,2024-04,April_Part-II_List_of_tables.pdf,,,
PETROLEUM,4,POL AND LOBS INSTALLATIONS WITH RECEIPT PIPELINES AT RASAYANI Central Sector Projects,,,,5/2023,2585.0,,2585.0,5/2026,,5/2026,2024-04,April_Part-II_List_of_tables.pdf,,,
PETROLEUM,5,CGD PROJECTS AT FAZILKA (EXCEPT AREA ALREADY AUTHORIZED) GANGANAGAR AND HANUMANGARH DISTRICTS Central Sector Projects,,,,12/2022,3207.0,,3207.0,6/2030,,6/2030,2024-04,April_Part-II_List_of_tables.pdf,,,
PETROLEUM,6,CITY GAS DISTRIBUTION PROJECTS AT GOPALGANJ SIWAN WEST CHAMPARAN EAST CHAMPARAN AND DEORIA DISTRICTS Central Sector Projects,,,,12/2022,3919.0,,3919.0,6/2030,,6/2030,2024-04,April_Part-II_List_of_tables.pdf,,,
PETROLEUM,7,CITY GAS DISTRIBUTION PROJECTS AT ALIPURDUAR AND COOCH BEHAR Central Sector Projects,,,,12/2022,1017.0,,1017.0,3/2030,,3/2030,2024-04,April_Part-II_List_of_tables.pdf,,,
PETROLEUM,8,CGD PROJECTS AT THE NILGIRIS AND ERODE DISTRICTS Central Sector Projects,,,,12/2022,3685.0,,3685.0,3/2030,,3/2030,2024-04,April_Part-II_List_of_tables.pdf,,,
PETROLEUM,9,"CITY GAS DISTRIBUTION PROJECTS AT DARBHANGA, MADHUBANI, SUPAUL, SITAMARHI AND SHEOHAR DISTRICTS Central Sector Projects",,,,12/2022,3638.0,,3638.0,3/2030,,3/2030,2024-04,April_Part-II_List_of_tables.pdf,,,
PETROLEUM,10,MHN TCPP PGC BGC PROJECT (MTPBP) EPC,,,,2/2024,2329.45,,2329.45,5/2026,,5/2026,2024-04,April_Part-II_List_of_tables.pdf,,,
PETROLEUM,11,"CITY GAS DISTRIBUTION PROJECTS AT LAKHIMPUR KHERI , SITAPUR, BAHRAICH, SHRAVASTI,BALRAMPUR, Central Sector Projects",,,,12/2022,16654.0,,16654.0,6/2030,,6/2030,2024-04,April_Part-II_List_of_tables.pdf,,,
PETROLEUM,12,CGD PROJECT AT JAMMU DISTRICTS Central Sector Projects,,,,3/2022,538.0,,538.0,3/2032,,3/2032,2024-04,April_Part-II_List_of_tables.pdf,,,
POWER,13,"LARA SUPER THERMAL POWER PROJECT, STAGE-II (2X800 MW)",,,,8/2023,15530.0,,15530.0,6/2028,,6/2028,2024-04,April_Part-II_List_of_tables.pdf,,,
EPC,14,"SINGRAULI SUPER THERMAL POWER PROJECT, STAGE-III (2X800 MW) EPC",,,,3/2024,17195.31,,17195.31,2/2030,,2/2030,2024-04,April_Part-II_List_of_tables.pdf,,,
ROAD TRANSPORT AND HIGHWAYS,15,6L ACCESS CONTROLLED GREENFIELD HIGHWAY FROM NARAYANMPET (CH. 203+500) TO CHANDRASEKHARPURAM (CH. 22 HAM(Hybrid Annuity Mode),,,,2/2024,813.66,,813.66,2/2026,,2/2026,2024-04,April_Part-II_List_of_tables.pdf,,,
ROAD TRANSPORT AND HIGHWAYS,16,6L ACCESS CONTROLLED GREENFIELD HIGHWAY FROM CHANDRASEKHARAPURAM (CH. 228+000) TO POLAVARAM (CH. 260 HAM(Hybrid Annuity Mode),,,,2/2024,1292.65,,1292.65,2/2026,,2/2026,2024-04,April_Part-II_List_of_tables.pdf,,,
ROAD TRANSPORT AND HIGHWAYS,17,6L ACCESS CONTROLLED GREENFIELD HIGHWAY FROM POLAVARAM (CH. 260+000) TO MARRIPUDI (CH. 285+500) OF [ HAM(Hybrid Annuity Mode),,,,2/2024,747.29,,747.29,2/2026,,2/2026,2024-04,April_Part-II_List_of_tables.pdf,,,
ROAD TRANSPORT AND HIGHWAYS,18,SILCHAR VAIRENGTE SAIRANG ROAD PKG-1 EPC,,,,2/2023,1256.9,,1256.9,7/2026,,7/2026,2024-04,April_Part-II_List_of_tables.pdf,,,
ROAD TRANSPORT AND HIGHWAYS,19,FOUR LANNING OF BADARPUR BYPASS FROM DESIGN CHAINAGE KM 27+300 AT CROSSING WITH NH-6 EPC,,,,2/2023,574.26,,574.26,8/2026,,8/2026,2024-04,April_Part-II_List_of_tables.pdf,,,
ROAD TRANSPORT AND HIGHWAYS,20,IMPROVEMENT OF 2 LANE WITH PAVED SHOULDER OF STRETCH FROM BIKRAMGANJ DAWATH MELAYABAGH NAWANAGR -DUM EPC,,,,3/2021,178.63,,178.63,3/2025,,3/2025,2024-04,April_Part-II_List_of_tables.pdf,,,
ROAD TRANSPORT AND HIGHWAYS,21,UKHRUL TOLOI TADUBI PKG-2 EPC,,,,3/2023,578.98,,578.98,2/2026,,2/2026,2024-04,April_Part-II_List_of_tables.pdf,,,
ROAD TRANSPORT AND HIGHWAYS,22,4 LANE WITH PAVED SHOULDER AGARTALA BYPASS (WESTERN SIDE) CONNECTING NH-8 EPC,,,,3/2023,2026.05,,2026.05,3/2027,,3/2027,2024-04,April_Part-II_List_of_tables.pdf,,,
ROAD TRANSPORT AND HIGHWAYS,23,TAMENGLONG- MAHUR ROAD PKG-7 EPC,,,,12/2023,846.82,,846.82,3/2026,,3/2026,2024-04,April_Part-II_List_of_tables.pdf,,,
ROAD TRANSPORT AND HIGHWAYS,24,SILCHAR VAIRENGTE SAIRANG ROAD PKG-2 EPC,,,,3/2023,1716.21,,1716.21,8/2026,,8/2026,2024-04,April_Part-II_List_of_tables.pdf,,,
ROAD TRANSPORT AND HIGHWAYS,25,6L ACCESS CONTROLLED GREENFIELD HIGHWAY FROM MARRIPUDI (CH. 285+500) TO SOMAVARAPPADU (CH. 314+600) HAM(Hybrid Annuity Mode),,,,2/2024,976.4,,976.4,2/2026,,2/2026,2024-04,April_Part-II_List_of_tables.pdf,,,
ROAD TRANSPORT AND HIGHWAYS,26,6L ACCESS CONTROLLED GREENFIELD HIGHWAY FROM SOMAVARAPPADU (CH.314.600) TO MUPPAVARAM (CH.343+240) O HAM(Hybrid Annuity Mode),,,,2/2024,1103.89,,1103.89,2/2026,,2/2026,2024-04,April_Part-II_List_of_tables.pdf,,,
URBAN DEVELOPMENT,27,PCMC NIGDI PROJECT EXTENSION OF CORRIDOR 1 OF PUNE METRO PHASE 1 EPC,,,,10/2023,910.18,,910.18,1/2027,,1/2027,2024-04,April_Part-II_List_of_tables.pdf,,,
PETROLEUM,1,PIPELINE NETWORK PROJECT RUDRASAGAR EPC,,,,1/2023,344.99,,344.99,4/2026,,4/2026,2024-05,May_Part-2.pdf,,,
PETROLEUM,2,"AUGMENTATION OF DIMAPUR DEPOT, DIMAPUR EPC",,,,8/2023,227.62,,227.62,11/2027,,11/2027,2024-05,May_Part-2.pdf,,,
POWER,3,TS FOR EVACUATION OF POWER FROM POTENTIAL RE ZONE IN KHAVDA AREA OF GUJARAT UNDER PH-IV PART E3 Central Sector Projects,,,,7/2023,334.0,,334.0,7/2025,,7/2025,2024-05,May_Part-2.pdf,,,
POWER,4,TS FOR EVACUATION OF ADDITIONAL 7GW RE POWER FROM KHAVDA RE PARK UNDER PHASE-III PART B [VATAMAN TRA Public Private (SPV),,,,12/2023,3752.0,,3752.0,12/2025,,12/2025,2024-05,May_Part-2.pdf,,,
POWER,5,TS FOR INTRGRATION OF RE ZONE (PHASE II) IN KOPPAL II (PHASE A&B) AND GADAG II (PHASE A) IN KARNATAK Central Sector Projects,,,,12/2023,2889.0,,2889.0,12/2025,,12/2025,2024-05,May_Part-2.pdf,,,
POWER,6,TS FOR EVACUATION OF POWER FROM RAJASTHAN REZ PH-IV (PART-1) [BIKANER COMPLEX] PART A [BIKANER III N Central Sector Projects,,,,12/2023,2998.0,,2998.0,12/2025,,12/2025,2024-05,May_Part-2.pdf,,,
POWER,7,TS FOR EVACUATION OF POWER FROM RAJASTHAN REZ PH-IV (PART-1) [BIKANER COMPLEX] PART D [NEEMRANA II B Central Sector Projects,,,,12/2023,2056.0,,2056.0,12/2025,,12/2025,2024-05,May_Part-2.pdf,,,
POWER,8,"TS FOR SOLAR ENERGY ZONE IN BIDAR (2500MW), KARNATAKA [BIDAR TRANSMISSION LTD] Central Sector Projects",,,,2/2024,2148.0,,2148.0,2/2026,,2/2026,2024-05,May_Part-2.pdf,,,
POWER,9,TS FOR EVACUATION OF POWER FROM REZ IN RAJASTHAN (20GW) UNDER PH-III PART D [SIKAR KHETRI TRANSMISSI Central Sector Projects,,,,2/2024,2000.0,,2000.0,8/2025,,8/2025,2024-05,May_Part-2.pdf,,,
COAL,1,AMALGAMATED GAURI PAUNI EXPANSION OC,WCL,,N06000271,3/2024,1428.25,1428.25,,3/2030,3/2030,,2024-06,June.pdf,,,
PETROLEUM,2,SETTING UP POLYPROPYLENE UNIT AT KOCHI REFINERY,BPCL,,N16000530,12/2023,4460.0,4460.0,,10/2027,10/2027,,2024-06,June.pdf,,,
,3,REHABILITATION AND UP-GRADATION FROM KM. 0.000 TO KM. 40.390 OF NH-730S (MAHARAJGANJ ? NICHLOUL ? TH,MoRTH,,N24002134,3/2023,809.25,809.25,,12/2025,12/2025,,2024-06,June.pdf,,,
,4,WIDENING AND STRENGTHENLNG TO 2L+PS FROM KM 0.000 TO 40.000 (DHAUGAON- PODAMARI SECTION) OF NH 326 I,MoRTH,,N24002135,3/2022,186.52,186.52,186.52,2/2026,2/2026,,2024-06,June.pdf,,,
,5,WIDENING AND STRENGTHENING TO 4L+PS/2L+PS FROM KM 0.000 TO 35.800 (KUAKHIA - MANGALPUR SECTION) OF N,MoRTH,,N24002136,3/2022,636.1,636.1,,2/2026,2/2026,,2024-06,June.pdf,,,
,6,STRENGTHENING OF 6-LANE PIMPALGAON-NASHIK- GONDE (KM. 380 - KM. 440) SECTION OF NH-3 IN MAHARASHTRA U,NHAI,,N24002137,2/2024,175.0,175.0,,3/2025,3/2025,,2024-06,June.pdf,,,
,7,CONSTRUCTION OF FOUR LANE HIGHWAY WITH PAVED SHOULDER FROM KM.74.700 TO KM.112.950 OF NH-731A (I/C Y,MoRTH,,N24002138,3/2022,1141.67,1141.67,,6/2026,6/2026,,2024-06,June.pdf,,,
,8,4-LANE WITH PAVED SHOULDERS FROM KM 32/0 TO KM 79/650 (DESIGN CHAINAGE KM 32+000 TO KM 78+760) PUTTA,MoRTH,,N24002139,3/2023,1318.57,1318.57,,12/2025,12/2025,,2024-06,June.pdf,,,
,9,SOMAYAJULAPALLI ? DHONE SECTION OF NH ? 340B FROM KM.0/0 TO 56/200 [DESIGN CH. KM 0/00 TO KM 53/33],MoRTH,,N24002140,4/2023,629.73,629.73,,12/2025,12/2025,,2024-06,June.pdf,,,
,10,2 LANE WITH PAVED SHOULDER CONFIGURATION FROM SEETHARAMAPURAM TO DUTTALURU SECTION OF NH-167 BG FROM,MoRTH,,N24002141,6/2023,364.07,364.07,,7/2025,7/2025,,2024-06,June.pdf,,,
,11,2-LANE WITH PAVED SHOULDER CONFIGURATION OF LAMBASINGI TO PADERU SECTION (KM 205+000 TO KM 253+974),MoRTH,,N24002142,8/2023,361.24,361.24,,11/2025,11/2025,,2024-06,June.pdf,,,
,12,BYPASS ROAD TO ADONI TOWN CONNECTING NH- 167 (HAGARI - JADCHARLA ROAD) FROM KM.62/700 TO 71/400 IN KU,MoRTH,,N24002143,8/2023,361.24,361.24,,2/2026,2/2026,,2024-06,June.pdf,,,
,13,VODAREVU-CHILAKALURIPET SECTION (DESIGN CHAINAGE 0+00 TO 47+000) OF NH-167A (PACKAGE-I),MoRTH,,N24002144,8/2023,1064.24,1064.24,,2/2026,2/2026,,2024-06,June.pdf,,,
,14,TADIPATRI BYPASS (KM 0+000 TO KM 6+285) OF 4- LANE ON NH-67 IN ANANTAPURAMU,MoRTH,,N24002145,11/2023,159.66,159.66,,3/2026,3/2026,,2024-06,June.pdf,,,
,15,KURNOOL/KADAPA BORDER-JAMMALAMADUGU SECTION OF NH-167K I.E. DESIGN CH. KM 248+010 TO KM 269+900,MoRTH,,N24002146,11/2023,292.63,292.63,,11/2025,11/2025,,2024-06,June.pdf,,,
,16,DORNALA TO KUNTA JUNCTION FROM DESIGN CHAINAGE KM 244+000 TO 267+990 SECTION OF NH- 765 (PACKAGE-2),MoRTH,,N24002147,12/2022,244.83,244.83,,1/2024,3/2026,,2024-06,June.pdf,,,
,17,PADERU BYPASS (KM 0+000 TO KM 13+000) OF 2- LANE WITH PAVED SHOULDER ON NH-516E,MoRTH,,N24002148,3/2023,244.43,244.43,,3/2024,2/2026,,2024-06,June.pdf,,,
,18,DAVUALAPALLY TO MALLAPALEM SECTION {DESIGN CH. KM 133+922 TO KM 154+216 (EXISTING CH. KM 133+922 TO,MoRTH,,N24002149,1/2024,393.61,393.61,,2/2024,2/2026,,2024-06,June.pdf,,,
STEEL,19,REPLACEMENT OF REMAINING 04 NOS. OF BATTERY CYCLONES WITH 04 NOS. OF ESPS IN SINTER PLANT- 1 AT BSL,BOKARO STEEL PL,,N12000135,3/2024,260.37,260.37,,6/2026,6/2026,,2024-06,June.pdf,,,
Education,1,"National Sports University [NSU], Imphal [Manipur]",Department of Sports & Youth Affairs,400081,,01/2022,906.47,611.74,,08/2024,11/2025,,2025-10,FlashReport_October_2025.pdf,Department of Sports,Manipur,
Electricity Generation,2,600 MW Khavda Solar Power Project,NLC India Limited [NLCIL],617730,,08/2023,3335.85,,,06/2026,,,2025-10,FlashReport_October_2025.pdf,Ministry of Coal,Gujarat,06/2024
Healthcare,3,"Construction of 350 beds + 50 Super Specialty beds ESIC Hospital Sheelanagar, Visakhapatnam, Andhra Pradesh",Employee's State Insurance Company [ESIC],612167,,02/2021,384.27,,,10/2025,01/2026,,2025-10,FlashReport_October_2025.pdf,Ministry of Labour and Employment,Andhra Pradesh,04/2023
Healthcare,4,"Construction of 200 bedded ESIC Hospital with 62 Nos Staff quarters , Beltola",Employee's State Insurance Company [ESIC],612201,,12/2017,143.23,154.75,,04/2025,10/2025,,2025-10,FlashReport_October_2025.pdf,Ministry of Labour and Employment,Assam,10/2021
Healthcare,5,"Demolition, Construction and upgradation of ESI Hospital, Kalol, Gujarat from 50 beds to 150 beds.",Employee's State Insurance Company [ESIC],612211,,08/2022,205.87,,,10/2025,06/2026,,2025-10,FlashReport_October_2025.pdf,Ministry of Labour and Employment,Gujarat,10/2023
Healthcare,6,C/o Construction of 200 bedded [Up-gradable to 300 bedded] ESI Hospital at Surat Gujarat.,Employee's State Insurance Company [ESIC],612185,,06/2019,209.36,,,06/2025,05/2025,,2025-10,FlashReport_October_2025.pdf,Ministry of Labour and Employment,Gujarat,03/2021
Healthcare,7,350 Bedded [Upgradable to 500 beds] ESI Hospital at Sanand,Employee's State Insurance Company [ESIC],612186,,06/2022,558.12,,,03/2026,02/2026,,2025-10,FlashReport_October_2025.pdf,Ministry of Labour and Employment,Gujarat,04/2023
Healthcare,8,Construction of 100 bedded ESIC Hospital & 32 nos. of Staff qtrs at OMPURA J&K.,Employee's State Insurance Company [ESIC],612239,,09/2019,131.05,164.93,,09/2024,05/2025,,2025-10,FlashReport_October_2025.pdf,Ministry of Labour and Employment,Jammu and Kashmir,12/2021
Healthcare,9,"Construction of 200 bed ESI Hospital at Bommasandra, Karnataka",Employee's State Insurance Company [ESIC],612745,,02/2015,278.0,,,01/2027,,,2025-10,FlashReport_October_2025.pdf,Ministry of Labour and Employment,Karnataka,10/2024
Healthcare,10,"Construction of 100 bed ESI Hospital and Staff Quarters [32 Nos.] at Harohalli, Karnataka",Employee's State Insurance Company [ESIC],612748,,07/2019,150.92,,,02/2027,,,2025-10,FlashReport_October_2025.pdf,Ministry of Labour and Employment,Karnataka,03/2025
Healthcare,11,"Construction of 200 Bedded [Upgradable to 500 Bedded including 50 beds of SST] ESIC Hospital at Bibewadi, Pune",Employee's State Insurance Company [ESIC],612188,,05/2018,429.25,,,09/2025,02/2026,,2025-10,FlashReport_October_2025.pdf,Ministry of Labour and Employment,Maharashtra,03/2023
Healthcare,12,"Construction of 200 Bedded ESIC Hospital at Butibori, Nagpur, Maharashtra.",Employee's State Insurance Company [ESIC],612213,,10/2013,194.93,196.7,,08/2025,08/2025,,2025-10,FlashReport_October_2025.pdf,Ministry of Labour and Employment,Maharashtra,08/2022
Healthcare,13,"Upgradation & Extension of ESIC Hospital and Construction of PG Hostel / Staff Housing for ESIC Hospital at Andheri, Mumbai",Employee's State Insurance Company [ESIC],616691,,06/2009,260.13,,,08/2025,12/2025,,2025-10,FlashReport_October_2025.pdf,Ministry of Labour and Employment,Maharashtra,
Healthcare,14,"Construction of 100 Bedded ESI Hospital at Duburi, Odisha.",Employee's State Insurance Company [ESIC],612513,,12/2010,164.6,,,06/2027,,,2025-10,FlashReport_October_2025.pdf,Ministry of Labour and Employment,Odisha,02/2025
Healthcare,15,"Construction of 100 Bedded ESIC Hospital building and 32 Nos Residential Quarters at Vallam Vadangal, SIPCOT, Sriperumbudur",Employee's State Insurance Company [ESIC],612178,,02/2015,152.95,,,06/2025,,,2025-10,FlashReport_October_2025.pdf,Ministry of Labour and Employment,Tamil Nadu,03/2023
Healthcare,16,"Construction of New OPD Block 200 Bed ward Basement + GF + 6 Floors at the location of old OPD block, at existing ESIC Hospital/ Medical college campus, Sanathnagar, Hyderabad",Employee's State Insurance Company [ESIC],612688,,11/2017,211.13,,,06/2024,06/2025,,2025-10,FlashReport_October_2025.pdf,Ministry of Labour and Employment,Telangana,10/2021
Healthcare,17,CONSTRUCTION OF 300 BEDDED HOSPITAL AT HARIDWAR,Employee's State Insurance Company [ESIC],612259,,02/2021,102.4,297.63,,10/2024,06/2025,,2025-10,FlashReport_October_2025.pdf,Ministry of Labour and Employment,Uttarakhand,12/2021
Shipping,18,Mechanization of Berth No.14 for handling Containers and other cargo on DBFOT basis - Phase II,New Mangalore Port Authority,617804,,06/2024,153.23,,,03/2027,,,2025-10,FlashReport_October_2025.pdf,"Ministry of Ports, Shipping and Waterways",Karnataka,
Transmission & Distribution,19,Provision of ICT Augmentation & Bus Reactor at Bhuj-II PS,Power Grid Corporation of India Limited [POWERGRID],617801,,03/2025,581.74,,,12/2026,03/2027,,2025-10,FlashReport_October_2025.pdf,Ministry of Power,Gujarat,03/2025
Transmission & Distribution,20,Transmission System Strengthening at Davanagere for Integration of RE Generation [SPV Name - POWERGRID Davanagere Power Transmission Limited],Power Grid Corporation of India Limited [POWERGRID],617803,,09/2025,379.0,,,09/2027,,,2025-10,FlashReport_October_2025.pdf,Ministry of Power,Karnataka,09/2025
Transmission & Distribution,21,Augmentation of Transformation Capacity and Implementation of Line Bays at Mandsaur S/S for RE Interconnection [SPV Name- POWERGRID Mandsaur I RE Transmission Limited],Power Grid Corporation of India Limited [POWERGRID],617802,,10/2025,319.0,,,03/2028,,,2025-10,FlashReport_October_2025.pdf,Ministry of Power,Madhya Pradesh,10/2025
Railways,22,3rd Line between Gudur Renigunta 83.17 Km,South Central Railway [SCR] - II,617216,,10/2024,877.34,,,03/2027,,,2025-10,FlashReport_October_2025.pdf,Ministry of Railways,Andhra Pradesh,10/2024
Railways,23,Tiupati Katpadi 104.39 kms,South Central Railway [SCR] - II,617210,,04/2025,1215.56,,,03/2029,,,2025-10,FlashReport_October_2025.pdf,Ministry of Railways,Andhra Pradesh,04/2025
Railways,24,Malugur- Palasamudram New Line Project [17.975 Km],South Western Railway [SWR] - II,611615,,09/2022,342.0,,,11/2027,12/2027,,2025-10,FlashReport_October_2025.pdf,Ministry of Railways,Andhra Pradesh,07/2026
Railways,25,Construction of Bulb line at Nabinagar Ankorah of East Central Railway,East Central Railway [ECR] - I,617231,,06/2024,611.74,,,06/2028,,,2025-10,FlashReport_October_2025.pdf,Ministry of Railways,Bihar,06/2024
Railways,26,KHARSIA- NAYA RAIPUR-PARMALKASA 5th and 6th Line [278KM],CAO/C/SECR,617200,,04/2025,7853.84,,,03/2031,,,2025-10,FlashReport_October_2025.pdf,Ministry of Railways,Chhattisgarh,04/2025
Railways,27,Construction of New BG line between Hassan to Belur [27 Km],South Western Railway [SWR] - II,400023,,03/2019,749.0,,,04/2028,04/2027,,2025-10,FlashReport_October_2025.pdf,Ministry of Railways,Karnataka,12/2025
Railways,28,Belgaum-Dharwad via Kittur [73.10Km],South Western Railway [SWR] - II,706835,,09/2020,1591.0,,,12/2027,03/2029,,2025-10,FlashReport_October_2025.pdf,Ministry of Railways,Karnataka,03/2025
Railways,29,Gondia-Balharshah [Chanda Fort] Doubling [240 Km],South East Central Railway,617201,,04/2025,4373.04,,,03/2031,,,2025-10,FlashReport_October_2025.pdf,Ministry of Railways,Maharashtra,04/2025
Railways,30,Rail Connectivity to Errupalem Amravati Namburu 57 Km,South Central Railway [SCR] - II,617214,,11/2024,2047.4,,,03/2027,,,2025-10,FlashReport_October_2025.pdf,Ministry of Railways,"Multi-States (Andhra Pradesh, Telangana)",11/2024
Railways,31,Buramara-Chakulia new line [59.96 km],South Eastern Railway [SER] - I,616588,,08/2024,1459.13,,,12/2029,,,2025-10,FlashReport_October_2025.pdf,Ministry of Railways,"Multi-States (Jharkhand, Odisha, West Bengal)",12/2024
Railways,32,Jeypore-Malkanagiri New Railway Line Project,East Coast Railway [ECoR] - II,705742,,02/2018,2344.0,,,07/2033,07/2033,,2025-10,FlashReport_October_2025.pdf,Ministry of Railways,Odisha,12/2023
Railways,33,Bangriposi-Gorumahisani new line [ 85.60 km ],CAO/C/SER,616586,,08/2024,2269.49,,,12/2029,,,2025-10,FlashReport_October_2025.pdf,Ministry of Railways,Odisha,09/2025
Railways,34,Badampahar-Kendujhargarh new line [82.06 km],CAO/C/SER,616587,,08/2024,1875.72,,,12/2029,,,2025-10,FlashReport_October_2025.pdf,Ministry of Railways,Odisha,09/2025
Railways,35,Doubling between Bhadrachalam Road and Dornakal,South Central Railway [SCR] - II,616856,,08/2023,770.12,,,04/2029,,,2025-10,FlashReport_October_2025.pdf,Ministry of Railways,Telangana,04/2025
Education,1,Phase B of Construction of Permanent Campus of IIT Bhilai,"Indian Institute of Technology, Bhilai",617877,,05/2025,1188.97,,,10/2028,,,2025-11,FlashReport_November_2025.pdf,Department of Higher Education,Chhattisgarh,06/2025
Education,2,Phase B of Construction of Permanent Campus of IIT Palakkad,INDIAN INSTITUTE OF TECHNOLOGY PALAKKAD,617878,,05/2025,1527.0,,,10/2028,,,2025-11,FlashReport_November_2025.pdf,Department of Higher Education,Kerala,01/2026
Healthcare,3,"Setting up IT Infrastructure including Network Security and Hosting at AIIMS, New Delhi",PMSSY AND Institute of NATIONAL Importance,617882,,09/2025,358.19,,,09/2026,,,2025-11,FlashReport_November_2025.pdf,Ministry of Health & Family Welfare,Delhi,09/2025
Healthcare,4,"Redevelopment of Residential colonies at Ayur Vigyan Nagar and West Ansari Nagar campuses of AIIMS, New Delhi",PMSSY AND Institute of NATIONAL Importance,617883,,10/2016,4441.0,,,06/2027,,,2025-11,FlashReport_November_2025.pdf,Ministry of Health & Family Welfare,Delhi,06/2022
Urban Public Transport,5,Pune Metro Rail Project Phase-2 Corridor 2A Vanaz to Chandani Chowk and Corridor 2B Ramwadi to Wagholi/Vitthalwadi,Maharashtra Metro Rail Corporation Limited [MMRCL],618971,,07/2025,3626.24,,,07/2029,,,2025-11,FlashReport_November_2025.pdf,Ministry of Housing & Urban Affairs,Maharashtra,07/2025
Energy Storage,6,Capacity Augmentation of Kandla LPG Import Terminal [KLIT] from 0.6 MMTPA to 2.5 MMTPA,Ministry of Petroleum & Natural Gas,617839,,05/2023,356.86,,,07/2026,,,2025-11,FlashReport_November_2025.pdf,Ministry of Petroleum & Natural Gas,Gujarat,05/2023
Energy Storage,7,LPG Bottling Plant at Mualkhang,Ministry of Petroleum & Natural Gas,617829,,07/2024,225.71,225.71,,11/2027,11/2027,,2025-11,FlashReport_November_2025.pdf,Ministry of Petroleum & Natural Gas,Mizoram,07/2024
Oil & Gas,8,"Pipeline Rehabilitation Project, Phase-II",Ministry of Petroleum & Natural Gas,617827,,12/2024,680.0,680.0,,12/2029,12/2029,,2025-11,FlashReport_November_2025.pdf,Ministry of Petroleum & Natural Gas,Assam,12/2024
Oil & Gas,9,Coke Drum Structure Package,Ministry of Petroleum & Natural Gas,617836,,12/2022,635.28,635.28,,12/2025,12/2025,,2025-11,FlashReport_November_2025.pdf,Ministry of Petroleum & Natural Gas,Assam,12/2022
Oil & Gas,10,"City Gas Distribution [CGD] Project in Kondagaon, Bastar, Sukma, Narayanpur, Bijapur & Dantewada GA",Ministry of Petroleum & Natural Gas,617819,,06/2022,557.04,557.04,,06/2030,06/2030,,2025-11,FlashReport_November_2025.pdf,Ministry of Petroleum & Natural Gas,Chhattisgarh,06/2022
Oil & Gas,11,Augmentation of CCKPL and IDPL Pipelines capacity along with setting up of Palakkad TOP,Ministry of Petroleum & Natural Gas,617838,,09/2024,1130.0,1130.0,,08/2028,08/2028,,2025-11,FlashReport_November_2025.pdf,Ministry of Petroleum & Natural Gas,Kerala,09/2024
Oil & Gas,12,C2/C3 Vijaipur Pata Pipeline,Ministry of Petroleum & Natural Gas,617830,,05/2024,1792.0,,,01/2027,,,2025-11,FlashReport_November_2025.pdf,Ministry of Petroleum & Natural Gas,Madhya Pradesh,05/2024
Oil & Gas,13,"City Gas Distribution [CGD] Project in Gajapati, Kandhamal, Boudh, & Sonepur GA",Ministry of Petroleum & Natural Gas,617818,,02/2022,514.91,514.91,,02/2030,02/2030,,2025-11,FlashReport_November_2025.pdf,Ministry of Petroleum & Natural Gas,Odisha,02/2022
Oil & Gas,14,ATF Pipeline from BPCLs Malkapur POL Installation to Hyderabad International airport,MinistryofPetroleumNaturalGas,617822,,03/2025,215.0,,,09/2027,,,2025-11,FlashReport_November_2025.pdf,Ministry of Petroleum & Natural Gas,Telangana,
Oil & Gas,15,Siliguri-Jhapa Pipeline Project,Indian Oil Corporation Limited (IOCL,617828,,09/2024,267.0,267.0,,03/2029,03/2029,,2025-11,FlashReport_November_2025.pdf,Ministry of Petroleum & Natural Gas,West Bengal,09/2024
Oil & Gas,16,Siliguri Marketing Terminal [SMT] Capacity Augmentation Project,Ministry of Petroleum & Natural Gas,617837,,11/2021,484.0,484.0,,12/2025,12/2025,,2025-11,FlashReport_November_2025.pdf,Ministry of Petroleum & Natural Gas,West Bengal,11/2021
Transmission & Distribution,17,Transmission System for Integration of Ananthapur 2 REZ Phase 1 for 4.5 GW. SPV Name Anantapuram 2 REZ Transmission Ltd,Sterlite Power,617806,,08/2024,4535.99,,,03/2027,,,2025-11,FlashReport_November_2025.pdf,Ministry of Power,"Multi-States (Andhra Pradesh, Karnataka)",03/2025
Transmission & Distribution,18,Inter-regional [NR-WR] Transmission System strengthening to relieve the loading of 765 kV Vindhyachal-Varanasi D/c line,Power Grid Corporation of India Limited [POWERGRID],617807,,10/2025,2368.0,,,10/2027,,,2025-11,FlashReport_November_2025.pdf,Ministry of Power,"Multi-States (Bihar, Uttar Pradesh)",10/2025
Transmission & Distribution,19,Inter-Regional Strengthening between SR Grid and WR Grid,Power Grid Corporation of India Limited [POWERGRID],617808,,10/2025,1007.0,,,10/2027,,,2025-11,FlashReport_November_2025.pdf,Ministry of Power,"Multi-States (Karnataka, Maharashtra)",10/2025
Railways,20,Bakhtiyarpur-Rajgir-Tilaiya [Single line section]104km,East Central Railway (ECR) - II,617824,,10/2025,2017.38,,,10/2029,,,2025-11,FlashReport_November_2025.pdf,Ministry of Railways,Bihar,10/2025
Railways,21,Koderma-Arigada Doubling 133.38 Km of East Central Railway,East Central Railway [ECR] - I,617832,,06/2025,2887.11,,,12/2029,,,2025-11,FlashReport_November_2025.pdf,Ministry of Railways,Jharkhand,06/2025
Aviation & Aviation Infrastructure,1,"Development of New Greenfield Airport at Bundi, Kota Rajasthan.",Airport Authority of India [AAI],618977,,08/2025,1507.0,,,10/2027,,,2025-12,FlashReport_December_2025.pdf,Ministry of Civil Aviation,Rajasthan,10/2025
Coal,2,Talabira II & III OCP - FMC,NLC India Limited [NLCIL],618982,,10/2022,522.45,,,06/2026,,,2025-12,FlashReport_December_2025.pdf,Ministry of Coal,Odisha,05/2023
Electricity Generation,3,200 MW SPP part of 510 MW CPSU scheme,NLC India Limited [NLCIL],618991,,07/2022,1221.41,,,12/2026,,,2025-12,FlashReport_December_2025.pdf,Ministry of Coal,Gujarat,03/2024
Electricity Generation,4,100 MW SPP part of SECI 150 MW Hybrid,NLC India Limited [NLCIL],618992,,07/2022,480.68,,,12/2026,,,2025-12,FlashReport_December_2025.pdf,Ministry of Coal,Gujarat,04/2024
Healthcare,5,AIIMS Darbhanga,PMSSY AND Institute of NATIONAL Importance,701172,,09/2020,1264.0,,,09/2024,,,2025-12,FlashReport_December_2025.pdf,Ministry of Health & Family Welfare,,
Healthcare,6,AIIMS Rajkot,PMSSY AND Institute of NATIONAL Importance,701170,,01/2019,1195.0,,,03/2026,03/2026,,2025-12,FlashReport_December_2025.pdf,Ministry of Health & Family Welfare,Gujarat,01/2019
Healthcare,7,ALL India Institute of Medical Sciences-AIIMS Madurai,PMSSY AND Institute of NATIONAL Importance,701168,,12/2018,1264.0,2021.51,,08/2022,10/2026,,2025-12,FlashReport_December_2025.pdf,Ministry of Health & Family Welfare,Tamil Nadu,12/2018
Urban Public Transport,8,Pune Metro Rail Project Phase-2 Line-4 Kharadi to Khadakwasla with Spur Line 4A Nal Stop - Warje - Manikbaug,Maharashtra Metro Rail Corporation Limited [MMRCL],618985,,12/2025,9857.85,,,12/2030,,,2025-12,FlashReport_December_2025.pdf,Ministry of Housing & Urban Affairs,Maharashtra,12/2025
Electricity Generation,9,"Gadarwara Super Thermal Power Project, Stage-II [3x800 MW]",National Thermal Power Corporation [NTPC],618976,,11/2024,20446.0,,,03/2030,,,2025-12,FlashReport_December_2025.pdf,Ministry of Power,Madhya Pradesh,05/2025
Railways,10,Furkating-New Tinsukia[194 Km],Northeast Frontier Railway [NFR],618986,,09/2025,3633.58,,,06/2029,,,2025-12,FlashReport_December_2025.pdf,Ministry of Railways,Assam,09/2025
Railways,11,Devbhumi Dwarka [Okha] - Kanalus Doubling,Western Railway (WR) - II,618972,,12/2025,1456.77,,,12/2028,,,2025-12,FlashReport_December_2025.pdf,Ministry of Railways,Gujarat,12/2025
Railways,12,Bangalore Suburban Railway Project,Karnataka Rail Infrastructure Development Company Limited [K-RIDE],705941,,10/2020,15767.0,,,12/2026,03/2030,,2025-12,FlashReport_December_2025.pdf,Ministry of Railways,Karnataka,10/2020
Railways,13,Katihar Kumedpur & Katihar Mukuria BG Doubling Project,Northeast Frontier Railway [NFR],617245,,08/2022,942.64,,,08/2026,02/2027,,2025-12,FlashReport_December_2025.pdf,Ministry of Railways,"Multi-States (Bihar, West Bengal)",08/2022
Railways,14,Gondia - Dongargarh 4th line [84 Km],South Eastern Central Railway,618978,,10/2025,2222.53,,,10/2030,,,2025-12,FlashReport_December_2025.pdf,Ministry of Railways,"Multi-States (Chhattisgarh, Maharashtra)",10/2025
Railways,15,Jharsuguda-Barpali-Sardega Ph II Works- Rail Connectivity for Coal Loading Bulb at Barpali.,South Eastern Railway [SER] - I,400006,,10/2021,808.99,,,10/2025,12/2025,,2025-12,FlashReport_December_2025.pdf,Ministry of Railways,Odisha,10/2021
Railways,16,Doubling of Lingaraj SILO connectivity of NTPC line and augmentation of NTPC exchange yard and NTPC Block Cabin.,East Coast Railway [ECoR] - II,400047,,08/2022,210.0,,,12/2024,07/2024,,2025-12,FlashReport_December_2025.pdf,Ministry of Railways,Odisha,06/2022
Railways,17,Doubling of lines connecting the loading spurs in Talcher Yard.,East Coast Railway [ECoR] - II,400048,,09/2022,186.21,,,12/2024,09/2024,,2025-12,FlashReport_December_2025.pdf,Ministry of Railways,Odisha,06/2022
Railways,18,Flyover between Siju and Paradeep coaching Yard to avoid Surface crossing of trains,East Coast Railway [ECoR] - II,616694,,04/2023,200.77,,,07/2028,,,2025-12,FlashReport_December_2025.pdf,Ministry of Railways,Odisha,10/2025
Railways,19,New Line between Junagarh - Nabarangpur [116.21 Km],Indian Railway,618995,,08/2024,2864.51,,,08/2030,,,2025-12,FlashReport_December_2025.pdf,Ministry of Railways,Odisha,08/2025
Railways,20,Varanasi-Pt. Deen Dayal Upadhyaya multitracking 15km including construction of new Rail-cum-Road Bridge across Ganga River.,Northern Railways,617213,,10/2024,2464.46,,,10/2029,,,2025-12,FlashReport_December_2025.pdf,Ministry of Railways,Uttar Pradesh,10/2025
Logistics Infrastructure,1,Integrated Multi Modal Logistics Hub at Nangal Chaudhary in Haryana - Other Trunk Infrastructure Development Phase 1,National Highways & Infrastructure Development Corporation Ltd. [NHIDCL],707410,,05/2018,763.0,,,12/2023,05/2028,,2026-01,FlashReport_January_2026.pdf,,Haryana,12/2021
Education,2,"1000 seater Boys hostel, 500 seater Girls hostel, 1.5 MLD Sewage Treatment Plant and Faculty Residence - 72 nos. Flats",NIT Rourkela,619033,,01/2024,198.97,,,06/2026,,,2026-01,FlashReport_January_2026.pdf,Department of Higher Education,Odisha,
Aviation & Aviation Infrastructure,3,Development of Keshod Airport.,Airport Authority of India [AAI],619054,,07/2025,363.1,,,01/2027,,,2026-01,FlashReport_January_2026.pdf,Ministry of Civil Aviation,Gujarat,
Coal,4,JAYANT EXPN. [20 TO 38 MTPA],Northern Coalfields Limited [NCL],619032,,02/2025,25560.48,,,03/2032,,,2026-01,FlashReport_January_2026.pdf,Ministry of Coal,Madhya Pradesh,02/2025
Coal,5,RPR FOR RAMPUR BATURA OCP,SECL - CIL,619053,,05/2025,1604.69,,,03/2030,,,2026-01,FlashReport_January_2026.pdf,Ministry of Coal,Madhya Pradesh,05/2025
Coal,6,SAONER-III EXPN UG MINE 1.54,Western Coalfields Limited [WCL],619055,,08/2025,444.42,,,03/2032,,,2026-01,FlashReport_January_2026.pdf,Ministry of Coal,Maharashtra,08/2025
Healthcare,7,Establishment of new GMC Jamui,"Medical Education, Ministry of Health and Family Welfare",707020,,03/2019,250.0,500.0,,10/2025,,,2026-01,FlashReport_January_2026.pdf,Ministry of Health & Family Welfare,Bihar,10/2022
Healthcare,8,Establishment of new GMC Korba,"Medical Education, Ministry of Health and Family Welfare",707044,,02/2023,325.0,322.85,,12/2026,,,2026-01,FlashReport_January_2026.pdf,Ministry of Health & Family Welfare,Chhattisgarh,10/2023
Healthcare,9,Establishment of new GMC Mahasamund,"Medical Education, Ministry of Health and Family Welfare",707045,,10/2023,325.0,,,05/2026,,,2026-01,FlashReport_January_2026.pdf,Ministry of Health & Family Welfare,Chhattisgarh,10/2023
Healthcare,10,Establishment of new GMC Kanker,"Medical Education, Ministry of Health and Family Welfare",707046,,02/2020,325.0,325.0,,03/2027,,,2026-01,FlashReport_January_2026.pdf,Ministry of Health & Family Welfare,Chhattisgarh,09/2024
Healthcare,11,Establishment of new GMC Panchmahal,"Medical Education, Ministry of Health and Family Welfare",707049,,09/2022,325.0,663.5,,03/2026,,,2026-01,FlashReport_January_2026.pdf,Ministry of Health & Family Welfare,Gujarat,09/2022
Healthcare,12,Establishment of new GMC Porbandar,"Medical Education, Ministry of Health and Family Welfare",707050,,04/2022,325.0,618.98,,09/2024,,,2026-01,FlashReport_January_2026.pdf,Ministry of Health & Family Welfare,Gujarat,10/2022
Healthcare,13,Establishment of new GMC Koderma,"Medical Education, Ministry of Health and Family Welfare",707021,,09/2023,250.0,504.8,,08/2026,,,2026-01,FlashReport_January_2026.pdf,Ministry of Health & Family Welfare,Jharkhand,02/2024
Healthcare,14,Establishment of new GMC Chaibasa [Singhbhum],"Medical Education, Ministry of Health and Family Welfare",707022,,06/2018,250.0,454.1,,09/2025,,,2026-01,FlashReport_January_2026.pdf,Ministry of Health & Family Welfare,Jharkhand,03/2023
Healthcare,15,Establishment of new GMC Rajgarh,"Medical Education, Ministry of Health and Family Welfare",707058,,12/2021,325.0,,,04/2024,,,2026-01,FlashReport_January_2026.pdf,Ministry of Health & Family Welfare,Madhya Pradesh,11/2022
Healthcare,16,Establishment of new GMC Mandla,"Medical Education, Ministry of Health and Family Welfare",707059,,08/2023,325.0,,,04/2026,,,2026-01,FlashReport_January_2026.pdf,Ministry of Health & Family Welfare,Madhya Pradesh,10/2023
Healthcare,17,Establishment of new GMC Kapurthala,"Medical Education, Ministry of Health and Family Welfare",707069,,11/2019,325.0,550.0,,12/2028,,,2026-01,FlashReport_January_2026.pdf,Ministry of Health & Family Welfare,Punjab,07/2027
Healthcare,18,Establishment of new GMC Hoshiarpur,"Medical Education, Ministry of Health and Family Welfare",707070,,01/2020,325.0,374.75,,12/2028,,,2026-01,FlashReport_January_2026.pdf,Ministry of Health & Family Welfare,Punjab,03/2026
Healthcare,19,Establishment of new GMC Gangtok,"Medical Education, Ministry of Health and Family Welfare",707039,,10/2018,250.0,635.21,,12/2026,,,2026-01,FlashReport_January_2026.pdf,Ministry of Health & Family Welfare,Sikkim,12/2018
Healthcare,20,Establishment of new GMC Rudrapur,"Medical Education, Ministry of Health and Family Welfare",707086,,10/2022,325.0,,,12/2026,,,2026-01,FlashReport_January_2026.pdf,Ministry of Health & Family Welfare,Uttarakhand,02/2024
Healthcare,21,Establishment of new GMC Pithoragarh,"Medical Education, Ministry of Health and Family Welfare",707087,,08/2021,325.0,768.89,,12/2026,,,2026-01,FlashReport_January_2026.pdf,Ministry of Health & Family Welfare,Uttarakhand,04/2023
Urban Public Transport,22,Delhi Metro Rail Phase V A,Delhi Metro Rail Corporation Limited [DMRC],619031,,01/2026,12014.91,,,12/2028,,,2026-01,FlashReport_January_2026.pdf,Ministry of Housing & Urban Affairs,Delhi,01/2026
Urban Public Transport,23,"Metro connectivity from Millennium City Centre to Cyber City with Spur to Dwarka Expressway, Gurugram.",Gurugram Metro Rail Limited (GMRL,619022,,07/2023,5452.72,,,07/2027,,,2026-01,FlashReport_January_2026.pdf,Ministry of Housing & Urban Affairs,Haryana,08/2024
Urban Public Transport,24,LUCKNOW METRO RAIL PROJECT PHASE-1B EAST WEST CORRIDOR,Uttar Pradesh metro rail corporation [UPMRC],619052,,09/2025,5801.05,,,04/2031,,,2026-01,FlashReport_January_2026.pdf,Ministry of Housing & Urban Affairs,Uttar Pradesh,05/2026
Electricity Generation,25,"Nabinagar Super Thermal Power Project, Stage-II [3x800 MW]",National Thermal Power Corporation [NTPC],619051,,11/2024,29948.0,,,07/2030,,,2026-01,FlashReport_January_2026.pdf,Ministry of Power,Bihar,03/2025
Transmission & Distribution,26,KPSIII HVDC Transmission Limited,Adani Transmission Limited,619026,,12/2025,19000.0,,,12/2029,,,2026-01,FlashReport_January_2026.pdf,Ministry of Power,Gujarat,
Transmission & Distribution,27,Transmission System for Reliable Power Supply to Dholera,Power Grid Corporation of India Limited [POWERGRID],619029,,09/2024,319.42,,,03/2026,,,2026-01,FlashReport_January_2026.pdf,Ministry of Power,Gujarat,09/2024
Transmission & Distribution,28,Khavda IVA Power Transmission Limited,Adani Transmission Limited,619049,,08/2024,4500.0,,,08/2026,,,2026-01,FlashReport_January_2026.pdf,Ministry of Power,Gujarat,08/2024
Transmission & Distribution,29,Augmentation of 1x500 MVA 400/220kV ICT [3rd] at Thrissur VSC HVDC Station in Kerala,Power Grid Corporation of India Limited [POWERGRID],619028,,08/2025,173.14,,,08/2027,,,2026-01,FlashReport_January_2026.pdf,Ministry of Power,Kerala,08/2025
Transmission & Distribution,30,Mahan Transmission Limited,Adani Transmission Limited,619024,,03/2025,3125.32,,,04/2027,,,2026-01,FlashReport_January_2026.pdf,Ministry of Power,Madhya Pradesh,03/2025
Transmission & Distribution,31,WRNES Talegaon Power Transmission Limited,Adani Transmission Limited,619027,,05/2025,2000.0,,,01/2028,,,2026-01,FlashReport_January_2026.pdf,Ministry of Power,Maharashtra,
Transmission & Distribution,32,Inter-Regional Strengthening between SR Grid and ER Grid,Power Grid Corporation of India Limited [POWERGRID],619030,,02/2026,2722.5,,,08/2028,,,2026-01,FlashReport_January_2026.pdf,Ministry of Power,"Multi-States (Andhra Pradesh, Odisha)",02/2026
Transmission & Distribution,33,RAJASTHAN PART I POWER TRANSMISSION LIMITED,Adani Transmission Limited,619025,,01/2025,25000.0,,,07/2029,,,2026-01,FlashReport_January_2026.pdf,Ministry of Power,"Multi-States (Madhya Pradesh, Rajasthan, Uttar Pradesh)",01/2025
Railways,34,Devgarh Madariya - Nathdwara Gauge Conversion [82.54 Km] part of Marwar - Mavli Gauge Conversion [152 Km],North Western Railway [NWR],611855,,01/2023,968.92,,,01/2027,,,2026-01,FlashReport_January_2026.pdf,Ministry of Railways,Rajasthan,
Roads & Highways,35,Balance works in AP Portion and punch list items in TN & AP portion of NH-205,National Highways Authority of India [NHAI],619160,,10/2022,166.52,113.46,,01/2025,,,2026-01,FlashReport_January_2026.pdf,Ministry of Road Transport & Highways,Andhra Pradesh,07/2023
Roads & Highways,36,Six Laning of Vijayawada Bypass from Chinna Avutapalli to Gollapudi in Vijayawada - Gundugolanu Section from km. 0.00 to km. 30.00 Pkg-III,National Highways Authority of India [NHAI],619076,,01/2020,1581.24,1883.71,,02/2023,03/2024,,2026-01,FlashReport_January_2026.pdf,Ministry of Road Transport & Highways,Andhra Pradesh,02/2021
Roads & Highways,37,Nandyala-Kurnool/Kadapa Border section of NH-167K i.e. Km 186/000 to Km 250/000Design Ch.186000 to 248010 to 2LPS,MoRTH,617987,,10/2024,691.81,,,09/2027,,,2026-01,FlashReport_January_2026.pdf,Ministry of Road Transport & Highways,Andhra Pradesh,09/2025
Roads & Highways,38,Sangameswaram - Atmakuru section from Km 96 to Km 124 & Velegodu- Nandyal section including Nandyal Bypass from Km 143/6 to 185/9 NH-167K,MoRTH,617988,,10/2024,776.17,644.14,,07/2027,,,2026-01,FlashReport_January_2026.pdf,Ministry of Road Transport & Highways,Andhra Pradesh,07/2025
Roads & Highways,39,Gorantla - Hindupur section from Km 120/300 to 165/000 of NH716G in the State of Andhra Pradesh,MoRTH,618052,,10/2024,808.7,,,08/2027,,,2026-01,FlashReport_January_2026.pdf,Ministry of Road Transport & Highways,Andhra Pradesh,08/2025
Roads & Highways,40,Muddanur to B. Kothapalli section of NH-716G from Km. 0/000 to Km. 56/500 56.500 Km in the State of Andhra Pradesh on EPC mode Job no. 741,MoRTH,618053,,10/2024,1019.97,,,08/2027,,,2026-01,FlashReport_January_2026.pdf,Ministry of Road Transport & Highways,Andhra Pradesh,08/2025
Roads & Highways,41,Rehabilitation and upgradation of NH 326A from km 0/0 to 41/979 excluding km 2/255 to 3/372 and km 36/820 to 38/275 Odisha border to Narasamapeta to two lane with paved Shoulders in the State of Andhra Pradesh under NHO on EPC Mode,MoRTH,618125,,03/2018,228.32,,,03/2020,03/2021,,2026-01,FlashReport_January_2026.pdf,Ministry of Road Transport & Highways,Andhra Pradesh,09/2018
Roads & Highways,42,Construction of flyover at Gammon Junction at Km.903.265 on NH16 including vent at Diwancheruvu junction at Km.902.308 Blackspot ID No.AP03299 in Andhra Pradesh on EPC mode under NHO,National Highways Authority of India [NHAI],618525,,03/2025,326.61,223.29,,10/2027,,,2026-01,FlashReport_January_2026.pdf,Ministry of Road Transport & Highways,Andhra Pradesh,10/2025
Roads & Highways,43,6L of Anandapuram Pendurthi Anakapalli Section from km. 681.000 to km. 731.780 of NH-16,National Highways Authority of India [NHAI],618579,,01/2018,2527.0,2957.25,,07/2021,01/2020,,2026-01,FlashReport_January_2026.pdf,Ministry of Road Transport & Highways,Andhra Pradesh,01/2019
Roads & Highways,44,6L Access Controlled Greenfield Highway from Kavulakuntla Ch. 196000 to Narayanmpet Ch. 203500Package-09,National Highways Authority of India [NHAI],618718,,02/2023,1092.18,956.4,,02/2027,,,2026-01,FlashReport_January_2026.pdf,Ministry of Road Transport & Highways,Andhra Pradesh,02/2025
Roads & Highways,45,"Construction of Intermediate Lane with Hard Shoulder of Hunli to Hayuliang Package- III from design Km 60.000 to Km 121.500 Design Length 61.500 km, Greenfield Section of Frontier Highway NH-913 in the State of Arunachal Pradesh on EPC Mode Pkg-3",NHIDCL,618401,,02/2024,1418.67,,,07/2028,,,2026-01,FlashReport_January_2026.pdf,Ministry of Road Transport & Highways,Arunachal Pradesh,07/2025
Roads & Highways,46,Guwahati Ring Road in the State of Assam,National Highways Authority of India [NHAI],618934,,08/2024,5729.47,,,01/2030,,,2026-01,FlashReport_January_2026.pdf,Ministry of Road Transport & Highways,Assam,01/2026
Roads & Highways,47,Widening/lmprovement to 4-Laning and Greenfield alignment with Paved shoulder of Silchar-Badarpur Churaibari section of NH-37 & NH-8 from Design chainage 38.600 End point of proposed Badarpur Bypass to Km. 62.800 Start point of proposed Nilambazar/Cheragi Bypass in the state of Assam on HAM Mode Package-4,NHIDCL,618309,,02/2024,1319.55,,,08/2027,,,2026-01,FlashReport_January_2026.pdf,Ministry of Road Transport & Highways,Assam,08/2025
Roads & Highways,48,Widening/lmprovement of Existing 2 lane to 4-Laning of Karimganj-Silchar section of NH-37 from Design Ch 0.000 near Silchar ISBT to Design Ch 15.970 near Kalinagar Pt I on NH-37 in Assam on HAM Mode Pkg-1,NHIDCL,618313,,03/2024,1181.55,,,09/2027,,,2026-01,FlashReport_January_2026.pdf,Ministry of Road Transport & Highways,Assam,09/2025
Roads & Highways,49,"Construction of new 2 Lane with paved shoulders of NH Standards from km 0.080 to km 11.690 L11.610 km in Majuli and from km 19.715 to km 27.484 L 7.769 km in Jorhat on the newly declared NH 715K and construction of 1.10 km flyover on NH-715 with its approaches and service roads L1.10 km, Total Length 20.479 km in the State of Assam Job No. 715K/AS/2023-24/256",MoRTH,618159,,02/2024,382.1,,,03/2027,,,2026-01,FlashReport_January_2026.pdf,Ministry of Road Transport & Highways,Assam,09/2025
Roads & Highways,50,"Construction of 2 lane Major Bridge including approaches over Brahmaputra between Majuli on North Bank and Jorhat on South Bank from km. 11.690 to km. 19.715 length of bridge 6,812.5m Package - II on NH-715K in the state of Assam Job no. 715/AS/2020-21/213",MoRTH,618160,,03/2025,1019.17,,,12/2027,,,2026-01,FlashReport_January_2026.pdf,Ministry of Road Transport & Highways,Assam,12/2025
Roads & Highways,51,construction of Four-Lane of chausa-Buxar Bypass from Km 45.000 to Km 65.915 Package - 2 in the State of Bihar on EPC Mode.,MoRTH,618120,,09/2022,1060.16,,,01/2028,,,2026-01,FlashReport_January_2026.pdf,Ministry of Road Transport & Highways,Bihar,01/2026
Roads & Highways,52,"Improvement and Up gradation to four lane with Paved shoulder configuration from Existing Km 0000 to Km 39500 design km 0500 to Km 40342, Design length km of NH 227A near Mehrauna GhatUP Bihar Border to Siwan on the state of Bihar on Hybrid Annuity Model HAM basis",MoRTH,618251,,03/2023,1661.25,,,03/2028,11/2025,,2026-01,FlashReport_January_2026.pdf,Ministry of Road Transport & Highways,Bihar,09/2025
Roads & Highways,53,6L Greenfield Varanasi-Ranchi-Kolkata Highway from Pachmon village to Anarbansalea village From KM. 116000 to KM. 151200 Package-6,National Highways Authority of India [NHAI],618725,,03/2023,1915.99,1920.21,,09/2027,,,2026-01,FlashReport_January_2026.pdf,Ministry of Road Transport & Highways,Bihar,09/2025
Roads & Highways,54,6L Greenfield Varanasi-Ranchi-Kolkata Highway from junction with Chandauli- Chainpur Road near Khainti village to junction with Bhabhua-Adhaura road near Palka village from Km. 27.000 to Km. 54.000 Pkg-2,National Highways Authority of India [NHAI],618726,,03/2023,1240.93,1341.52,,10/2027,,,2026-01,FlashReport_January_2026.pdf,Ministry of Road Transport & Highways,Bihar,10/2025
Roads & Highways,55,6L Greenfield Varanasi-Ranchi-Kolkata Highway from junction with Bhabhua-Adhaura road in Bhairopur village to Konki village From KM. 54.000 to KM. 90.000Pkg-3,National Highways Authority of India [NHAI],618727,,03/2023,1576.94,1711.44,,10/2027,,,2026-01,FlashReport_January_2026.pdf,Ministry of Road Transport & Highways,Bihar,10/2025
Roads & Highways,56,Ara Bypass,National Highways Authority of India [NHAI],618775,,03/2025,226.32,,,04/2027,,,2026-01,FlashReport_January_2026.pdf,Ministry of Road Transport & Highways,Bihar,10/2025
Roads & Highways,57,4L PS under NH configuration of Manikpur-Sahebganj of NH-139W,National Highways Authority of India [NHAI],618791,,10/2024,1538.76,,,12/2027,,,2026-01,FlashReport_January_2026.pdf,Ministry of Road Transport & Highways,Bihar,01/2026
Roads & Highways,58,4L of Greenfield Alignment from Km. 47.000 to Km. 89.210 of Balbhadarpur to Bela Nawda Section of NH-119D,NHAI,619127,,03/2022,2185.75,2118.46,,03/2026,,,2026-01,FlashReport_January_2026.pdf,Ministry of Road Transport & Highways,Bihar,03/2024
Roads & Highways,59,Rehabilitation and Upgradation of Chorma - Bairgania Section of National Highway No 227F to 2 lane with paved shoulders from Design Ch.0.000 to Ch. 34.566,National Highways Authority of India [NHAI],619136,,06/2022,610.78,628.65,,01/2026,,,2026-01,FlashReport_January_2026.pdf,Ministry of Road Transport & Highways,Bihar,02/2024
Roads & Highways,60,Umagaon-Saharsa Package-V Bakaur-Parsarma-Bangaon-Bariyahi & Spur to Mahishi,NHAI,619166,,10/2022,768.35,968.42,,12/2025,,,2026-01,FlashReport_January_2026.pdf,Ministry of Road Transport & Highways,Bihar,12/2023
Roads & Highways,61,4 Laning with PS of Pathrapalli-Katghora km 53.3 to km 92.6 Pkg-II of Bilaspur Kathghora,National Highways Authority of India [NHAI],619167,,12/2019,865.1,1275.26,,12/2022,07/2023,,2026-01,FlashReport_January_2026.pdf,Ministry of Road Transport & Highways,Chhattisgarh,12/2020
Roads & Highways,62,4/6 Laning of Raipur-Simga Pkg-I from km. 0.00 to km. 48.58,National Highways Authority of India [NHAI],619103,,04/2016,1096.52,1172.36,,04/2018,,,2026-01,FlashReport_January_2026.pdf,Ministry of Road Transport & Highways,Chhattisgarh,
Roads & Highways,63,Up-gradation to Two/Four lane with paved shoulder Configuration of Kondagaon- Narayanpur from design ch. 0.00 - 48.693 Design Length 47.493 Km. 1.20 Km. retained on NH-130D under EPC mode in the State Chhattisgarh.,MoRTH,617971,,12/2022,322.4,,,03/2027,,,2026-01,FlashReport_January_2026.pdf,Ministry of Road Transport & Highways,Chhattisgarh,03/2025
Roads & Highways,64,Construction of new 4 lane major bridge with approaches on Sabarmati River near Dharoi at Km. 82/00 to 86/00 Design length 3.300 km on NH-58 in the State of Gujarat on Hybrid Annuity Mode HAM,MoRTH,617926,,03/2024,398.4,,,08/2027,11/2025,,2026-01,FlashReport_January_2026.pdf,Ministry of Road Transport & Highways,Gujarat,08/2025
Roads & Highways,65,Widening to 2LPS between Km 0/0 to 56/0 Khokhara Gujarat Border Vijayanagar Antrasuba Mathasur road of NH 58 in the State of Gujarat,MoRTH,617927,,03/2024,699.19,,,08/2026,,,2026-01,FlashReport_January_2026.pdf,Ministry of Road Transport & Highways,Gujarat,09/2025
Roads & Highways,66,Work of 6 laning/Construction of elevated corridor from km 0/0 to 10/170 Narol Junction to Sarkhej junction including 4 lane Shastri Bridge on Sabarmati river on NH 47 in the State of Gujarat on HAM mode,MoRTH,617916,,03/2024,1295.39,,,02/2028,,,2026-01,FlashReport_January_2026.pdf,Ministry of Road Transport & Highways,Gujarat,08/2025
Roads & Highways,67,Upgradation of Mehsana-Visnagar-vadnagar-Kheralu-Idar section from km 0/00 to 81/300 of NH 168G Mehsana to Idar in the State of GujaratTotal Length 81.300 Km on Hybrid Annuity Mode HAM,MoRTH,618107,,02/2024,1155.21,,,06/2028,,,2026-01,FlashReport_January_2026.pdf,Ministry of Road Transport & Highways,Gujarat,12/2025
Roads & Highways,68,4L of Dhrol bypass section of NH-151A Approx. length 5.7 Km & widening upto 4 laning of missing link of Amran section of NH-151A Approx. length 6.55 Km from existing Ch. 42000 to 48500 of ongoing Dhrol-Bhadra-Pipaliya section of NH-151A,National Highways Authority of India [NHAI],618616,,03/2024,625.58,455.54,,02/2027,,,2026-01,FlashReport_January_2026.pdf,Ministry of Road Transport & Highways,Gujarat,02/2025
Roads & Highways,69,4L PS from Ch. 94.030 in Jabugam Village to Ch. 132.320 in Dhamasiya Village of NH-56 Pkg-III,National Highways Authority of India [NHAI],618930,,03/2023,1188.46,898.0,,11/2027,,,2026-01,FlashReport_January_2026.pdf,Ministry of Road Transport & Highways,Gujarat,11/2025
Roads & Highways,70,4L PS from Ch. 179.780 in Bitada/Movi Village to Ch. 208.900 in Nasarpore Village of NH-56 Pkg-V,National Highways Authority of India [NHAI],618931,,03/2023,764.02,566.96,,11/2027,,,2026-01,FlashReport_January_2026.pdf,Ministry of Road Transport & Highways,Gujarat,11/2025
Roads & Highways,71,6L of Chiloda-Naroda section from Km. 540.595 to Km. 555.595 of NH-8Package-VII,National Highways Authority of India [NHAI],619067,,05/2017,356.6,463.03,,05/2019,07/2021,,2026-01,FlashReport_January_2026.pdf,Ministry of Road Transport & Highways,Gujarat,
Roads & Highways,72,Four Laning of Una to Kodinar from km. 180.478 to km. 221.610 Package-V,National Highways Authority of India [NHAI],619145,,02/2017,877.71,1126.66,,08/2019,,,2026-01,FlashReport_January_2026.pdf,Ministry of Road Transport & Highways,Gujarat,
Roads & Highways,73,4L of Bhavnagar - Talaja Package-I from Km. 6.945 to Km. 54.990 of Old NH-8E,National Highways Authority of India [NHAI],619148,,02/2017,1185.66,1343.16,,08/2019,,,2026-01,FlashReport_January_2026.pdf,Ministry of Road Transport & Highways,Gujarat,
Roads & Highways,74,4L of Dwarka-Khambaliya-Devariya section from km 203.500 to km 176.500 and from km 171.800 to km 125.000 of NH-151A,National Highways Authority of India [NHAI],619137,,01/2019,1024.69,1753.95,,08/2022,06/2023,,2026-01,FlashReport_January_2026.pdf,Ministry of Road Transport & Highways,Gujarat,02/2020
Roads & Highways,75,4L PS of Ambala Ring Road of New NH-44,National Highways Authority of India [NHAI],619080,,02/2023,1093.35,1225.41,,10/2025,,,2026-01,FlashReport_January_2026.pdf,Ministry of Road Transport & Highways,Haryana,10/2023
Roads & Highways,76,4L of Jind-Gohana road Package-1 from km. 0.00 to km. 40.601 of NH-352 A under NHO,National Highways Authority of India [NHAI],619092,,01/2019,994.22,1606.82,,07/2022,,,2026-01,FlashReport_January_2026.pdf,Ministry of Road Transport & Highways,Haryana,07/2020
Roads & Highways,77,4L PS bijni to mandi section from Km 202.815 to Km 208.000 of NH-20 New NH-154 of Pathankot-Mandi Package-VB,National Highways Authority of India [NHAI],618881,,02/2023,1113.02,1112.39,,09/2027,,,2026-01,FlashReport_January_2026.pdf,Ministry of Road Transport & Highways,Himachal Pradesh,03/2025
Roads & Highways,78,Upgradation and Strengthening of Chenani to Nashri Section via Patnitop of NH244 from Km 0.000 to Km 39.100,National Highways Authority of India [NHAI],618967,,03/2024,295.06,295.06,,08/2026,,,2026-01,FlashReport_January_2026.pdf,Ministry of Road Transport & Highways,Jammu and Kashmir,08/2024
Roads & Highways,79,Construction of Shopian Bypass on NH-444 taking off from existing chainage Km 36500 and re-joining at km 47588 of existing Chainage New Design Ch. From km 28000 to km 36925 as 2- lane with paved shoulder in the UT of Jammu & Kashmir on EPC mode.,MoRTH,618038,,03/2024,224.44,,,01/2028,,,2026-01,FlashReport_January_2026.pdf,Ministry of Road Transport & Highways,Jammu and Kashmir,01/2026
Roads & Highways,80,Construction of 2- Lane with paved shoulder from km 56.45 Dharampur More to 93.050 Pakur of NH-333A in the State of Jharkhand on EPC mode,MoRTH,618127,,03/2023,255.73,,,05/2027,,,2026-01,FlashReport_January_2026.pdf,Ministry of Road Transport & Highways,Jharkhand,11/2025
Roads & Highways,81,Construction of Six lane elevated flyover including reconstruction/rehabilitation of existing pavement from Km 406100 to Km 411150 Length 5.05 Km at Gobindpur area in the Barwa Adda Panagarh section of NH-19 from Km.398.240 to Km.521.120 including Panagarh Bypass in the State of Jharkhand on EPC Mode.,National Highways Authority of India [NHAI],618535,,01/2025,687.77,442.52,,03/2028,,,2026-01,FlashReport_January_2026.pdf,Ministry of Road Transport & Highways,Jharkhand,09/2025
Roads & Highways,82,Construction of Bypass to NH-114A Connecting NH-333 and NH-133 Deoghar Bypass from design km 0.000 to design Km 49.000,National Highways Authority of India [NHAI],618950,,11/2024,1565.47,,,01/2028,,,2026-01,FlashReport_January_2026.pdf,Ministry of Road Transport & Highways,Jharkhand,01/2026
Roads & Highways,83,Grade separated Interchanges at Km. 113.730 junction with Ranchi Hazaribagh Road & Km. 139.225 junction with Ranchi Jamshedpur road on 4L Ranchi Bypass of NH-33,National Highways Authority of India [NHAI],618737,,01/2025,303.53,5.58,,12/2027,,,2026-01,FlashReport_January_2026.pdf,Ministry of Road Transport & Highways,Jharkhand,12/2025
Roads & Highways,84,Construction of bypass around Chatra Town on NH-22 old NH-99 in the state of Jharkhand under EPC Mode,MoRTH,619005,,03/2023,235.42,199.2,,01/2028,01/2026,,2026-01,FlashReport_January_2026.pdf,Ministry of Road Transport & Highways,Jharkhand,01/2026
Roads & Highways,85,4L Expressway from Km 26.400 to km 53.500 of Malur to Bangarpet section of Bangalore-Chennai Expressway Phase-I Package-II,NHAI,619065,,12/2020,1745.0,1729.63,,09/2023,03/2024,,2026-01,FlashReport_January_2026.pdf,Ministry of Road Transport & Highways,Karnataka,09/2021
Roads & Highways,86,Tumkur-Chitradurga,National Highways Authority of India [NHAI],619070,,06/2011,839.0,47.44,,12/2013,,,2026-01,FlashReport_January_2026.pdf,Ministry of Road Transport & Highways,Karnataka,
Roads & Highways,87,4L of 42.000 to km 80.00 of Dodaballapur Bypass to Hoskote section of NH-648 Old NH-207 [Bangalore Ring Road Pkg 2],National Highways Authority of India [NHAI],619073,,02/2020,1317.74,1846.52,,02/2023,,,2026-01,FlashReport_January_2026.pdf,Ministry of Road Transport & Highways,Karnataka,02/2021
Roads & Highways,88,4L PS from Near Guddehosur to Start of Kushalnagara Bypass to near Hemmige Village Periyapatna - Hassan Road Jn from Km. 122.200 to Km. 144.900 of NH-275 Pkg. II,National Highways Authority of India [NHAI],618871,,02/2023,909.86,896.42,,12/2027,,,2026-01,FlashReport_January_2026.pdf,Ministry of Road Transport & Highways,Karnataka,12/2025
Roads & Highways,89,4 Lane with PS from Des. Ch 43.800 to Des. Ch. 89.900 of Belgaum-Hungund-Raichur Section of NH-748A Package-2,National Highways Authority of India [NHAI],618651,,02/2024,1427.88,1293.94,,02/2027,,,2026-01,FlashReport_January_2026.pdf,Ministry of Road Transport & Highways,Karnataka,03/2025
Roads & Highways,90,4LPS Access Controlled Highway of Bellary Bypass Balance work from Ch. 254750 to Ch. 266837 and construction of 4LPS from Ch. 277.690 to Ch. 278.690 at D. Hirehal Village Balance work of NH 150A of Bellary Byrapura Section,National Highways Authority of India [NHAI],618697,,02/2024,626.01,284.05,,07/2026,,,2026-01,FlashReport_January_2026.pdf,Ministry of Road Transport & Highways,Karnataka,08/2024
Roads & Highways,91,Additional works under BM1 to ensure road safety under 6L of Bengaluru Mysuru Access control with close toll from Km.17.300 to Km.136.300 of NH-275,National Highways Authority of India [NHAI],618707,,11/2024,738.37,,,01/2028,,,2026-01,FlashReport_January_2026.pdf,Ministry of Road Transport & Highways,Karnataka,01/2026
Roads & Highways,92,Construction of 2 Lane with paved shoulder from km 55.6 to km 90.7 existing chainages of NH-766C complete Realignment of 13.76 km with 2 major Bridges across Sharavathi Backwaters on EPC mode under Annual Plan 2022-23 in the state of Karnataka NH-766C-KNT-2022-23 dated 14.10.2022,MoRTH,618184,,01/2023,313.56,,,02/2026,,,2026-01,FlashReport_January_2026.pdf,Ministry of Road Transport & Highways,Karnataka,02/2024
Roads & Highways,93,Widening to 2LPS from Km 0.000 to 37.850 Except Ex. Km 24.45 to 27.20 of NH-766c Byndoor-Ranebennur Section in the state of Karnataka on EPC Mode under Annual Plan 2022-23 NH-766C-KNT-2022-23-969 dated 30.12.2022,MoRTH,618185,,12/2022,394.95,,,08/2027,,,2026-01,FlashReport_January_2026.pdf,Ministry of Road Transport & Highways,Karnataka,08/2025
Roads & Highways,94,Construction of Srinivasapura Bypass from existing Km 453.890 Design Ch. 0000 to existing Km 461.450 Design Ch 10080 on NH-69 in the State of Karnataka Under NH O in EPC mode under Annual Plan 2022-23 NH-69-KNT-2022-23-966 dated 22.11.2022,MoRTH,617950,,11/2022,204.42,,,01/2027,,,2026-01,FlashReport_January_2026.pdf,Ministry of Road Transport & Highways,Karnataka,07/2025
Roads & Highways,95,"Widening to Two Lane with Paved Shoulders from KB Cross to Chunchanahalli ie., Design Ch. 485240 Km Existing Km 494.000 to Design Ch. 523393 Km Existing km 533.152 & From Design Ch. 530393 Existing Km 540.175 to Design Ch. 534476 Existing Km 544.200 at Nelligere of NH-150A on EPC mode under Annual Plan 2022-23 NH-150A-KNT-2022-23-977 dated 08.03.2023",MoRTH,618086,,03/2023,617.28,,,01/2027,,,2026-01,FlashReport_January_2026.pdf,Ministry of Road Transport & Highways,Karnataka,07/2025
Roads & Highways,96,4L of Byrapura to Challakere Section from km 308.550 to km 358.500 of NH-150 A,National Highways Authority of India [NHAI],619115,,03/2018,796.77,1195.54,,12/2020,06/2021,,2026-01,FlashReport_January_2026.pdf,Ministry of Road Transport & Highways,Karnataka,12/2018
Roads & Highways,97,Hassan km 184.912 to Maranahally km 230.060 of NH - 75 in Karnataka,National Highways Authority of India [NHAI],619117,,03/2017,1021.57,1091.4,,03/2019,06/2025,,2026-01,FlashReport_January_2026.pdf,Ministry of Road Transport & Highways,Karnataka,
Roads & Highways,98,Nidagatta-Mysore Pkg II,National Highways Authority of India [NHAI],619120,,02/2018,2919.8,4113.89,,06/2022,09/2023,,2026-01,FlashReport_January_2026.pdf,Ministry of Road Transport & Highways,Karnataka,12/2019
Roads & Highways,99,4L of Hubli - Hospet Section of NH-63 from Km 128.850 to Km 272.571,National Highways Authority of India [NHAI],619121,,03/2017,2531.99,3619.32,,03/2020,05/2022,,2026-01,FlashReport_January_2026.pdf,Ministry of Road Transport & Highways,Karnataka,
Roads & Highways,100,4 Lane with PS from Des. Ch 182.300 to Des. Ch. 228.500 of Belgaum-Hungund- Raichur Section of NH 748 A Package-5,National Highways Authority of India [NHAI],619106,,03/2023,1141.88,868.65,,11/2026,,,2026-01,FlashReport_January_2026.pdf,Ministry of Road Transport & Highways,Karnataka,11/2024
Roads & Highways,101,4 Lane with PS from Des. Ch 136.100 to Des. Ch. 182.300 of Belgaum-Hungund- Raichur Section of NH-748A Package-4,National Highways Authority of India [NHAI],619107,,02/2024,1311.41,1123.35,,09/2027,,,2026-01,FlashReport_January_2026.pdf,Ministry of Road Transport & Highways,Karnataka,09/2025
Roads & Highways,102,4 Lane with PS from Des. Ch 0.000 to Des. Ch. 43.800 of Belgaum-Hungund-Raichur Section of NH-748A Package-1,National Highways Authority of India [NHAI],619108,,02/2024,1452.43,1256.55,,06/2027,,,2026-01,FlashReport_January_2026.pdf,Ministry of Road Transport & Highways,Karnataka,06/2025
Roads & Highways,103,BRT Tiger Reserve Boundary Km.287.500 to Bangalore Section Km.458.420 of NH- 209 in Karnataka,National Highways Authority of India [NHAI],619150,,08/2017,2082.69,2859.93,,08/2019,03/2024,,2026-01,FlashReport_January_2026.pdf,Ministry of Road Transport & Highways,Karnataka,
Roads & Highways,104,Hospet - Chitradurga from km. 299.00 to km. 418.750,National Highways Authority of India [NHAI],619144,,02/2016,1519.72,387.48,,08/2018,,,2026-01,FlashReport_January_2026.pdf,Ministry of Road Transport & Highways,Karnataka,
Roads & Highways,105,Belgaum-Khanapur Pkg I Km 0.000-Km 30.800 of NH-4A,National Highways Authority of India [NHAI],619164,,03/2018,1214.3,1195.74,,09/2021,07/2025,,2026-01,FlashReport_January_2026.pdf,Ministry of Road Transport & Highways,Karnataka,03/2019
Roads & Highways,106,Indore - Harda Pkg-II [Raghavgarh to Nanasa from km. 29.30 to km. 92.30],National Highways Authority of India [NHAI],619114,,01/2023,1081.51,1146.63,,03/2026,,,2026-01,FlashReport_January_2026.pdf,Ministry of Road Transport & Highways,Madhya Pradesh,03/2024
Roads & Highways,107,Dhangaon - Borgaon section km 81.000 to km 139.000 [Indore - Edlabad Pkg IV],National Highways Authority of India [NHAI],619100,,01/2020,866.0,1185.04,,08/2023,02/2025,,2026-01,FlashReport_January_2026.pdf,Ministry of Road Transport & Highways,Madhya Pradesh,08/2021
Roads & Highways,108,Up-gradation of Pichhore- Dinara section of NH-346 from Km 292.750 to 334.550 to two lane with paved shoulders in the state of Madhya Pradesh on EPC mode,MoRTH,618021,,02/2024,425.97,,,07/2025,,,2026-01,FlashReport_January_2026.pdf,Ministry of Road Transport & Highways,Madhya Pradesh,12/2025
Roads & Highways,109,Upgradation and reconstruction of Shahpura-Dindori Section of NH 45 from Km 103.700 Design to Km 164.580 Design including 3 bypasses Total length 60.88km to Two lane with paved shoulder configuration along with One time improvement in 03 nos of bypassed built-up areas in a total length of 12.341 km in the State of Madhya Pradesh on EPC mode,MoRTH,617914,,03/2022,241.23,250.09,,12/2025,,,2026-01,FlashReport_January_2026.pdf,Ministry of Road Transport & Highways,Madhya Pradesh,01/2024
Roads & Highways,110,"Construction of Morena bypass, Ambah bypass & Porsa bypass Totat length 27.16 km Section of NH-552 Ext. to TWo lane with paved shoulder configuration in the state of Madhya Pradesh on EPC mode",MoRTH,618156,,02/2023,492.66,,,10/2026,,,2026-01,FlashReport_January_2026.pdf,Ministry of Road Transport & Highways,Madhya Pradesh,10/2024
Roads & Highways,111,4L from km 0.000 to 42.040 Bhopal Ratnaigiri Tiraha to Vidisha Morikodi,National Highways Authority of India [NHAI],618661,,10/2024,1032.3,1038.18,,11/2027,,,2026-01,FlashReport_January_2026.pdf,Ministry of Road Transport & Highways,Madhya Pradesh,11/2025
Roads & Highways,112,4L of near Satai Ghat to Chowka section of NH-34 from D. Ch. 89.875 to D. Ch. 145.000 Package-3,National Highways Authority of India [NHAI],618667,,10/2024,1005.59,882.21,,10/2027,,,2026-01,FlashReport_January_2026.pdf,Ministry of Road Transport & Highways,Madhya Pradesh,10/2025
Roads & Highways,113,4-lanning of Rahatgarh to Berkhedi section of NH-146 from Design Ch 124470 to Ch. 134.549,National Highways Authority of India [NHAI],618671,,03/2025,618.33,342.69,,12/2027,,,2026-01,FlashReport_January_2026.pdf,Ministry of Road Transport & Highways,Madhya Pradesh,12/2025
Roads & Highways,114,4-lanning of Gyaraspur to Rahatgarh section of NH-146 from Design Ch. 88361 to Ch 124470 in the state of MP on HAM mode,National Highways Authority of India [NHAI],618672,,10/2024,903.44,592.44,,11/2027,,,2026-01,FlashReport_January_2026.pdf,Ministry of Road Transport & Highways,Madhya Pradesh,11/2025
Roads & Highways,115,Outer Ring Road of Jabalpur Town from Amjhar Road including Airport Connectivity to barela Pkg-V,National Highways Authority of India [NHAI],618688,,10/2024,794.7,539.9,,10/2027,,,2026-01,FlashReport_January_2026.pdf,Ministry of Road Transport & Highways,Madhya Pradesh,10/2025
Roads & Highways,116,Bypass on Western side of Gwalior City,National Highways Authority of India [NHAI],618619,,03/2025,998.95,,,01/2028,,,2026-01,FlashReport_January_2026.pdf,Ministry of Road Transport & Highways,Madhya Pradesh,01/2026
Roads & Highways,117,Construction of 6 lane Indore western bypass from km 0000 to Km 34000 Pkg -l in the State of Madhya Pradesh on Hybrid Annuity Mode under NHO,National Highways Authority of India [NHAI],618932,,02/2024,1534.7,1472.68,,12/2027,,,2026-01,FlashReport_January_2026.pdf,Ministry of Road Transport & Highways,Madhya Pradesh,01/2026
Roads & Highways,118,4L of Budhni to Shahganj Bypass End Package-III of NH-146B from Km. 73.750 to Km. 102.000,National Highways Authority of India [NHAI],618962,,03/2024,1102.97,770.21,,08/2027,,,2026-01,FlashReport_January_2026.pdf,Ministry of Road Transport & Highways,Madhya Pradesh,08/2025
Roads & Highways,119,4 Laning of Sandalpur to Nasrullaganj Pkg-1 section of NH-146B Length 43.2 Km.,National Highways Authority of India [NHAI],618964,,03/2025,1425.98,,,01/2028,,,2026-01,FlashReport_January_2026.pdf,Ministry of Road Transport & Highways,Madhya Pradesh,01/2026
Roads & Highways,120,Six laning with both sides Service Road of Ayodhya Bypass from Design Km 0000 near Ashram Tiraha on NH-46 to Km 16439 end at Ratnagiri Tiraha on Nh-146,National Highways Authority of India [NHAI],618966,,02/2024,1123.17,1103.22,,08/2027,,,2026-01,FlashReport_January_2026.pdf,Ministry of Road Transport & Highways,Madhya Pradesh,08/2025
Roads & Highways,121,Construction of Standalone Flyover cum ROB from Design Ch.66.600 to Design Ch.68.800 in Gadchandur Town on NH-353B,National Highways Authority of India [NHAI],618939,,02/2025,191.31,107.76,,07/2027,,,2026-01,FlashReport_January_2026.pdf,Ministry of Road Transport & Highways,Maharashtra,07/2025
Roads & Highways,122,Satara Km 725.000 to Pune Km 865.350 of NH - 4 New NH - 48 in Maharashtra,National Highways Authority of India [NHAI],619069,,10/2010,361.72,425.51,,05/2022,,,2026-01,FlashReport_January_2026.pdf,Ministry of Road Transport & Highways,Maharashtra,
Roads & Highways,123,Construction of 7 Nos of Standalone safety structures/works at different locations on various NHs,National Highways Authority of India [NHAI],618627,,01/2025,168.52,112.03,,01/2027,,,2026-01,FlashReport_January_2026.pdf,Ministry of Road Transport & Highways,Maharashtra,07/2025
Roads & Highways,124,Rehabilitation /Upgradation from Lagam to Alapalli section Desing Km. 199/400 to km 227/400 Length 28.0 Km to 2 lane with Paved Shoulders/ 4 lane configuration section of NH-353 C Sakoli-Wadsa-Armori-Gadchiroli-Ashti-Alapalli Sironcha in Gadchiroli District on EPC mode in the state of Maharashtra.,MoRTH,618134,,02/2023,459.39,,,09/2026,,,2026-01,FlashReport_January_2026.pdf,Ministry of Road Transport & Highways,Maharashtra,09/2024
Roads & Highways,125,Rehabilitation and upgradation from ch km 50/200 to 56/800 and km 62/600 to 100/403 of Kolde to Visarwadi Near Junction with NH-6 section of NH 752G total length 44.40 to two-lane with paved shoulder / four lanes in the State of Maharashtra on EPC mode.,MoRTH,618176,,03/2025,349.08,,,01/2028,01/2026,,2026-01,FlashReport_January_2026.pdf,Ministry of Road Transport & Highways,Maharashtra,01/2026
Roads & Highways,126,Construction of 6 lane flyover from Khapari ROB to Mihan Interchange design chainage km 8760 to 11450 L- 2.69 km and upgradation of existing 4L PS road to 6LPS with service road by flexible pavement design chainage km 11450 to 14500 L- 3.05 [total project length 5.74 km] in section of Nagpur - Hyderabad NH-44 Old NH-7 in Nagpur district in the state of Maharashtra on HAM mode.,MoRTH,617912,,03/2024,619.55,,,10/2027,,,2026-01,FlashReport_January_2026.pdf,Ministry of Road Transport & Highways,Maharashtra,10/2025
Roads & Highways,127,Rehabilitation And Upgradation to four lane with paved shoulder configuration from km 24350 to km 61875 Jawale - Borgaon Kale of NH-63 in the State of Maharashtra on EPC mode under Annual Plan 2024-25 Total length - 37.525 Km.,MoRTH,617938,,12/2024,574.18,,,03/2027,,,2026-01,FlashReport_January_2026.pdf,Ministry of Road Transport & Highways,Maharashtra,09/2025
Roads & Highways,128,Balance work of NH-66 from design Km 84/00 to Km 87/100 Indapur Bypass and Km 91/600 to Km 99/100 Mangaon Bypass to four lane with paved shoulder in State of Maharashtra under NHO on EPC Mode.,MoRTH,617945,,03/2025,354.21,,,04/2027,,,2026-01,FlashReport_January_2026.pdf,Ministry of Road Transport & Highways,Maharashtra,10/2025
Roads & Highways,129,"Strengthening, Widening & Up-gradation of newly declared NH-761 from NH- 61Junction-BelheAlkutiDevibhoyareNighojShirur, from Design chainage Km 0.000 to Km 37.970 from Single/Intermediate/2L to 2LPS in the State of Maharashtra on EPC Mode Length 37.970 Km",MoRTH,618061,,03/2024,386.16,,,09/2026,,,2026-01,FlashReport_January_2026.pdf,Ministry of Road Transport & Highways,Maharashtra,03/2025
Roads & Highways,130,Balance work of Widening to 2 Two lane with hard shoulder of Churachandpur to Tuivai section of NH-102B from km 130.000 to km 141.029 Package-4B in the State of Manipur on EPC Mode,NHIDCL,618348,,06/2020,177.76,,,11/2026,,,2026-01,FlashReport_January_2026.pdf,Ministry of Road Transport & Highways,Manipur,11/2025
Roads & Highways,131,Balance work of Widening to 2 Two lane with hard shoulder of Churachandpur to Tuivai section of NH-102B from Design Chainage km 118850 to km 130000 Package- 4A in the State of Manipur on EPC Mode,NHIDCL,618349,,04/2020,204.12,,,08/2026,,,2026-01,FlashReport_January_2026.pdf,Ministry of Road Transport & Highways,Manipur,08/2025
Roads & Highways,132,Improvement and Widening of National Highway No. 127B Darugiri - Songsak - Williamnagar Junction Section to two lane with paved shoulder from design Km 0000 to Km 36635 Design length 36.635 Km existing Km 112000 to Km 151060 of NH-1278 under Bharatmala Pariyojana Lot-1 Pkg-1B Meghalaya portion,NHIDCL,618294,,03/2023,801.07,,,09/2027,,,2026-01,FlashReport_January_2026.pdf,Ministry of Road Transport & Highways,Meghalaya,09/2025
Roads & Highways,133,4-Laning of Vairengte - Chhimluang section Package-3 of NH-306 from Existing Chainage km 43000 to Km 59700 Design Chainage km 46000 to km 60850 on Silchar - Vairengte- Sairang road in the State of Mizoram under Bharatmala Pariyojna under NHO-NE. Package-1&2 in Assam state,NHIDCL,618316,,12/2021,491.39,,,01/2027,,,2026-01,FlashReport_January_2026.pdf,Ministry of Road Transport & Highways,Mizoram,07/2025
Roads & Highways,134,4-Laning of chhimluang-Kolasib from section pkg-4 of NH-306 & NH-6 existing chainage km 59700 to km 86000 design chainage km 61000 to km 77500 on Silchar- vairengte-sairang road in the state of Mizoram under Bharatmala Pariyojna on EPC mode Vairengte - Sairang Pkg-4,NHIDCL,618317,,12/2021,561.91,,,01/2027,,,2026-01,FlashReport_January_2026.pdf,Ministry of Road Transport & Highways,Mizoram,07/2025
Roads & Highways,135,4-Laning of Kolasib - Sethawn section Package-5 of NH-6 from Existing Chainage km 86000 to km 107850 Design Chainage km 77500 to km 95500 on silchar - vairengte - sairang road under Bharatmala Pariyojna on EPC mode under NHO-NE Vairengte - Sairang Pkg-5,NHIDCL,618318,,11/2021,720.4,,,07/2027,,,2026-01,FlashReport_January_2026.pdf,Ministry of Road Transport & Highways,Mizoram,07/2025
Roads & Highways,136,"4-Laning of Sethawn - N. Kawnpui section Package-6 of NH-6 from Existing Chainage km 107850 to km 126315 Design Chainage km 95500 to km 111850 on Silchar- Vairengte- Sairang road, Vairengte - Sairang Pkg-6",NHIDCL,618319,,12/2021,595.65,,,01/2027,,,2026-01,FlashReport_January_2026.pdf,Ministry of Road Transport & Highways,Mizoram,07/2025
Roads & Highways,137,Construction of 4-Laning of N. Kawnpui N. Mualvum Mualkhang via Khamrang Village section Package-7 of NH-6 from Existing Chainage km 127200 to km 142000 Design Chainage km 111850 to km 123400 on Silchar - Vairengte - Sairang road in the State of Mizoram on EPC mode,NHIDCL,618320,,02/2024,866.32,,,10/2028,,,2026-01,FlashReport_January_2026.pdf,Ministry of Road Transport & Highways,Mizoram,10/2025
Roads & Highways,138,Construction of 4-Laning of West Serawlg-Sairang section of NH-6 from Existing Chainage km 142000 to km 158900 Design Chainage km 123400 to km 136260 on Silchar - Vairengte - Sairang road in the State of Mizoram under Bharatmala Pariyojna on EPC mode under NHO-NE Package-8,NHIDCL,618321,,02/2024,875.79,,,11/2028,,,2026-01,FlashReport_January_2026.pdf,Ministry of Road Transport & Highways,Mizoram,11/2025
Roads & Highways,139,Construction of Twin Tube Uni-directional Aizawl Bypass Tunnel of 2.5 km and its approaches of 2.1 km from km 10.600 to km 15.200 on Sarrang - Phaibawk section of NH-6 in the State of Mizoram on EPC Mode under NHO-NE Package-2,NHIDCL,618323,,01/2024,1313.28,,,12/2028,,,2026-01,FlashReport_January_2026.pdf,Ministry of Road Transport & Highways,Mizoram,12/2025
Roads & Highways,140,Construction of 2-lane Aizawl Bypass from km 15.200 to km 34.500 Package-3 on Sairang - Phaibawk section of NH-6 in the State of Mizoram under Bharatmala Pariyojna on EPC Mode under NHO-NE,NHIDCL,618324,,02/2023,720.72,,,11/2028,,,2026-01,FlashReport_January_2026.pdf,Ministry of Road Transport & Highways,Mizoram,10/2025
Roads & Highways,141,Walajahpet/Ranipet to TN/AP Border Section of from Km.106.800 to Km.133.36 NH-4,National Highways Authority of India [NHAI],618769,,12/2024,1338.14,1214.7,,09/2027,,,2026-01,FlashReport_January_2026.pdf,Ministry of Road Transport & Highways,"Multi-States (Andhra Pradesh, Tamil Nadu)",09/2025
Roads & Highways,142,6 laning of Balance Work of Chennai - Tada from km. 21.40 to km. 54.40,National Highways Authority of India [NHAI],619077,,12/2017,464.62,472.37,,03/2020,09/2022,,2026-01,FlashReport_January_2026.pdf,Ministry of Road Transport & Highways,"Multi-States (Andhra Pradesh, Tamil Nadu)",03/2018
Roads & Highways,143,4L Access Controlled Greenfield Highway section on NH-163G Khammam Vijayawada from BrahmanapalliK village at Design Ch. 250.400 Km to Remidicherla village at Design Ch. 280.200 KmPackage-II,National Highways Authority of India [NHAI],619143,,03/2023,826.01,862.58,,03/2027,,,2026-01,FlashReport_January_2026.pdf,Ministry of Road Transport & Highways,"Multi-States (Andhra Pradesh, Telangana)",03/2025
Roads & Highways,144,6L Greenfield Varanasi-Ranchi-Kolkata Highway from Anarbansalea village to Sagrampur village From KM. 151200 to KM. 184700Package-7,National Highways Authority of India [NHAI],618724,,03/2023,1719.2,1723.42,,06/2027,,,2026-01,FlashReport_January_2026.pdf,Ministry of Road Transport & Highways,"Multi-States (Bihar, Jharkhand)",07/2025
Roads & Highways,145,Construction of additional 3-Lane Bridge over River Ganga for connection between Buxar and Bharauli on NH-922 in the State of Uttar Pradesh and Bihar on Hybrid Annuity Mode,National Highways Authority of India [NHAI],618882,,03/2024,531.61,444.92,,02/2028,,,2026-01,FlashReport_January_2026.pdf,Ministry of Road Transport & Highways,"Multi-States (Bihar, Uttar Pradesh)",08/2025
Roads & Highways,146,Construction of Four Lane Highway from Ghazipur- Ballia-UP/Bihar State Border Greenfield section of NH-31 Package III [from Pindari km 78.150 to Rawalganj Bypass Km 117.120] on EPC Mode in the state of Uttar Pradesh.,National Highways Authority of India [NHAI],619154,,10/2022,1493.5,1493.59,,08/2025,05/2026,,2026-01,FlashReport_January_2026.pdf,Ministry of Road Transport & Highways,"Multi-States (Bihar, Uttar Pradesh)",08/2023
Roads & Highways,147,4L Kishanganj - Bahadurganj section greenfield from km. 0.000 to km. 22.600,National Highways Authority of India [NHAI],618584,,01/2025,962.84,855.56,,12/2027,,,2026-01,FlashReport_January_2026.pdf,Ministry of Road Transport & Highways,"Multi-States (Bihar, West Bengal)",12/2025
Roads & Highways,148,4L Ismailabad to Ambala Section of NH-152 Lot-4/Package-1,National Highways Authority of India [NHAI],619093,,02/2023,609.32,454.34,,12/2025,,,2026-01,FlashReport_January_2026.pdf,Ministry of Road Transport & Highways,"Multi-States (Haryana, Punjab)",12/2023
Roads & Highways,149,4 laning of Aligarh-Palwal Section from Km. 46.390 Design Chainage to Km. 69.110 Terminating at junction EPE Package-II from Kurana- Eastern Peripheral Expressway of NH-334D,National Highways Authority of India [NHAI],618691,,03/2024,939.17,903.94,,08/2027,,,2026-01,FlashReport_January_2026.pdf,Ministry of Road Transport & Highways,"Multi-States (Haryana, Uttar Pradesh)",08/2025
Roads & Highways,150,6L Greenfield Varanasi- Ranchi- Kolkata Highway from junction with NH-320 in Lepo village to Kamlapur villageJH/WB border from km 358.500 to km 387.200 Pkg -13,National Highways Authority of India [NHAI],618734,,03/2023,1154.49,1319.18,,09/2027,,,2026-01,FlashReport_January_2026.pdf,Ministry of Road Transport & Highways,"Multi-States (Jharkhand, West Bengal)",09/2025
Roads & Highways,151,4L of NH-80 section of Mirza Chauki to Farakka section from existing km 190.00 to design km 200.75 junction at km 3.100 of NH 133 B and from existing km 260.00 to existing km 283.00 design km 274.133 in the state of Jharkhand package - II,National Highways Authority of India [NHAI],618948,,02/2025,782.18,,,01/2028,,,2026-01,FlashReport_January_2026.pdf,Ministry of Road Transport & Highways,"Multi-States (Jharkhand, West Bengal)",02/2026
Roads & Highways,152,4L/2L PS of Govindpur Raiganj - Chas - WB border section of from km. 0.00 to km. 56.889 of Old NH-32,National Highways Authority of India [NHAI],619104,,12/2017,1139.65,1154.8,,12/2019,,,2026-01,FlashReport_January_2026.pdf,Ministry of Road Transport & Highways,"Multi-States (Jharkhand, West Bengal)",
Roads & Highways,153,Thalassery Mahe Bypass Km 170.600 to Km 189.200 of NH-17New NH-66 in Kerala,National Highways Authority of India [NHAI],619097,,09/2017,1181.12,1573.18,,05/2020,06/2023,,2026-01,FlashReport_January_2026.pdf,Ministry of Road Transport & Highways,"Multi-States (Kerala, Puducherry)",12/2017
Roads & Highways,154,4L Shahpur to Muktainagar from Km. 186.000 to km 216.278 of NH 753L Pkg II of Boregaon Buzurg to Muktainagar,National Highways Authority of India [NHAI],619101,,12/2022,784.35,659.52,,03/2026,,,2026-01,FlashReport_January_2026.pdf,Ministry of Road Transport & Highways,"Multi-States (Madhya Pradesh, Maharashtra)",03/2024
Roads & Highways,155,4L of Chowka to Kaimaha near MP/UP Border section NH-34 from D. Ch. 145.000 to D. Ch. 197.266 excluding existing Chhatarpur bypass from D. Ch. 160.307 to D. Ch. 168.630 Package-4,National Highways Authority of India [NHAI],618668,,10/2024,996.5,846.68,,09/2027,,,2026-01,FlashReport_January_2026.pdf,Ministry of Road Transport & Highways,"Multi-States (Madhya Pradesh, Uttar Pradesh)",09/2025
Roads & Highways,156,Road Safety Improvement of Critical Junctions on MuzaffarnagarHaridwar Section of NH-334 from Km 143000 to Km 196000,National Highways Authority of India [NHAI],618886,,04/2025,238.66,0.1,,10/2027,,,2026-01,FlashReport_January_2026.pdf,Ministry of Road Transport & Highways,"Multi-States (Uttar Pradesh, Uttarakhand)",10/2025
Roads & Highways,157,6L of Bhubaneswar - Jagatpur - Chandikhole Section of NH-16,National Highways Authority of India [NHAI],619075,,12/2011,639.3,632.89,,06/2014,,,2026-01,FlashReport_January_2026.pdf,Ministry of Road Transport & Highways,Odisha,
Roads & Highways,158,"Balance work of 8 nos. of Elephant Underpasses EUPs, 1 no. of Vehicular Underpass VUP, 1 nos. of Light Vehicular Underpass LVUP, 1 nos. of Pedestrian Underpass PUP, 1 nos. of Foot Over Bridge FOB and A2 side approach of Jharpokharia Flyover at Km.215.270 in Baharagora-Singhara section of NH-49",National Highways Authority of India [NHAI],618592,,09/2023,320.64,244.85,,05/2026,,,2026-01,FlashReport_January_2026.pdf,Ministry of Road Transport & Highways,Odisha,11/2024
Roads & Highways,159,Construction of Daspalla Bypass from km 195.250 To 200.635 of NH-57 including land acquisition in the state of Odisha on EPC mode under Annual Plan 2022-23.,MoRTH,617923,,02/2023,155.97,,,05/2027,,,2026-01,FlashReport_January_2026.pdf,Ministry of Road Transport & Highways,Odisha,05/2025
Roads & Highways,160,Greenfield connectivity from Govindsar village on Delhi Amritsar Katra Expressway to Talwara village on NH-44 Pathankot by-pass,National Highways Authority of India [NHAI],618551,,11/2024,666.81,690.47,,07/2027,,,2026-01,FlashReport_January_2026.pdf,Ministry of Road Transport & Highways,Punjab,07/2025
Roads & Highways,161,6L Amritsar-Bathinda Greenfield section from Jn. with Moga Jalandhar road NH-703 near Dharamkot to Jn. with Bhagta Bhai Ka-Bhadaur Road near Dyalpura Bhai Ka from km 39.000 to km 93.000 of NH-754A Pkg-2,National Highways Authority of India [NHAI],619099,,03/2021,1801.37,2172.71,,06/2026,,,2026-01,FlashReport_January_2026.pdf,Ministry of Road Transport & Highways,Punjab,06/2024
Roads & Highways,162,6L Access Controlled Ludhiana-Bathinda Greenfield highway from Jn. with Moga- Barnala Road NH-703 near village Tallewal to Jn. with Delhi-Katra Expressway NE-5 near Ludhiana village Ballowal from Km 30.300 to Km 75.543 of NH-754AD Pkg-2,National Highways Authority of India [NHAI],619105,,07/2021,1555.13,1564.66,,09/2027,,,2026-01,FlashReport_January_2026.pdf,Ministry of Road Transport & Highways,Punjab,09/2025
Roads & Highways,163,Mayjilar Jaisalmer with Jaisalmer Bypass Link Road Section of NH-11 Part of BM-7 & Sundra Myajilar Ambsingh ki Dhani Road part of Munabao Tanot project NH-70,National Highways Authority of India [NHAI],618797,,03/2025,1237.71,927.02,,12/2027,,,2026-01,FlashReport_January_2026.pdf,Ministry of Road Transport & Highways,Rajasthan,12/2025
Roads & Highways,164,Thumbipadi-Namakkal from km. 180.00 to km. 248.625 Package No. NS-2/BOT/TN-02,National Highways Authority of India [NHAI],619083,,08/2006,255.53,395.43,,02/2009,,,2026-01,FlashReport_January_2026.pdf,Ministry of Road Transport & Highways,Tamil Nadu,
Roads & Highways,165,Start of Karur Bypass - Dindigul from km. 292.600 to km. 305.600 Contract Package No. NS2/BOT/TN-4,National Highways Authority of India [NHAI],619084,,10/2006,461.54,515.03,,04/2009,,,2026-01,FlashReport_January_2026.pdf,Ministry of Road Transport & Highways,Tamil Nadu,
Roads & Highways,166,Chengapalli km 102.035 to Neelambur Km144.680 and Madukkarai Km 170.880 to Walayar K183.010 Package No. NS-2/BOT/TN-08,National Highways Authority of India [NHAI],619086,,09/2010,852.0,285.55,,03/2013,,,2026-01,FlashReport_January_2026.pdf,Ministry of Road Transport & Highways,Tamil Nadu,
Roads & Highways,167,6-laning of Krishnagiri Km.0.000 to Walajahpet Km.148.300 section on NH-46 under NHDP-V,National Highways Authority of India [NHAI],619074,,06/2011,1673.17,781.74,,12/2013,,,2026-01,FlashReport_January_2026.pdf,Ministry of Road Transport & Highways,Tamil Nadu,
Roads & Highways,168,Salem - Ulundurpet section from km 0.313 to km 136.670 of NH-68,National Highways Authority of India [NHAI],618943,,01/2008,861.23,1019.85,,01/2011,,,2026-01,FlashReport_January_2026.pdf,Ministry of Road Transport & Highways,Tamil Nadu,
Roads & Highways,169,Access Controlled Highway of 4 Lane with Paved Shoulders from Tiruvallur Design Chainage Km 1756 to TN/AP Broder Design Chainage Km 6151 of NH-716 Chennai- Tirupati Package-1,National Highways Authority of India [NHAI],619161,,03/2024,1376.1,1247.7,,12/2026,,,2026-01,FlashReport_January_2026.pdf,Ministry of Road Transport & Highways,Tamil Nadu,12/2024
Roads & Highways,170,4L of Padalur - Trichy section from km. 285.00 to km. 325.00 of NH - 45 Pkg VI-C,National Highways Authority of India [NHAI],619113,,11/2006,555.8,235.8,,05/2009,,,2026-01,FlashReport_January_2026.pdf,Ministry of Road Transport & Highways,Tamil Nadu,
Roads & Highways,171,Construction of New Double Tier 4L Elevated Corridor from Chennai Port to Maduravoyal in Chennai District from km -0.342 to Km 20.593 and Package III from Km 9.700 to Km 14.185,National Highways Authority of India [NHAI],619139,,03/2023,1299.36,1299.36,,05/2026,,,2026-01,FlashReport_January_2026.pdf,Ministry of Road Transport & Highways,Tamil Nadu,11/2023
Roads & Highways,172,Thanamcherla-Jamandlapally 2LPS,National Highways Authority of India [NHAI],619165,,03/2014,177.18,18.65,,02/2023,,,2026-01,FlashReport_January_2026.pdf,Ministry of Road Transport & Highways,Telangana,
Roads & Highways,173,4L Access Controlled Greenfield Highway Section Mancherial Warangal from Pangidipalle village at Design Ch. 72.350 Km to Oorugonda village at Design Ch. 112.240 KmPackage-III,National Highways Authority of India [NHAI],618811,,03/2023,1183.71,1170.64,,06/2027,,,2026-01,FlashReport_January_2026.pdf,Ministry of Road Transport & Highways,Telangana,06/2025
Roads & Highways,174,4L Access Controlled Greenfield Highway section on NH163G Warangal-Khammam from Oorugonda village in Hanamkonda District at Design Ch. 112.240 Km to Venkatpur village in Warangal District at Design Ch. 150.240 KmPackage-I,National Highways Authority of India [NHAI],618814,,03/2023,1142.6,1140.82,,06/2027,,,2026-01,FlashReport_January_2026.pdf,Ministry of Road Transport & Highways,Telangana,06/2025
Roads & Highways,175,4L Access Controlled Greenfield Highway section on NH-163G Warangal-Khammam from Thallasenkesa village at Design Ch. 189.650 km to V.Vekatayapalem village in Khammam District at Design Ch. 220.480 KmPackage-III,National Highways Authority of India [NHAI],618816,,03/2023,1105.25,1098.05,,07/2027,,,2026-01,FlashReport_January_2026.pdf,Ministry of Road Transport & Highways,Telangana,07/2025
Roads & Highways,176,4L Access Controlled Greenfield Highway section on NH-163G Khammam Vijayawada from V. Venkatayapalem village at Design Ch. 220.480 Km to BrahmanapalliK village at Design Ch. 250.400 Km Package-I.,National Highways Authority of India [NHAI],618817,,03/2023,973.45,1021.96,,03/2027,,,2026-01,FlashReport_January_2026.pdf,Ministry of Road Transport & Highways,Telangana,07/2024
Roads & Highways,177,Construction of two lane with paved shoulders bypass to Mungrabadshapur town starting from near Kodahu at Km 47/225 of NH-319D and ending near Nauwadandi at Km 219/720 of NH-31 under NHO in the state of Uttar Pradesh on EPC mode,National Highways Authority of India [NHAI],618843,,02/2025,197.6,165.28,,03/2027,,,2026-01,FlashReport_January_2026.pdf,Ministry of Road Transport & Highways,Uttar Pradesh,09/2025
Roads & Highways,178,Construction of Underpass beneath airport runway on NH-31 old NH-56 for proposed expansion of runway of Babatpur Airport Varanasi,National Highways Authority of India [NHAI],618848,,02/2025,649.44,,,09/2027,,,2026-01,FlashReport_January_2026.pdf,Ministry of Road Transport & Highways,Uttar Pradesh,09/2025
Roads & Highways,179,"Four Lane Highway from Chandan Nagar Existing Km. 59.025 of NH 530B/Design Km. 179.5000 to Bareilly BypassStartExisting Km. 59.025 of NH 530B/Design Km. 218.000 Section of NH 530B, in the State of Uttar Pradesh on HAM Mode under NH0",National Highways Authority of India [NHAI],618866,,12/2024,2077.0,1112.44,,11/2027,,,2026-01,FlashReport_January_2026.pdf,Ministry of Road Transport & Highways,Uttar Pradesh,11/2025
Roads & Highways,180,4L Kasganj-Badaun Section from Km. 123.100 to Km. 179.500 Pkg-III of NH530B,National Highways Authority of India [NHAI],618867,,03/2023,2009.11,1936.61,,05/2027,,,2026-01,FlashReport_January_2026.pdf,Ministry of Road Transport & Highways,Uttar Pradesh,05/2025
Roads & Highways,181,"Construction of 4/6 lane Highway of Southern Bareilly Bypass, starting at Ch. 237000 of NH 530 near Jhumka chauraha, Dhantiya village and ending at Ch. 267000 of NH 30 near Invertis University including Trumpet Interchange",National Highways Authority of India [NHAI],618869,,12/2024,1122.02,1869.59,,06/2028,,,2026-01,FlashReport_January_2026.pdf,Ministry of Road Transport & Highways,Uttar Pradesh,12/2025
Roads & Highways,182,4/6L of Northern Ayodhya Bypass starting Km. 112.540 and ending Km. 139.928 north of existing NH-27 part-1 and part-2 south of NH-27 from km 0.000 to km 5.000.,NHAI,618567,,08/2024,2289.34,1834.25,,01/2028,,,2026-01,FlashReport_January_2026.pdf,Ministry of Road Transport & Highways,Uttar Pradesh,07/2025
Roads & Highways,183,4 Lane Inner Ring Road around Allahabad City Pkg-1 Prayagraj Southern Bypass 34.400 43.200,National Highways Authority of India [NHAI],618961,,02/2025,775.94,498.97,,12/2027,,,2026-01,FlashReport_January_2026.pdf,Ministry of Road Transport & Highways,Uttar Pradesh,12/2025
Roads & Highways,184,"Rehabilitation & Up-gradation from design Km. 0.000 to Km. 69.280 of NH-931 Pratapgarh - Amethi - Gauriganj -Musafirkhana to two lane with paved shoulder on Engineering, Procurement & Construction EpC mode in the State of Uttar Pradesh",MoRTH,618067,,05/2023,1086.3,,,11/2027,,,2026-01,FlashReport_January_2026.pdf,Ministry of Road Transport & Highways,Uttar Pradesh,11/2025
Roads & Highways,185,Construction of 4 lane Mirzapur bypass including bridge over river Ganga from km 0.000 to km 15.000 of NH 135A in the State of Uttar Pradesh on HAM Mode.,MoRTH,618247,,03/2024,1708.62,,,01/2029,,,2026-01,FlashReport_January_2026.pdf,Ministry of Road Transport & Highways,Uttar Pradesh,01/2026
Roads & Highways,186,Widening to 4 lane from km. 139.00 to km 179.20 of NH-135A Pkg-III Jaunpur Akbarpur section and Akbarpur bypass on Hybrid Annuity Mode in the state of Uttar Pradesh.,MoRTH,618248,,05/2023,1653.15,,,01/2028,,,2026-01,FlashReport_January_2026.pdf,Ministry of Road Transport & Highways,Uttar Pradesh,01/2026
Roads & Highways,187,Construction of Ring Road around Kanpur from Ch.68.650 to Ch.93.209 Jarkala to Pakari Package-IV in State of Uttar Pradesh.,National Highways Authority of India [NHAI],618536,,02/2023,1603.53,1192.16,,06/2027,,,2026-01,FlashReport_January_2026.pdf,Ministry of Road Transport & Highways,Uttar Pradesh,12/2024
Roads & Highways,188,Construction of Ring Road around Kanpur from Ch.23.325 to Ch.32.090 Chaudhariya to Transganga Package-IIA,National Highways Authority of India [NHAI],618540,,08/2024,1089.41,977.45,,10/2027,,,2026-01,FlashReport_January_2026.pdf,Ministry of Road Transport & Highways,Uttar Pradesh,11/2025
Roads & Highways,189,lmprovement and Up-gradation from Km. 73.300 Bikapur to Km.140.960 Patranga of NH-227B 84 Kosi Parikrama Marg to 2LPS along with Parikrama Path,MoRTH,618116,,11/2022,1679.75,,,01/2028,,,2026-01,FlashReport_January_2026.pdf,Ministry of Road Transport & Highways,Uttar Pradesh,01/2026
Roads & Highways,190,"Improvement and up-gradation to 2LPS of NH-227B 84-Kosi Parikrama Marg PackageVI, Design Km 160200 Bahuvan Madar Majha to Km 224040 Jagarnathpur under HAM",MoRTH,618162,,05/2023,2008.7,,,01/2028,,,2026-01,FlashReport_January_2026.pdf,Ministry of Road Transport & Highways,Uttar Pradesh,01/2026
Roads & Highways,191,"Rehabilitation and upgradation of Salon - Jais - Jagdishpur Road section of NH-931A, from design Chainage km 0.000 to km 5.740 to four lane divided carriageway and from design Chainage km 5.740 to km 53.500 to two lane with paved Total length km 53.500 along with One time improvement in 04 no's of realigned/bypassed built-up areas in a total length of 9.732 km in the state of Uttar Pradesh on EPC mode",MoRTH,618187,,05/2023,947.15,,,10/2027,,,2026-01,FlashReport_January_2026.pdf,Ministry of Road Transport & Highways,Uttar Pradesh,10/2025
Roads & Highways,192,"Construction of Salempur bypass to 4LPS from km 64.000 of NH-727A Km 171.00 of Sonauli Balia Marg, old SH-01, near Mahadahan Chauraha to km 61.500 of NH-727B Km 178.500 of Sonauli Balia Marg, old SH-01, near near Ahirauli Village under Hybrid Annuity Mode HAM in the State of Uttar Pradesh",MoRTH,618260,,03/2022,1348.06,,,11/2027,,,2026-01,FlashReport_January_2026.pdf,Ministry of Road Transport & Highways,Uttar Pradesh,11/2025
Roads & Highways,193,Construction of Deoria Bypass from existing Km. 27.140 to existing Km. 46.780 Design Km. 49.109 on NH727A Design length 21.969 Km. to four lane with paved shoulder configuration under Hybrid Annuity Mode HAM in the State of Uttar Pradesh,MoRTH,618262,,03/2023,1734.7,,,07/2027,,,2026-01,FlashReport_January_2026.pdf,Ministry of Road Transport & Highways,Uttar Pradesh,08/2025
Roads & Highways,194,"Widening and Strengthening to two Lane with Paved Shoulder/Four Lane with paved shoulder configuration from km. 61.500 of NH-727B near Nawalpur km 178.500 of Sonauli Balia Marg, Old SH-01 i.e. end point of Salempur Bypass to km. 106.495 of NH-727B near Sikanderpur under EPC mode",MoRTH,618264,,05/2023,2061.86,,,05/2028,,,2026-01,FlashReport_January_2026.pdf,Ministry of Road Transport & Highways,Uttar Pradesh,12/2025
Roads & Highways,195,"STABILIZATION OF LAND SLIDE AND SLOPE PROTECTION AT KM 11.00 TO KM 11.08, 29,730 KM TO 30,060 KM, 30,400 KM TO 31,060 KM, 34,750 KM TO 35,300 KM, 38,950 KM TO 39,030 KM & 39,460 KM TO 39,540 KM TWO LOC CLUBBED, KM 40,400 TO KM 40,650, KM 43,500 KM 43,680, 52,460 RISHIKESH - DHARASU ROAD NH-94 ON EPC MODE IN THE STATE OF UTTARAKHAND. NOSE OF LAND SLIDE - 12 NOS",MoRTH,618212,,01/2024,197.26,,,04/2027,,,2026-01,FlashReport_January_2026.pdf,Ministry of Road Transport & Highways,Uttarakhand,10/2025
Roads & Highways,196,Widening to 2 Lane from Existing Chainage Km 74.700 Km 100.660 Design Chainage Km 53.365 to Km 78.785 on NH- 507 in the State of Uttarakhand.,MoRTH,618039,,01/2024,346.82,,,04/2028,,,2026-01,FlashReport_January_2026.pdf,Ministry of Road Transport & Highways,Uttarakhand,10/2025
Roads & Highways,197,Rehabilitation and upgrading to two lanes with paved shoulders and Strengthening of Kotdwar-Pauri-Srinagar road section from Km 232.00 to 274.470 on NH-119 New 534 Paidul to Srinagar in the State of Uttarakhand on EPC Mode under NHO Annual Plan 2021-22.,MoRTH,618041,,02/2022,299.31,,,12/2027,,,2026-01,FlashReport_January_2026.pdf,Ministry of Road Transport & Highways,Uttarakhand,12/2025
Roads & Highways,198,Rehabilitation and upgradation of 2 lane with paved shoulder from existing km. 195.175 to km. 220.000 Design Chainage km71.300 to Km. 95.947 Excluding existing chainage Km 200.300 to Km 202.400 Design chainage Km 76.400 to Km 78.400 on Dharasu to Yamunotri Road of NH- 134 Old NH-94,MoRTH,617974,,05/2025,344.73,,,04/2028,,,2026-01,FlashReport_January_2026.pdf,Ministry of Road Transport & Highways,Uttarakhand,10/2025
Roads & Highways,199,Construction of Champawat Bypass with two lane with paved shoulder configuration starting from existing chainage 121.700 to existing chainage 129.450 Design Length 9.847 of NH-125 in District-Champawat in the state of Uttrakhand on EPC mode.,MoRTH,617890,,02/2025,220.89,,,12/2027,,,2026-01,FlashReport_January_2026.pdf,Ministry of Road Transport & Highways,Uttarakhand,01/2026
Roads & Highways,200,Construction of 4-lane connectivity to Banbasa ICP at India Nepal border from NH-09 old NH-125 Sitarganj-Tanakpur at Km 40.00 near Jagbuda bridge under Bharatmala Priyojana of NH-109D on EPC mode in the State of Uttarakhand,National Highways Authority of India [NHAI],619142,,06/2022,216.97,237.01,,09/2024,04/2027,,2026-01,FlashReport_January_2026.pdf,Ministry of Road Transport & Highways,Uttarakhand,03/2023
Roads & Highways,201,Construction of additional major Bridge with 4- lane configuration of length 1.48 km on NH-60 NH-14 over River Kangshabati from Km. 117.770 to Km 119.250 and additional major Bridge with 4- lane configuration of length 0.900 km on NH-60 NH-14 over River Shilabati from Km. 173.220 to Km 174.120 in the district of Paschim Medinipur of West Bengal under Annual Plan for FY 2023-24 on EPC mode. Job No 014-W8-2023- 24/527.,MoRTH,617893,,11/2023,304.83,,,05/2028,,,2026-01,FlashReport_January_2026.pdf,Ministry of Road Transport & Highways,West Bengal,11/2025
Roads & Highways,202,"Construction of Dubrajpur Bypass with 4-lane configuration of length 5.676 km on NH- 60 new NH-14 from design chainage 0.00 existing km 316.135 on NH-60 to design chainage 5.676 existing km 320.980 on NH-60 in the district of Birbhum, West Bengal under Annual Plan 2022-23 in EPC Mode- reg. Job. No. 014-WB-2022-23/518.",MoRTH,619004,,03/2023,560.79,,,12/2027,,,2026-01,FlashReport_January_2026.pdf,Ministry of Road Transport & Highways,West Bengal,12/2025
Roads & Highways,203,Binnaguri Bypass-Descoped portion of Ghoshpukur-Dhupguri Section of NH-31Dpkg-1,National Highways Authority of India [NHAI],618572,,03/2025,309.99,306.02,,11/2027,,,2026-01,FlashReport_January_2026.pdf,Ministry of Road Transport & Highways,West Bengal,11/2025
Water Resources,1,Ken-Betwa Linking Development Project,"Department of Water Resources, River Development,",701530,,03/2022,21030.0,,,03/2029,,,2026-02,FlashReport_February_2026.pdf,"Department of Water Resources, River Development & GR","Multi-States (Madhya Pradesh, Uttar Pradesh)",
Water Resources,2,"Subernarekha Project, Odisha","Department of Water Resources, River Development & GR",701402,,01/1998,3055.88,7023.19,,12/2019,03/2026,,2026-02,FlashReport_February_2026.pdf,"Department of Water Resources, River Development & GR",Odisha,
Coal,3,RPR FOR DURGAPUR OCP 10 MTY,SECL - CIL,619171,,09/2025,2415.91,,,03/2032,,,2026-02,FlashReport_February_2026.pdf,Ministry of Coal,Chhattisgarh,09/2025
Coal,4,MADANNAGAR OCP 12 MTY - MDO,SECL - CIL,619172,,12/2024,1859.19,,,03/2029,,,2026-02,FlashReport_February_2026.pdf,Ministry of Coal,Chhattisgarh,12/2024
Oil & Gas,5,Provision of four bitumen tanks with capacity of 5 TMT each at Visakh Refinery,Ministry of Petroleum and Natural Gas,619226,,09/2025,258.34,,,03/2028,,,2026-02,FlashReport_February_2026.pdf,Ministry of Petroleum & Natural Gas,Andhra Pradesh,09/2025
Oil & Gas,6,Change of service of existing Mundra-Panipat Pipeline [Panipat - Churwa section] from Crude oil to Product,IOCL,619196,,05/2025,359.0,,,03/2027,,,2026-02,FlashReport_February_2026.pdf,Ministry of Petroleum & Natural Gas,Haryana,05/2025
Oil & Gas,7,Petro Resid Fluidized Catalytic Cracking [PRFCC] Unit and its associated facilities at Mumbai Refinery,Ministry of Petroleum & Natural Gas,619223,,05/2025,13626.0,,,09/2029,,,2026-02,FlashReport_February_2026.pdf,Ministry of Petroleum & Natural Gas,Maharashtra,05/2025
Oil & Gas,8,Augmentation of DUPL-DPPL Pipeline,Ministry of Petroleum & Natural Gas,619224,,06/2025,844.0,,,03/2028,,,2026-02,FlashReport_February_2026.pdf,Ministry of Petroleum & Natural Gas,Maharashtra,06/2025
Oil & Gas,9,Installation of Compression facility at GAIL Usar,Ministry of Petroleum & Natural Gas,619225,,04/2025,260.2,,,04/2027,,,2026-02,FlashReport_February_2026.pdf,Ministry of Petroleum & Natural Gas,Maharashtra,04/2025
Oil & Gas,10,Kanpur LPG Bottling Plant,MinistryofPetroleumNaturalGas,619191,,09/2025,202.0,,,09/2027,,,2026-02,FlashReport_February_2026.pdf,Ministry of Petroleum & Natural Gas,Uttar Pradesh,09/2025
Roads & Highways,11,"Rehabilitation and up-gradation of section to Intermediate/2-Lane with hard shoulder from Km 107.760 to Km 129.445 After Middle strait to Humphrey, Km 130.600 to Km 138.00 After Humphrey to Kadamtala & Km 155.00 to Km 181.0 End of Jarwa to Rangat of NH-04 in UT of A&N on EPC Package-IIIA",NHIDCL,619184,,02/2018,207.45,376.48,,09/2025,,,2026-02,FlashReport_February_2026.pdf,Ministry of Road Transport & Highways,Andaman & Nicobar,03/2024
Roads & Highways,12,Rehabilitation and up-gradation and completion of balance work of section from Km 155.00 to Km 181.00 End of Jarwa to Rangat of NH -4 Total length 26 Km to Intermediate Lane/2-lane with hard shoulders in the UT of A&N Islands on EPC basis - Package-III.B Balance work,NHIDCL,619185,,02/2018,183.56,333.12,,10/2025,,,2026-02,FlashReport_February_2026.pdf,Ministry of Road Transport & Highways,Andaman & Nicobar,05/2024
Roads & Highways,13,Construction of Balance works of Major Bridge over Middle Strait Creek between Km.106.590 to km108.553 of NH-04 connecting South Andaman & Baratang Island in the Union Territory of Andaman & Nicobar Islands on EPC basis,NHIDCL,619186,,03/2015,262.96,371.88,,02/2026,,,2026-02,FlashReport_February_2026.pdf,Ministry of Road Transport & Highways,Andaman & Nicobar,05/2024
Roads & Highways,14,6L Connectivity to Port Road from Sabbavaram Sheelanagar-NH516C,National Highways Authority of India [NHAI],618805,,12/2024,977.33,,,02/2028,,,2026-02,FlashReport_February_2026.pdf,Ministry of Road Transport & Highways,Andhra Pradesh,02/2026
Roads & Highways,15,Improvement of 4L road to 6L road and 4L dedicated Port Roads for the Port connectivity road from Convent junction to Sheelanagar Junction,National Highways Authority of India [NHAI],618806,,01/2023,685.99,680.21,,02/2026,,,2026-02,FlashReport_February_2026.pdf,Ministry of Road Transport & Highways,Andhra Pradesh,02/2024
Roads & Highways,16,Access Controlled Highway of 4 Lane with Paved Shoulders from TN/AP Border Design Chainage Km 6151 to Puttur Design Chainage Km 81540 of NH-716 & 6 Lane with Paved Shoulders from Mallavaram to Renigunta,National Highways Authority of India [NHAI],618920,,03/2024,1346.82,1260.37,,12/2026,,,2026-02,FlashReport_February_2026.pdf,Ministry of Road Transport & Highways,Andhra Pradesh,12/2024
Roads & Highways,17,4-laning of Puttaparthi-Koduru Section of NH-342,MoRTH,618013,,10/2022,1318.59,909.19,,11/2025,,,2026-02,FlashReport_February_2026.pdf,Ministry of Road Transport & Highways,Andhra Pradesh,11/2023
Roads & Highways,18,Kondamodu to Perecherla Section Design Ch. Km 000 to Km 49917 of NH-167AG to to 4LPS,MoRTH,618101,,10/2024,881.61,,,04/2027,,,2026-02,FlashReport_February_2026.pdf,Ministry of Road Transport & Highways,Andhra Pradesh,04/2025
Roads & Highways,19,Rehabilitation and upgradation from Km 22300 to 58635 of MudireddyPalle to Kadapa/Nellore Border via porumamilla Section of NH 167 Two Lane with paved Shoulder in,MoRTH,618103,,03/2022,279.29,,,04/2026,,,2026-02,FlashReport_February_2026.pdf,Ministry of Road Transport & Highways,Andhra Pradesh,10/2024
Roads & Highways,20,Widening of Existing Road to Two Lane with Paved Shoulder Configuration from Km 0.00 to 26.000 & Km 45.200 To 59.622 Of NH 365BB in the State of Andhra Pradesh Under Annual Plan 2023-24 through EPC Mode,MoRTH,618193,,01/2024,368.63,,,12/2026,,,2026-02,FlashReport_February_2026.pdf,Ministry of Road Transport & Highways,Andhra Pradesh,04/2025
Roads & Highways,21,Rehabilitation and Up-gradation of Dhindi - Digamarru section from Km 126/510 to Km 135/740 of NH -214New NH -216 and digamarru -Losari section from Km 0/000 tp Km 34/230 of NH-214 ANew Nh-216 to two lane with paved shoulder in the state of AP-NH,MoRTH,618236,,02/2016,316.06,288.76,,05/2018,07/2020,,2026-02,FlashReport_February_2026.pdf,Ministry of Road Transport & Highways,Andhra Pradesh,05/2016
Roads & Highways,22,"Rehabilitation & Upgradation of NH214New NH-216 from Km 34/230 to Km 84/550 Losari to Machavaram Section to two lane with paved shoulder in the state of Andhrapradesh under NHDP-IV through Engineering, Procurement& Construction EPC mode.",MoRTH,618239,,03/2016,445.22,459.37,,09/2018,10/2023,,2026-02,FlashReport_February_2026.pdf,Ministry of Road Transport & Highways,Andhra Pradesh,09/2016
Roads & Highways,23,Construction of 6 lane elevated corridor including its approaches from Km. 629880 to Km. 634470 Design Chainage of NH-16 in Ranasthalam Town portion in the state of Andhra Pradesh on EPC Mode under NHO.,National Highways Authority of India [NHAI],618524,,07/2024,257.98,192.85,,03/2027,,,2026-02,FlashReport_February_2026.pdf,Ministry of Road Transport & Highways,Andhra Pradesh,03/2025
Roads & Highways,24,6L of Gundugolanu Design km 1023.280 to Kalaparru Design km 1050.680 of NH-5 New NH-16,National Highways Authority of India [NHAI],618526,,10/2018,665.59,665.59,,07/2021,04/2022,,2026-02,FlashReport_February_2026.pdf,Ministry of Road Transport & Highways,Andhra Pradesh,01/2020
Roads & Highways,25,Nandigama Bypass and Kanchikacherla bypass,National Highways Authority of India [NHAI],618629,,11/2017,416.07,444.58,,06/2019,04/2022,,2026-02,FlashReport_February_2026.pdf,Ministry of Road Transport & Highways,Andhra Pradesh,03/2018
Roads & Highways,26,6L Korlam-Kantakapalle Section of NH-130CD Road from Km 421.100 to Km 445.100 Pkg-3,National Highways Authority of India [NHAI],618682,,02/2021,1112.7,1127.63,,02/2024,,,2026-02,FlashReport_February_2026.pdf,Ministry of Road Transport & Highways,Andhra Pradesh,02/2022
Roads & Highways,27,Construction of 2-Laning with hard shoulders of Demwe-Brahmakund section of NH-13 from Ch.0.00 km to 18.464 km on EPC under SARDP-NE NHO-NE -Balance Work,NHIDCL,618445,,08/2020,353.9,,,12/2027,,,2026-02,FlashReport_February_2026.pdf,Ministry of Road Transport & Highways,Arunachal Pradesh,06/2025
Roads & Highways,28,Construction of lntermediate Lane Road with hard shoulder from design chainage Km 0.000 to Km 53.040 Existing Length68.500 Km & Total Design length 53.04 km of Tato to Monigong section of NH-913 Frontier Highway on Nafra Bomdila to Vijaynagar along China border in state of Arunachal pradesh on EPC mode,NHIDCL,618404,,12/2023,625.61,,,11/2027,,,2026-02,FlashReport_February_2026.pdf,Ministry of Road Transport & Highways,Arunachal Pradesh,05/2025
Roads & Highways,29,2L with ES of Yagyi - Kalewa section from Milepost 40/0 to Milepost 115/5 in Myanmar,National Highways Authority of India [NHAI],618958,,12/2017,1200.14,1200.14,,06/2023,02/2024,,2026-02,FlashReport_February_2026.pdf,Ministry of Road Transport & Highways,Assam,05/2018
Roads & Highways,30,Umagaon - Saharsa Package - I Combined Umagaon-Kaluahi0.000KM to 21.609Km of NH227LSaharghat-Rahika0.000 Km to 26.130KM of NH227JRahika-Rampatti 0.00 KM to 15.00KM of NH527ABideshwarsthan-Bheja0.000KM to 25.915KM of NH527A.,NHAI,618954,,08/2022,1473.2,1703.02,,07/2027,,,2026-02,FlashReport_February_2026.pdf,Ministry of Road Transport & Highways,Bihar,01/2025
Roads & Highways,31,Construction of Major Bridge over Baghmati and Lakhandei River along with Approaches from Design km.16.500 to km.21.500,NHAI,618956,,02/2024,498.97,380.3,,04/2027,,,2026-02,FlashReport_February_2026.pdf,Ministry of Road Transport & Highways,Bihar,10/2024
Roads & Highways,32,4L of Siwan- Masrakh section of Ram Janki Marg from Km 230.385 to Km 281.391 of NH-227A,National Highways Authority of India [NHAI],618926,,08/2022,1431.36,1927.04,,11/2026,,,2026-02,FlashReport_February_2026.pdf,Ministry of Road Transport & Highways,Bihar,11/2024
Roads & Highways,33,Widening with additional 3L abetting Chhapra Bypass Section of NH-19 from Km. 143.200 to Km. 159.255 Pkg-1,National Highways Authority of India [NHAI],618905,,02/2024,470.5,528.48,,08/2026,,,2026-02,FlashReport_February_2026.pdf,Ministry of Road Transport & Highways,Bihar,08/2024
Roads & Highways,34,"4L Elevated Corridor and at-grade improvements from Design Ch0000 to Design Ch 19870 of Danapur Bihta Section, Design Ch0000 to Design Ch0231 connecting the existing RoB near Danapur station ,1.35 Km ramps and at-grade improvements to 4- lane section on Danapur side and Upgradation of existing Two lane carriageway to Four Lane carriageway from Design Ch19870 to Design Ch23500 of Bihta - Koilwar section",National Highways Authority of India [NHAI],618914,,10/2022,4432.97,2625.4,,09/2026,,,2026-02,FlashReport_February_2026.pdf,Ministry of Road Transport & Highways,Bihar,03/2024
Roads & Highways,35,4L Greenfield starting from NH-30 near Saristabad Patna to Nathupur Project end point of Patna-Gaya-Dobhi Section of NH-83,National Highways Authority of India [NHAI],618917,,07/2023,488.24,419.66,,08/2025,,,2026-02,FlashReport_February_2026.pdf,Ministry of Road Transport & Highways,Bihar,03/2024
Roads & Highways,36,Bakhtiyarpur-Rajauli Pkg-III from km. 101.630 to km.152.520,National Highways Authority of India [NHAI],618862,,09/2020,2156.22,3046.61,,06/2024,04/2025,,2026-02,FlashReport_February_2026.pdf,Ministry of Road Transport & Highways,Bihar,12/2021
Roads & Highways,37,4L of Galgalia - Bahadurganj section from Km 0.000 to Km 49.000 Package-I of NH327E,National Highways Authority of India [NHAI],618582,,01/2021,1282.97,1282.97,,01/2024,,,2026-02,FlashReport_February_2026.pdf,Ministry of Road Transport & Highways,Bihar,01/2022
Roads & Highways,38,4L of Bahadurganj Araria section from Km 49.000 to Km 94.000 Package-II of NH- 327E,National Highways Authority of India [NHAI],618583,,01/2021,1358.77,1358.77,,01/2024,05/2024,,2026-02,FlashReport_February_2026.pdf,Ministry of Road Transport & Highways,Bihar,01/2022
Roads & Highways,39,"Pre-Construction activities from Km 134.000 to Km 190.233 of NH-333A and Construction of 4 no. of Bypasses at Katoria, Lakhpura, Banka & Panjwara total length- 14.359 Km to two lane with paved shoulders standard in State of Bihar.",MoRTH,618126,,11/2022,479.37,,,12/2026,,,2026-02,FlashReport_February_2026.pdf,Ministry of Road Transport & Highways,Bihar,12/2024
Roads & Highways,40,"Upgradation of Ambikapur-Ramanujganj-Garwa road of NH-343, Package-III, Badki mahri village to Ramanujganj section from existing km 80.600 to km 110.330 Design Ch. 85.370 to Ch. 114.800 of total length 29.430 km to two lane with paved shoulders udner corridor scheme under EPC Mode in the of Chhattisgarh",MoRTH,618014,,03/2022,199.05,,,10/2026,,,2026-02,FlashReport_February_2026.pdf,Ministry of Road Transport & Highways,Chhattisgarh,05/2025
Roads & Highways,41,"Upgradation of Keonchi - Ratanpur Road of NH 45 Package-I, from design chainage km 237.860 to km 273.200 of length 35.340 km to two lane with paved shoulders under Corridor scheme on EPC mode in the state of Chhattisgarh.",MoRTH,618015,,03/2022,225.41,228.93,,01/2026,,,2026-02,FlashReport_February_2026.pdf,Ministry of Road Transport & Highways,Chhattisgarh,07/2024
Roads & Highways,42,"Upgradation of Ambikapur Ramanujganj - Garhwa Road NH 343 of Package-I, Rajpuri Khurd Village to Padih Village section from existing km 7.830 to km 57.650 Design Ch. 13.700 to Ch. 62.700 of total length 49.00 km to two lane with paved shoulders under EPC mode in the state of Chhattisgarh",MoRTH,618016,,03/2022,397.44,,,05/2027,,,2026-02,FlashReport_February_2026.pdf,Ministry of Road Transport & Highways,Chhattisgarh,05/2025
Roads & Highways,43,"Upgradation of Keonchi - Ratanpur Road of NH 45 Package-II, from design chainage km 278.75 to km 321.348 of length 42.598 km to two lane with paved shoulders under Corridor scheme on EPC mode in the state of Chhattisgarh.",MoRTH,618017,,03/2022,286.0,,,01/2026,,,2026-02,FlashReport_February_2026.pdf,Ministry of Road Transport & Highways,Chhattisgarh,07/2024
Roads & Highways,44,Upgradation of Bilaspur-Takhatpur-Mungeli-Pandariya-Pondi Road on N.H.-130A Package IIIA Takhatpur By-pass from existing Ch. 26.542 to 32.093 [Design Ch. 18.700 to 25.900] & Mungeli By-pass from existing Ch. 45.786 to 56.275 [Design Ch. 29.600 to 51.600] and Package IIIB Pandariya By-Pass from existing Ch. 82.582 to 87.133 [Design Ch. 77.900 to 81.1000 & Pondi By-pass from existing Ch. 103.166 to 104.756 [Design Ch. 97.000 to 103.395] to two lane with paved shoulder configuration in the,MoRTH,618018,,03/2022,351.19,,,07/2025,,,2026-02,FlashReport_February_2026.pdf,Ministry of Road Transport & Highways,Chhattisgarh,01/2024
Roads & Highways,45,Upgradation to Two lane with Paved Shoulder Configuration of Narayanpur Kasturmeta pkg-II from design ch. 48.693 to 70.453 design length21.760 Km. on NH-130D under EPC mode in the state of Chhattisgarh.,MoRTH,617972,,12/2022,200.67,,,06/2026,,,2026-02,FlashReport_February_2026.pdf,Ministry of Road Transport & Highways,Chhattisgarh,12/2024
Roads & Highways,46,Bemetara Bypass NH 30,MoRTH,617908,,01/2024,161.96,,,04/2027,,,2026-02,FlashReport_February_2026.pdf,Ministry of Road Transport & Highways,Chhattisgarh,04/2025
Roads & Highways,47,4L of Urga - Pathalgaon from Km. 70.200 to km. 157.745 of NH-130A,National Highways Authority of India [NHAI],618640,,03/2022,2261.3,2860.36,,08/2026,,,2026-02,FlashReport_February_2026.pdf,Ministry of Road Transport & Highways,Chhattisgarh,02/2024
Roads & Highways,48,4 laning of Champa - Korba from km 0.00 to km 38.2,National Highways Authority of India [NHAI],618957,,02/2021,1002.33,1304.47,,01/2024,,,2026-02,FlashReport_February_2026.pdf,Ministry of Road Transport & Highways,Chhattisgarh,01/2022
Roads & Highways,49,Widening of Existing Road from Intermediate Lane 2-lane to 4-lane Between Km 19.994 to Km 35.180 of NH-848A Rakholi-Khadoli-Velugam Section in U.T. of Dadra and Nagar Haveli and Daman and Diu,MoRTH,619183,,10/2022,198.06,239.57,,02/2026,,,2026-02,FlashReport_February_2026.pdf,Ministry of Road Transport & Highways,Dadra & Nagar Haveli and Daman & Diu,02/2024
Roads & Highways,50,Dwarka Expressway from Km -0.600 to Km 5.300 - Pkg-I Shivmurti Chowk-RuB near Dwarka Sector 21,National Highways Authority of India [NHAI],619202,,03/2018,2144.67,3929.5,,09/2022,02/2024,,2026-02,FlashReport_February_2026.pdf,Ministry of Road Transport & Highways,Delhi,09/2020
Roads & Highways,51,Construction of 4L Flyover from MES College Junction to Bogmalo Junction on NH-566 from Km. 7.106 to Km. 10.460 and 4L VUP at Queeny Nagar Junction from Km. 3.330 to Km. 4.550,National Highways Authority of India [NHAI],618609,,01/2024,463.08,316.28,,07/2026,,,2026-02,FlashReport_February_2026.pdf,Ministry of Road Transport & Highways,Goa,08/2024
Roads & Highways,52,4-Laning from End of Zuari approaches to Start of Margao Bypass section of NH-66 from Km 536.800 to Km 543.450,MoRTH,617941,,07/2024,398.25,,,02/2028,,,2026-02,FlashReport_February_2026.pdf,Ministry of Road Transport & Highways,Goa,02/2026
Roads & Highways,53,Development of Chiloda - Gandhinagar- Sarkhej ofNH-147 Package -II,MoRTH,617977,,04/2018,211.28,234.44,,11/2020,07/2022,,2026-02,FlashReport_February_2026.pdf,Ministry of Road Transport & Highways,Gujarat,11/2018
Roads & Highways,54,6L with PS of Samakhiyali to Santalpur section from km. 339.700 to Km. 430.100 of NH-27,National Highways Authority of India [NHAI],618564,,01/2023,1553.76,34.34,,12/2025,,,2026-02,FlashReport_February_2026.pdf,Ministry of Road Transport & Highways,Gujarat,12/2023
Roads & Highways,55,Vadodara Mumbai Expressway Ena -Kim Phase IB - Pkg VI [Km 217.500 to Km 254.430],National Highways Authority of India [NHAI],618464,,05/2020,2271.86,4297.28,,12/2023,11/2024,,2026-02,FlashReport_February_2026.pdf,Ministry of Road Transport & Highways,Gujarat,12/2021
Roads & Highways,56,Vadodara Mumbai Expressway Jujuwa - Gandeva from Km. 154.600 to Km. 190.000 Phase-I Package-VIII,National Highways Authority of India [NHAI],618466,,07/2023,3834.24,3820.2,,03/2026,,,2026-02,FlashReport_February_2026.pdf,Ministry of Road Transport & Highways,Gujarat,08/2024
Roads & Highways,57,Vadodara Mumbai Expressway Karvad - Jujuwa from Km. 128.000 to Km. 154.600 Phase-I Package-IX,National Highways Authority of India [NHAI],618467,,07/2023,2594.17,2587.04,,10/2025,,,2026-02,FlashReport_February_2026.pdf,Ministry of Road Transport & Highways,Gujarat,04/2024
Roads & Highways,58,"Balance work of Six Laning of Shamlaji-Motachiloda from Km. 401.200 to Km.494.410 section Design Chainage Km.447.385 to Km 540.595, Length- 93.210 Km of old NH-8 NH-48 in the state of Gujarat on single Percentage Item Rate Contract",National Highways Authority of India [NHAI],618507,,06/2024,466.8,501.48,,06/2025,,,2026-02,FlashReport_February_2026.pdf,Ministry of Road Transport & Highways,Gujarat,08/2024
Roads & Highways,59,Construction of Additional Structures including Approaches in Vadodara Surat Section of NH48 between existing Km. 108.000 to Km. 250.000,National Highways Authority of India [NHAI],618508,,03/2024,907.39,907.39,,01/2027,,,2026-02,FlashReport_February_2026.pdf,Ministry of Road Transport & Highways,Gujarat,01/2025
Roads & Highways,60,Delhi-Vadodara Greenfield Alignment NH-148N Pkg-27 Ch.729.700 to Ch.756.052,National Highways Authority of India [NHAI],619197,,09/2020,1185.69,1259.27,,02/2024,12/2024,,2026-02,FlashReport_February_2026.pdf,Ministry of Road Transport & Highways,Gujarat,02/2022
Roads & Highways,61,4L PS Divided Carriageway from Patan Near Rajpur to Gojariya From Km 52.000 to Km 128.940 of NH-68,National Highways Authority of India [NHAI],618901,,12/2021,1181.34,1098.23,,03/2025,,,2026-02,FlashReport_February_2026.pdf,Ministry of Road Transport & Highways,Gujarat,03/2023
Roads & Highways,62,Pipli Bhavnagar-Package 1 from km 136.025 to km 169.328,National Highways Authority of India [NHAI],618699,,03/2018,819.14,1297.38,,09/2021,,,2026-02,FlashReport_February_2026.pdf,Ministry of Road Transport & Highways,Gujarat,02/2019
Roads & Highways,63,Karnal ring road Lot-4/Pkg-1,National Highways Authority of India [NHAI],619201,,11/2022,1741.45,2041.54,,08/2025,,,2026-02,FlashReport_February_2026.pdf,Ministry of Road Transport & Highways,Haryana,08/2023
Roads & Highways,64,Delhi-Amritsar-Katra Expressway Phase-I Pkg-I from Jussur Kheri on NH-KMP Expressway to Junction with Rohtak-Panipat road NH-709 near Rukhi Paani village Km 0000 to Km 34000,National Highways Authority of India [NHAI],618482,,12/2020,1866.49,2429.9,,12/2023,02/2025,,2026-02,FlashReport_February_2026.pdf,Ministry of Road Transport & Highways,Haryana,12/2021
Roads & Highways,65,Delhi-Amritsar-Katra Expressway Phase-I Pkg-II from Junction with Rohtak-Panipat road NH-709 near Rukhi Paani village to Junction with Jind-Panipat road NH-352A near Gangana village Km 34000 to Km 60800,National Highways Authority of India [NHAI],618483,,12/2020,1533.87,1792.53,,01/2024,10/2024,,2026-02,FlashReport_February_2026.pdf,Ministry of Road Transport & Highways,Haryana,01/2022
Roads & Highways,66,"Construction of Additional Structures, Improvement of Service Road & Maintenance of Six Lane Gurgaon-Jaipur Section of NH-48 old NH-8 between km 42700 to km 107100 in the State of Haryana",National Highways Authority of India [NHAI],618506,,05/2024,401.74,240.02,,05/2027,,,2026-02,FlashReport_February_2026.pdf,Ministry of Road Transport & Highways,Haryana,05/2025
Roads & Highways,67,"Improvement/construction of existing CL-5 Road to NH Intermediate lane specification with hard shoulder from Km 166.000 to 203.77 net Length 37.770 kms of NH-505 Sumdo-Kaza-Gramphoo road in the state of Himachal Pradesh on EPC mode under project Deepak, BRO",MoRTH,618215,,06/2021,274.36,194.0,,06/2027,,,2026-02,FlashReport_February_2026.pdf,Ministry of Road Transport & Highways,Himachal Pradesh,06/2024
Roads & Highways,68,Rehabilitation and Upgradation to 2-lane configuration of Karnohal- Kalwahn Section km 181.00 to 208.950 of NH-70 in the State of Himachal Pradesh under Green National Highways Corridor Project GNHCP with the loan assistance of World Bank on EPC mode.Package-2,MoRTH,618232,,08/2020,251.62,190.02,,05/2026,,,2026-02,FlashReport_February_2026.pdf,Ministry of Road Transport & Highways,Himachal Pradesh,11/2023
Roads & Highways,69,Pandoh bypass 221.305 to Takoli 242.000 of NH-21 in the state of Himachal Pradesh,National Highways Authority of India [NHAI],618851,,06/2017,3419.95,4465.94,,09/2021,06/2026,,2026-02,FlashReport_February_2026.pdf,Ministry of Road Transport & Highways,Himachal Pradesh,03/2018
Roads & Highways,70,4L of Shakral Village to Dhalli Section from Km 146.300 to Km 156.560 Shimla Bypass - Pkg II and Shimla connectivity from Km 0.000 to Km 0.725 of NH-5,National Highways Authority of India [NHAI],618922,,04/2022,1956.26,2880.72,,03/2027,,,2026-02,FlashReport_February_2026.pdf,Ministry of Road Transport & Highways,Himachal Pradesh,03/2024
Roads & Highways,71,Rehabilitation and Upgradation to 2L PS configuration & Strengthening of Padhar to Bijni section from Km 180.000 to Km 202.815 of NH-154 Pkg-VA,National Highways Authority of India [NHAI],618879,,06/2022,930.86,930.86,,11/2026,,,2026-02,FlashReport_February_2026.pdf,Ministry of Road Transport & Highways,Himachal Pradesh,11/2024
Roads & Highways,72,Rehabilitation and Up-gradation to 4L configuration & Strengthening of Thanpuri to Paror section from Km 85.135 to Km 100.840 of NH-154 Pkg-IIC,National Highways Authority of India [NHAI],618880,,07/2022,815.68,666.79,,12/2025,,,2026-02,FlashReport_February_2026.pdf,Ministry of Road Transport & Highways,Himachal Pradesh,03/2024
Roads & Highways,73,4L PS from Kalar Bala Village to Nauni Chowk of NH 205 from Km 41.000 to Km 58.450,National Highways Authority of India [NHAI],618891,,01/2024,1244.43,786.91,,05/2027,,,2026-02,FlashReport_February_2026.pdf,Ministry of Road Transport & Highways,Himachal Pradesh,05/2025
Roads & Highways,74,"Widening and strengthening to 2 lane with paved shoulder from existing Ch. Km 56720 to Km 100820 and Design Ch. From Km 62600 to Km 106360 Total Length43.760 Km on SRINAGAR -BARAMULA URINH-01 in the UT of Jammu & Kashmir under project BEACON, Border Roads Organization BRO on EPC mode.",MoRTH,618201,,09/2023,702.1,,,11/2026,,,2026-02,FlashReport_February_2026.pdf,Ministry of Road Transport & Highways,Jammu and Kashmir,11/2024
Roads & Highways,75,Widening and Strengthening of Rafiabad-Kupwara-Chowkibal-Tangdhar-Chamkot NH- 701 road from design Ch. From 0000 to 51000 to two lanes with paved shoulders under Project Beacon in the UT of Jammu & Kashmir on EPC mode Package-I.,MoRTH,618206,,03/2024,1404.94,,,05/2027,,,2026-02,FlashReport_February_2026.pdf,Ministry of Road Transport & Highways,Jammu and Kashmir,11/2024
Roads & Highways,76,Widening and Up-gradation to 2-Lane with Paved Shoulder of configuration and geometric improvement from Km 0.000 to Km 16.990 on Chenani Sudhmahadev section of NH-244 in UT of Jammu and Kashmir to be executed on EPC basis,NHIDCL,618397,,03/2018,255.9,,,11/2020,02/2022,,2026-02,FlashReport_February_2026.pdf,Ministry of Road Transport & Highways,Jammu and Kashmir,11/2018
Roads & Highways,77,4 Lane of CG/JH Border-Gumla from km 0.000 to km 32.370 of NH-43 in the State of Jhrkhand,National Highways Authority of India [NHAI],618641,,08/2024,1325.8,,,02/2028,,,2026-02,FlashReport_February_2026.pdf,Ministry of Road Transport & Highways,Jharkhand,02/2026
Roads & Highways,78,Widening and Reconstruction to 4-lane/4-lane with service road including structures from Pokharia More at Km 47.600 Ex. Km 50.230 to Govindpur at km 62.949 Ex. Km 65.325 of Nh-419 in the State of Jharkhand on EPC mode.,MoRTH,618242,,05/2022,300.46,,,01/2026,,,2026-02,FlashReport_February_2026.pdf,Ministry of Road Transport & Highways,Jharkhand,01/2024
Roads & Highways,79,Construction of byepass around Lohardaga town of NH-143A in the Sate of Jharkhand under EPC mode.,MoRTH,618083,,02/2022,458.78,,,01/2026,,,2026-02,FlashReport_February_2026.pdf,Ministry of Road Transport & Highways,Jharkhand,01/2024
Roads & Highways,80,Barhi-Koderma Section of NH31 km 0.00 - km 27.5,National Highways Authority of India [NHAI],618863,,02/2017,662.44,826.59,,08/2024,08/2024,,2026-02,FlashReport_February_2026.pdf,Ministry of Road Transport & Highways,Jharkhand,11/2019
Roads & Highways,81,4L from Km 95.400 Udaipura to Km 147.450 Bhogu on NH-75 Sec-II,National Highways Authority of India [NHAI],618831,,03/2023,1436.8,1301.54,,10/2026,,,2026-02,FlashReport_February_2026.pdf,Ministry of Road Transport & Highways,Jharkhand,10/2024
Roads & Highways,82,4L from Km 55.00 Kuru to Km 95.400 Udaipura on NH-75 Sec-I,National Highways Authority of India [NHAI],618832,,02/2024,1274.82,,,01/2028,,,2026-02,FlashReport_February_2026.pdf,Ministry of Road Transport & Highways,Jharkhand,01/2026
Roads & Highways,83,4L Elevated corridor of Kalimandir-Dimna Chowk-Baliguma Jamshedpur Section of NH-33 New NH-18 from km 241940 to km 251961 Length 10.021 km,National Highways Authority of India [NHAI],618736,,03/2024,936.26,832.2,,03/2027,,,2026-02,FlashReport_February_2026.pdf,Ministry of Road Transport & Highways,Jharkhand,09/2024
Roads & Highways,84,Bangalore-Nidagatta Pkg. I,National Highways Authority of India [NHAI],618706,,02/2018,3496.01,4087.42,,11/2021,08/2022,,2026-02,FlashReport_February_2026.pdf,Ministry of Road Transport & Highways,Karnataka,05/2019
Roads & Highways,85,4L PS from near Hemmige Village Periyapatna - Hassan Road Jn. to near Hunsur - KR Nagar Jn section from Km. 144.900 to Km. 169.000 of NH-275 Pkg. III,National Highways Authority of India [NHAI],618870,,02/2023,883.62,1726.65,,04/2027,,,2026-02,FlashReport_February_2026.pdf,Ministry of Road Transport & Highways,Karnataka,04/2025
Roads & Highways,86,4L PS from near Hunsur - KR Nagar Junction to near Yalachahalli village KR Nagara - Yelawala Road Junction fcrom Km 169.000 to Km 195.550 of NH-275 Pkg-IV,National Highways Authority of India [NHAI],618872,,02/2023,1062.76,952.03,,04/2027,,,2026-02,FlashReport_February_2026.pdf,Ministry of Road Transport & Highways,Karnataka,04/2025
Roads & Highways,87,4L PS from near Yalachahalli village KR Nagara - Yelawala Road junction to Srirangapatna Bypass Near Paschima Vahini from km 195.550 to Km 214.535 of NH- 275 Pkg-V,National Highways Authority of India [NHAI],618873,,01/2023,1272.71,1203.2,,04/2027,,,2026-02,FlashReport_February_2026.pdf,Ministry of Road Transport & Highways,Karnataka,04/2025
Roads & Highways,88,6L of MH/KN Border Nimbal Village to KN/TS Border Singnodi Village from Km. 97.000 to Km. 162.500 in Yadgir of NH-150C Pkg-III,National Highways Authority of India [NHAI],619211,,03/2022,2104.7,2065.83,,10/2025,,,2026-02,FlashReport_February_2026.pdf,Ministry of Road Transport & Highways,Karnataka,04/2023
Roads & Highways,89,4L of Channarayapatna Bypass and Hassan Bypass with structures in Devihalli - Hassan section,National Highways Authority of India [NHAI],619214,,04/2020,688.0,684.54,,01/2023,05/2025,,2026-02,FlashReport_February_2026.pdf,Ministry of Road Transport & Highways,Karnataka,01/2021
Roads & Highways,90,4L Tumkur-Shimoga Pkg-I from Mallasandra to Karadi village of NH-206 from Km. 12.300 to Km. 65.195,National Highways Authority of India [NHAI],619218,,02/2018,1364.14,1692.12,,10/2021,10/2024,,2026-02,FlashReport_February_2026.pdf,Ministry of Road Transport & Highways,Karnataka,10/2019
Roads & Highways,91,4L of Tumkur-Shimoga Pkg-II from Km 65.195 Karadi to Km 121.900 Banawara of NH- 206,National Highways Authority of India [NHAI],619219,,02/2018,1505.85,1989.89,,10/2021,10/2024,,2026-02,FlashReport_February_2026.pdf,Ministry of Road Transport & Highways,Karnataka,10/2019
Roads & Highways,92,Tumkur-Shimoga Pkg-III from Km 121.900 Banawara to Km 170.415 Bettadahalli of Old NH-206,National Highways Authority of India [NHAI],619220,,02/2018,1444.5,1834.81,,03/2023,01/2025,,2026-02,FlashReport_February_2026.pdf,Ministry of Road Transport & Highways,Karnataka,03/2021
Roads & Highways,93,Widening to Two Lane with Paved Shoulders from Km 0.00 Design Chainage 0.00 to Km 23.338 Design Chainage 23310 of NH-166E MH/KNT Border- Kanamadi- Bijjargi- Tikota section in the state of Karnataka in EPC Mode under Annual plan 2022-23 NH- 166E-KNT-2022-23-974,MoRTH,618095,,02/2023,196.05,,,03/2026,,,2026-02,FlashReport_February_2026.pdf,Ministry of Road Transport & Highways,Karnataka,09/2024
Roads & Highways,94,Widening to Two Lane with Paved Shoulder of NH-73 New Spur Road Ujire - Dharmasthala - Periyashanthi in the State of Karnataka under on HAM under NHO Annual Plan 2023-24Job No NH-73Spur-KNT-2023-24-996,MoRTH,618189,,01/2024,613.65,,,11/2027,,,2026-02,FlashReport_February_2026.pdf,Ministry of Road Transport & Highways,Karnataka,11/2025
Roads & Highways,95,Widening to 2 Lane with Paved Shoulders from design Km 103.200 Existing Km 103.200 to design Km 116.700 Existing Km 118.470 on AP/KNT Border to Sira Section of NH-544E in the State of Karnatakaon EPC mode under Annual plan 2022-23,MoRTH,618147,,01/2023,166.58,,,09/2025,,,2026-02,FlashReport_February_2026.pdf,Ministry of Road Transport & Highways,Karnataka,03/2024
Roads & Highways,96,Widening to two lane with paved shoulders from Km 0.00 to 102.310 Design Chainage of NH-548B Murrum-Maharashtra Border in the State of Karnataka,MoRTH,618149,,02/2023,957.09,,,01/2027,,,2026-02,FlashReport_February_2026.pdf,Ministry of Road Transport & Highways,Karnataka,01/2025
Roads & Highways,97,Widening to 2LPS from Km 67 to Km 115 on Kadur-Hosadurga section NH 173 in the state of Karnataka NH-173-KNT-2022-23-980 dated 13.03.2023,MoRTH,617999,,03/2023,471.62,,,04/2026,,,2026-02,FlashReport_February_2026.pdf,Ministry of Road Transport & Highways,Karnataka,09/2024
Roads & Highways,98,Widening to 2LPS from Km 71.00 to 104.00 Existing chainages Sarjapur to Pattadkallu on Bhanapur to Gaddanakeri section NH-367 in the State of Karnataka under NHO on EPC mode under Annual Plan 2022-23 NH-367-KNT-2022-23-972 dated 08.02.2023,MoRTH,618027,,02/2023,445.62,,,03/2026,,,2026-02,FlashReport_February_2026.pdf,Ministry of Road Transport & Highways,Karnataka,03/2024
Roads & Highways,99,"Construction of Bypass at Kuknoor, Yelburga, Gajendragada of Bhanapur Gaddanakeri section of NH-367 in the State of Karnataka under NHO on EPC mode under Annual Plan 2022-23. NH-367-KNT-2022-23-973 dated 08.02.2023",MoRTH,618028,,02/2023,333.96,,,06/2027,,,2026-02,FlashReport_February_2026.pdf,Ministry of Road Transport & Highways,Karnataka,06/2025
Roads & Highways,100,Davanagere - Haveri of NH-48 Old NH-4 from km. 260.00 to km. 338.923,National Highways Authority of India [NHAI],618518,,01/2018,1454.67,1805.84,,07/2020,10/2024,,2026-02,FlashReport_February_2026.pdf,Ministry of Road Transport & Highways,Karnataka,
Roads & Highways,101,4L of km 0.00 to km 42.00 of Dobbaspet to Doddaballapura Bypass section of NH-648 old NH-207] [Bangalore Ring Road Pkg 1],National Highways Authority of India [NHAI],618520,,08/2020,1438.74,1786.57,,04/2023,02/2024,,2026-02,FlashReport_February_2026.pdf,Ministry of Road Transport & Highways,Karnataka,04/2021
Roads & Highways,102,4 Lane with PS from Des. Ch 228.500 to Des. Ch. 273.400 of Belgaum-Hungund- Raichur Section of NH 748 A Package-6,National Highways Authority of India [NHAI],618649,,03/2023,1246.15,1012.78,,11/2026,,,2026-02,FlashReport_February_2026.pdf,Ministry of Road Transport & Highways,Karnataka,11/2024
Roads & Highways,103,4 Lane with PS from Des. Ch 89.900 to Des. Ch. 136.100 of Belgaum-Hungund- Raichur Section of NH-748A Package-3,National Highways Authority of India [NHAI],618650,,01/2024,1363.9,1219.62,,04/2027,,,2026-02,FlashReport_February_2026.pdf,Ministry of Road Transport & Highways,Karnataka,04/2025
Roads & Highways,104,Challakere to Hariyur section from km 358.500 to km 414.205 of NH-150 A,National Highways Authority of India [NHAI],618698,,03/2018,1167.52,1873.58,,01/2023,06/2025,,2026-02,FlashReport_February_2026.pdf,Ministry of Road Transport & Highways,Karnataka,01/2021
Roads & Highways,105,6L of Perole Nileshwar town to Taliparamba from Km 94.248 to Km 134.650 of NH-66,National Highways Authority of India [NHAI],619206,,06/2020,3041.65,3867.66,,01/2024,12/2024,,2026-02,FlashReport_February_2026.pdf,Ministry of Road Transport & Highways,Kerala,10/2021
Roads & Highways,106,Start of Kollam Bypass - Kadambattukonam,National Highways Authority of India [NHAI],619207,,06/2021,2641.37,3309.06,,03/2025,,,2026-02,FlashReport_February_2026.pdf,Ministry of Road Transport & Highways,Kerala,10/2022
Roads & Highways,107,Kadambattukonam-Kazhakuttom,National Highways Authority of India [NHAI],619208,,12/2021,3635.64,3526.33,,01/2025,,,2026-02,FlashReport_February_2026.pdf,Ministry of Road Transport & Highways,Kerala,07/2022
Roads & Highways,108,Construction of 6 lane Indore western bypass from km 34000 to Km 64000 Pkg-II in the state of Madhya Pradesh on Hybrid Annuity Mode under NHO,National Highways Authority of India [NHAI],618933,,03/2024,1430.56,,,03/2028,,,2026-02,FlashReport_February_2026.pdf,Ministry of Road Transport & Highways,Madhya Pradesh,03/2026
Roads & Highways,109,Construction work of 4-laning of Shahganj bypass end to Badi Package-IV of NH-146B from design km 102.000 to design km 142.357 Design length 40.357 km,National Highways Authority of India [NHAI],618963,,02/2024,784.14,836.64,,03/2027,,,2026-02,FlashReport_February_2026.pdf,Ministry of Road Transport & Highways,Madhya Pradesh,03/2025
Roads & Highways,110,Upgradation of Sarvardewla to Pal MP/MH Border Road section of NH-347 C from Design Chainge km 81.600 to 137.400 Total length 55.80 km to two lane with paved shoulder configuration along with One time improvement of 1 .95 km in the State of Madhya Pradesh on EPC mode.,MoRTH,619007,,03/2023,461.23,,,01/2028,01/2026,,2026-02,FlashReport_February_2026.pdf,Ministry of Road Transport & Highways,Madhya Pradesh,01/2026
Roads & Highways,111,Itarsi Km. 63.000 to Betul Km. 137.000 of NH-69 in Madhya Pradesh,National Highways Authority of India [NHAI],618762,,08/2017,950.27,788.33,,02/2020,02/2025,,2026-02,FlashReport_February_2026.pdf,Ministry of Road Transport & Highways,Madhya Pradesh,02/2018
Roads & Highways,112,Balance works of 4 lane divided carriageway of Missing Link section of NH-39 Rewa Bypass from junction with NH 30 near Bela to Junction with MPRDC ring road near Silpara on SH 9 design length 13.100 km on EPC Mode under Bharatmala Pariyojana in the State of Madhya Pradesh,NHAI,618784,,08/2023,355.36,355.36,,04/2026,,,2026-02,FlashReport_February_2026.pdf,Ministry of Road Transport & Highways,Madhya Pradesh,04/2024
Roads & Highways,113,2L PS of Roshni to Ashapur Section of NH-347B from Design KM Ch. 89.900 to 114.000 KM Package III of Betul Khandwa,National Highways Authority of India [NHAI],618655,,03/2024,200.99,120.75,,08/2026,,,2026-02,FlashReport_February_2026.pdf,Ministry of Road Transport & Highways,Madhya Pradesh,08/2024
Roads & Highways,114,4- Laning of Mohari to Satai Ghat section NH-934 from Km 50300 to Km 89875 Total length 39.575 km Package-2 in the State of Madhya Pradesh on EPC Mode,National Highways Authority of India [NHAI],618666,,08/2022,710.92,539.08,,08/2026,,,2026-02,FlashReport_February_2026.pdf,Ministry of Road Transport & Highways,Madhya Pradesh,08/2024
Roads & Highways,115,Outer Ring Road of Jabalpur Town from Manegaon to NH-45 Pkg-2,National Highways Authority of India [NHAI],618684,,11/2022,917.26,786.47,,03/2026,,,2026-02,FlashReport_February_2026.pdf,Ministry of Road Transport & Highways,Madhya Pradesh,03/2024
Roads & Highways,116,Outer Ring Road of Jabalpur Town from NH45 to Kushner Pkg-3,National Highways Authority of India [NHAI],618685,,09/2022,911.24,773.23,,03/2026,,,2026-02,FlashReport_February_2026.pdf,Ministry of Road Transport & Highways,Madhya Pradesh,03/2024
Roads & Highways,117,Outer Ring Road of Jabalpur Town from Kushner to Amjhar Road including Airport Connectivity Pkg-IV,National Highways Authority of India [NHAI],618686,,08/2022,612.94,509.82,,03/2026,,,2026-02,FlashReport_February_2026.pdf,Ministry of Road Transport & Highways,Madhya Pradesh,03/2024
Roads & Highways,118,"Additional works 2VUPs, MR-10 junction flyover and underpass in Six lane Indore- Dewas section of NH-52 in the state of Madhya Pradesh on EPC Mode",National Highways Authority of India [NHAI],618620,,08/2022,207.77,211.27,,07/2024,,,2026-02,FlashReport_February_2026.pdf,Ministry of Road Transport & Highways,Madhya Pradesh,01/2023
Roads & Highways,119,4L Boregaon Buzurg to Shahpur Pkg I of Boregaon Buzurg to Muktainagar of NH 753L,National Highways Authority of India [NHAI],618623,,11/2022,1504.37,1132.34,,01/2026,,,2026-02,FlashReport_February_2026.pdf,Ministry of Road Transport & Highways,Madhya Pradesh,02/2024
Roads & Highways,120,Indore - Gujarat / MP Border from km. Km 9.500 to Km 171.000 of NH-59 in MP,National Highways Authority of India [NHAI],618625,,08/2010,1175.0,217.22,,02/2013,,,2026-02,FlashReport_February_2026.pdf,Ministry of Road Transport & Highways,Madhya Pradesh,
Roads & Highways,121,Rehabilitation & Upgradation of existing intermediate lane to two Lane with paved shoulder from km. 0.600 Gulganj bypass on NH-34 to km. 43.00 Barna River length 42.400 km. on Gulganj-Amanganj-Pawai-Katni NH43 Extn. in the state of Madhya Pradesh on EPCmode.,MoRTH,618035,,03/2023,275.4,,,05/2026,,,2026-02,FlashReport_February_2026.pdf,Ministry of Road Transport & Highways,Madhya Pradesh,11/2024
Roads & Highways,122,Upgradation and reconstruction of existing intermediate lane to two Lane with paved shoulder configuration from km. 43.00 Barna River to km. 77.00 ken river length 34.00 km. on Gulganj-Amanganj-Pawai-Katni NH43 Extn. along with One time improvement in 01 no. of bypassed built-up area in a total length of 1.585 km in the state of Madhya Pradesh on EPCmode.,MoRTH,618036,,03/2023,315.55,,,11/2026,,,2026-02,FlashReport_February_2026.pdf,Ministry of Road Transport & Highways,Madhya Pradesh,11/2024
Roads & Highways,123,Construction of Rewa Bypass to 4-lane with paved shoulder along with service road from Ratahara Chowk to Chorhata Chowk Road section of NH-30 from km 00.000 to 19.200 in the State of Madhya Pradesh on Hybrid Annuity Mode HAM.,MoRTH,617909,,03/2024,648.05,,,02/2027,,,2026-02,FlashReport_February_2026.pdf,Ministry of Road Transport & Highways,Madhya Pradesh,02/2025
Roads & Highways,124,"Construction of Kasrawad bypass, Selani bypass, Khargone bypass & Bistan bypass Total length. 31.950 km Section of NH-347 C to Two lane with paved shoulder configuration in the State of Madhya Pradesh on EPC mode.",MoRTH,618129,,03/2023,467.93,,,12/2026,,,2026-02,FlashReport_February_2026.pdf,Ministry of Road Transport & Highways,Madhya Pradesh,12/2024
Roads & Highways,125,Construction of Ater realignment & Bhind bypass Total length. 21.50 km Section of NH-552Extn. to Two lane with paved shoulder configuration in the State of Madhya Pradesh on EPC mode.,MoRTH,618157,,03/2023,348.06,,,06/2026,,,2026-02,FlashReport_February_2026.pdf,Ministry of Road Transport & Highways,Madhya Pradesh,12/2024
Roads & Highways,126,"Upgradation of Goras to Shyampur Road section of NH-552 Ext., from Design Chainge 48.400 to 111.800 Km Total length 63.40 km to two lane with paved shoulder configuration along with One time improvement of 8.91 km in the state of Madhya Pradesh on EPC mode",MoRTH,618158,,03/2023,416.96,,,12/2026,,,2026-02,FlashReport_February_2026.pdf,Ministry of Road Transport & Highways,Madhya Pradesh,12/2024
Roads & Highways,127,Construction of Two lane with paved shoulder configuration of Shujalpur Bypass section of NH-752C from km 33100 Design to km. 42570 Design total design length 10.470 km in the State of Madhya Pradesh on EPC mode.,MoRTH,618170,,03/2023,214.07,,,09/2025,,,2026-02,FlashReport_February_2026.pdf,Ministry of Road Transport & Highways,Madhya Pradesh,03/2024
Roads & Highways,128,"Work of Upgradation of Jirapur-Pachore Road including Pachore, Jirapur, Chhapiheda & Khujner Bypasses from 0000 to 58790 Design Length 58.79 Km section of NH-752C to 2LPS in the State of Madhya Pradesh under EPC mode",MoRTH,618171,,03/2022,352.69,,,01/2026,,,2026-02,FlashReport_February_2026.pdf,Ministry of Road Transport & Highways,Madhya Pradesh,01/2024
Roads & Highways,129,Upgradation and reconstruction of Dindori - Mandla Section of NH 543 from Km 77100 Design to Km 170580 Design Total length 93.48km to Two lane with paved shoulder configuration along with One time improvement in 04 nos of bypassed built-up areas in a total length of 7.23 km in the state of Madhya Pradesh on EPC mode,MoRTH,618043,,03/2022,492.12,523.71,,07/2026,,,2026-02,FlashReport_February_2026.pdf,Ministry of Road Transport & Highways,Madhya Pradesh,01/2024
Roads & Highways,130,"Widening, Reconstruction & Up-gradation to 2 lane with Paved Shoulder/Four Lane configuration for the work of Ahmednagar to Sabalkhed & Ashti to Chinchpur Section of NH-561 from Design km 2915 to km 37728 & Design km 55100 to km 70000 in the State of Maharashtra on EPC mode. Length 49.713 km",MoRTH,618047,,03/2024,657.16,,,05/2027,,,2026-02,FlashReport_February_2026.pdf,Ministry of Road Transport & Highways,Maharashtra,05/2025
Roads & Highways,131,Up-gradation to 2/4 lane with paved shoulder configuration of NH-652 from Tuljapur Naldurg-Akkalkot road Chainage from Km. 00.000 to km 30.982 in the State of Maharashtra on EPC mode.,MoRTH,618049,,03/2024,183.41,,,07/2026,,,2026-02,FlashReport_February_2026.pdf,Ministry of Road Transport & Highways,Maharashtra,01/2025
Roads & Highways,132,Rehabilitation and Up-gradation to 2 lane road with paved shoulders configuration for the balance work of 13 km length on Helwak-Patan-Karad section Km. 85000 to 133 417 of NH-166E in the state of Maharashtra on EPC mode.,MoRTH,618096,,02/2024,181.45,,,04/2026,,,2026-02,FlashReport_February_2026.pdf,Ministry of Road Transport & Highways,Maharashtra,10/2024
Roads & Highways,133,"Rehabilitation & up-gradation for Talere Gaganbawada - kolhapur Road NH 166G stretch start from km. 0/00 to Km. 06/00 and km. 13/00 to km 19/440 of NH-166G, length 12.440 km in the State of Maharashtra.",MoRTH,618099,,03/2024,164.13,,,04/2026,,,2026-02,FlashReport_February_2026.pdf,Ministry of Road Transport & Highways,Maharashtra,10/2024
Roads & Highways,134,Nandurshingote to Kolhar,MoRTH,618088,,09/2024,325.79,,,12/2026,,,2026-02,FlashReport_February_2026.pdf,Ministry of Road Transport & Highways,Maharashtra,06/2025
Roads & Highways,135,Rehabilitation and Up-gradation of Jarud - Sirsala section of NH-361F km 59500 to km11500 to Two lane with paved shoulder/ Four Lane in the state of Maharashtra on EPC mode Length 55.5 Km.,MoRTH,618137,,03/2024,540.35,,,05/2027,,,2026-02,FlashReport_February_2026.pdf,Ministry of Road Transport & Highways,Maharashtra,05/2025
Roads & Highways,136,"Widening, Reconstruction & Up-gradation to 2 lane with Paved Shoulder/Four Lane configuration for the work of Sautada to Shirapur Section of NH-561 from Design km 86300 to km 125589 in the state of Maharashtra on EPC mode. Design length 39.289 km",MoRTH,618138,,03/2024,349.57,,,11/2026,,,2026-02,FlashReport_February_2026.pdf,Ministry of Road Transport & Highways,Maharashtra,05/2025
Roads & Highways,137,Rehabilitation and Up-gradation of Gangakhed Loha section of NH-361F from Km 169/00 to 210/00 to two lane with paved shoulder/ four lane configuration in the state of Maharashtra on EPC mode Length - 41.00 Km.,MoRTH,618139,,03/2024,355.12,,,09/2026,,,2026-02,FlashReport_February_2026.pdf,Ministry of Road Transport & Highways,Maharashtra,04/2025
Roads & Highways,138,Rehabilitation and Upgradation to two lane with paved shoulder configuration of NH- 752G from Sakri to Pimpalner Section Design Ch km 0000 to Ch km 21411 in the state of Maharashtra on EPC Mode. Length 21.411 km.,MoRTH,618174,,03/2024,226.58,,,10/2026,,,2026-02,FlashReport_February_2026.pdf,Ministry of Road Transport & Highways,Maharashtra,04/2025
Roads & Highways,139,Widening and strengthening of Gangakhed to Kingaon section of NH-752K in Km 38/750 to 72/304 Flexible Pavement Length33.554 km to 2-lane configuration on EPC mode in the State of Maharashtra.,MoRTH,618178,,02/2024,162.67,,,06/2026,,,2026-02,FlashReport_February_2026.pdf,Ministry of Road Transport & Highways,Maharashtra,12/2024
Roads & Highways,140,Rehabilitation and Upgradation of Shewali phata to Kalambhir section i.e. Km 0443 to Km 4500 & Nizampur to Chadwel section i.e. Km 13485 to Km 26265 Length16.317 Km excluding 2 Major Bridges with approaches Km 13735 to Km 14095 & Km 19660 to Km 20030 of NH 753B to 2LPS Configuration in the State of Maharashtra on EPC Mode.,MoRTH,618179,,03/2024,181.58,,,02/2026,,,2026-02,FlashReport_February_2026.pdf,Ministry of Road Transport & Highways,Maharashtra,08/2024
Roads & Highways,141,Rehabilitation and Up-gradation of i. Deogaon phata to Digras phata Ch. 0/000 to 15/000 & Selu to Borgavhan Ch 20/900 to 35/800 [Length 29.9km] ii. Injegaon Dhamoni to Pohner Phata Ch.58/200 to Ch. 83/700 [Length25.5 km] and iii. Pohner phata to Pathri Design Ch. 42/700 to 58/200 [Length 15.5 km] sections of NH-548B to Two lane with paved shoulder configuartion in the state of Maharashtra on EPC mode Total project length 70.9 Km.,MoRTH,618150,,03/2024,761.83,,,05/2027,,,2026-02,FlashReport_February_2026.pdf,Ministry of Road Transport & Highways,Maharashtra,05/2025
Roads & Highways,142,Development/Widening of Talegaon Chakan Shikrapur Nhavara Section of NH-548D from existing chainage km. 54/000 to 82/300 and Design chainage Km. 54/000 to 82/120 Shikrapur to Nhavara Section to 2LPS/4L Configuration on EPC Mode in the State of Maharashtra.,MoRTH,618155,,03/2024,396.17,,,07/2026,,,2026-02,FlashReport_February_2026.pdf,Ministry of Road Transport & Highways,Maharashtra,01/2025
Roads & Highways,143,"Rehabilitation, upgradation & widening of existing highway to 2L/4LPS Rigid Pavement of NH 160 section- Phaltan to Mhaishal near Karnataka Border including Tasgaon Bypass, from existing chainage Km 301/430 to Km 458/415 in the State of Maharashtra- Package-II & Package III combined- starting from existing chainage Km 341/300 to Km 394/130 and design chainage Km 340/250 at Dahiwadi Village to Km 392/950 ending at Vita Village in the State of Maharashtra on EPC Mode.",MoRTH,617978,,03/2024,631.76,,,05/2027,,,2026-02,FlashReport_February_2026.pdf,Ministry of Road Transport & Highways,Maharashtra,05/2025
Roads & Highways,144,"Rehabilitation, upgradation & widening of existing highway to 2L/4LPS Rigid Pavement of NH 160 section- Phaltan to Mhaisal near Karnataka Border including Tasgaon Bypass, from existing chainage Km 301/430 to Km 458/415 in the State of Maharashtra. Package-I starting from existing chainage Km 301/430 at Phaltan Village Junction of Phaltan Baramati Road Design Chainage -301/430km & ending at existing chainage Km 341/300 Dahiwadi Village Bus Stop Design chainage Km 340466km in the S",MoRTH,617979,,03/2024,533.76,,,05/2027,,,2026-02,FlashReport_February_2026.pdf,Ministry of Road Transport & Highways,Maharashtra,05/2025
Roads & Highways,145,Four laning from Dive Ghat Km. 220.900 to Hadapsar Km. 234.150 of Mohol Alandi section Pkg VI of NH-965,National Highways Authority of India [NHAI],618626,,12/2023,819.52,400.0,,10/2026,,,2026-02,FlashReport_February_2026.pdf,Ministry of Road Transport & Highways,Maharashtra,10/2024
Roads & Highways,146,Strengthening of Existing Alignment of Pandharpur Town Part Bypassed Section of NH 965 from KM 36.230 to KM 44.230 from Chh. Shivaji Maharaj Chowk to Wakhari,National Highways Authority of India [NHAI],618628,,08/2022,150.21,87.59,,10/2025,,,2026-02,FlashReport_February_2026.pdf,Ministry of Road Transport & Highways,Maharashtra,11/2023
Roads & Highways,147,6L of Gonde Km. 439.038 to Pimpri Sado Km. 459.905 section of NH-848 Old NH-3,National Highways Authority of India [NHAI],618585,,02/2024,856.93,718.84,,04/2027,,,2026-02,FlashReport_February_2026.pdf,Ministry of Road Transport & Highways,Maharashtra,10/2024
Roads & Highways,148,Improvement and strengthening of existing 2 lane stretch to 2-Lane with PS 1.5m on both sides on Ghoti-Sinnar section of NH-160A using Thin White Topping 200mm thick in the State Of Maharashtra on EPC Mode,National Highways Authority of India [NHAI],618586,,03/2025,254.78,147.64,,06/2026,,,2026-02,FlashReport_February_2026.pdf,Ministry of Road Transport & Highways,Maharashtra,06/2025
Roads & Highways,149,Chakur Loha Section of NH-361 from km 114.600 to km 187.80,National Highways Authority of India [NHAI],618652,,03/2018,1241.38,3342.11,,03/2021,02/2024,,2026-02,FlashReport_February_2026.pdf,Ministry of Road Transport & Highways,Maharashtra,03/2019
Roads & Highways,150,Loha-Waranga Section of NH-361 from km 187.800 to km 244.369,National Highways Authority of India [NHAI],618653,,03/2018,1236.08,3466.58,,03/2021,06/2024,,2026-02,FlashReport_February_2026.pdf,Ministry of Road Transport & Highways,Maharashtra,03/2019
Roads & Highways,151,Tarsod - Fagne section of NH-6,National Highways Authority of India [NHAI],618638,,06/2016,2267.99,2560.5,,07/2021,12/2023,,2026-02,FlashReport_February_2026.pdf,Ministry of Road Transport & Highways,Maharashtra,01/2019
Roads & Highways,152,Upgradation & rehabilitation of Service Roads on both sides in urban areas of Pune City on PuneSatara section of NH48,National Highways Authority of India [NHAI],618511,,01/2025,604.59,388.78,,06/2026,,,2026-02,FlashReport_February_2026.pdf,Ministry of Road Transport & Highways,Maharashtra,06/2025
Roads & Highways,153,Up-gradation to Four Lane with Paved Shoulder configuration of the highway starting from existing km 88.400 Savali Vihir to km 163.400 start of Ahmednagar bypass Design Length 75.000 km section of NH-160 in the State of Maharashtra under Bharatmala Pariyojana on EPC Mode,NHAI,618766,,10/2024,862.0,617.93,,04/2027,,,2026-02,FlashReport_February_2026.pdf,Ministry of Road Transport & Highways,Maharashtra,04/2025
Roads & Highways,154,Upgradation of 2L/4L with Paved Shoulder of Shirwal-Lonand Section from KM 159900 To KM 188025 of NH-965DD Section I and 2L With Paved Shoulder of Lonand-Satara Section from KM 51500 To KM 96246 Of NH-965D Section II in Satara District in the State of Maharashtra on EPC Mode under NHO-,National Highways Authority of India [NHAI],618754,,03/2025,538.11,307.24,,06/2027,,,2026-02,FlashReport_February_2026.pdf,Ministry of Road Transport & Highways,Maharashtra,06/2025
Roads & Highways,155,Rehabilitation and Up gradation of Charthana Jintur Section of NH 752 I Km 25100 to 47100 to 2 Lane with Paved Shoulder configuration Flexible Pavement in the state of Maharashtra on EPC mode. Reg- Resubmission of Annual Plan Estimate.,MoRTH,619008,,03/2025,157.69,,,07/2027,,,2026-02,FlashReport_February_2026.pdf,Ministry of Road Transport & Highways,Maharashtra,01/2026
Roads & Highways,156,4L of existing 2/4L stretch from Lonand to Dive Ghat Km 166.400 to Km 220.900 of Mohol Alandi section of NH-965 Pkg - V,National Highways Authority of India [NHAI],619209,,10/2021,1709.56,2049.51,,05/2024,03/2025,,2026-02,FlashReport_February_2026.pdf,Ministry of Road Transport & Highways,Maharashtra,05/2022
Roads & Highways,157,Dharampuri-Lonand from km. 117.00 to 166.40 Pkg-IV on Mohol-Alandi Section,National Highways Authority of India [NHAI],619210,,01/2021,1411.71,1358.68,,09/2023,,,2026-02,FlashReport_February_2026.pdf,Ministry of Road Transport & Highways,Maharashtra,09/2021
Roads & Highways,158,Vadape to Thane from km 539.202 to km 563.000 section of NH-3 new NH-848,National Highways Authority of India [NHAI],619203,,03/2018,1252.92,1371.27,,07/2021,03/2022,,2026-02,FlashReport_February_2026.pdf,Ministry of Road Transport & Highways,Maharashtra,01/2019
Roads & Highways,159,Vadodara Mumbai Expressway Phase II - Pkg XII [Km. 50.700 to Km. 77.000] Masvan - Ganjad,National Highways Authority of India [NHAI],619198,,08/2020,1711.38,2388.52,,03/2024,,,2026-02,FlashReport_February_2026.pdf,Ministry of Road Transport & Highways,Maharashtra,03/2022
Roads & Highways,160,Improvement/Up-gradation of existing 2-Lane Road to 4-Lane Divided Highway from Daili to Kuraopokpi section of Imphal-Kohima road NH-02 Design Chainage from Km 274610 to Km 287000 in the state of Manipur on EPC mode Pkg-4B,NHIDCL,618299,,09/2020,268.98,,,06/2026,,,2026-02,FlashReport_February_2026.pdf,Ministry of Road Transport & Highways,Manipur,12/2024
Roads & Highways,161,Widening/Improvement of existing 2-lane to 4-Lane Divided Highway from Kuraopokpi to Sekmai section of Imphal-Kohima Road Design Ch. km 287.00 to 297.700 of NH-39 New NH-02 in state of Manipur on EPC mode Pkg-5A,NHIDCL,618301,,09/2020,228.97,,,08/2026,,,2026-02,FlashReport_February_2026.pdf,Ministry of Road Transport & Highways,Manipur,02/2025
Roads & Highways,162,Bellary to Byrapura Section km 253.600 to km 308.550 of NH-150A,National Highways Authority of India [NHAI],618696,,03/2018,1281.47,1689.6,,10/2021,09/2022,,2026-02,FlashReport_February_2026.pdf,Ministry of Road Transport & Highways,"Multi-States (Andhra Pradesh, Karnataka)",10/2019
Roads & Highways,163,Bangalore Chennai Expressway Phase-II Pkg-I from km.71.000 to Km 96.000 Bethamangala in the state of Karnataka to Byreddypalli,National Highways Authority of India [NHAI],619199,,12/2020,1410.01,1410.01,,10/2024,06/2025,,2026-02,FlashReport_February_2026.pdf,Ministry of Road Transport & Highways,"Multi-States (Andhra Pradesh, Karnataka)",10/2022
Roads & Highways,164,6L Access Controlled Greenfield Highway of Julekal village to Dinnedevarapadu village from Km 242.200 to Km 280.400 Pkg-2,National Highways Authority of India [NHAI],619212,,01/2022,1227.57,1315.87,,01/2025,07/2025,,2026-02,FlashReport_February_2026.pdf,Ministry of Road Transport & Highways,"Multi-States (Andhra Pradesh, Telangana)",01/2023
Roads & Highways,165,4L Access Controlled Greenfield Highway section on NH-163G Khammam Vijayawada from Remidicherla village at Design Ch. 280.200 Km to Jakkampudi village on NH-16 at Design Ch. 309.909 Km Package-III,National Highways Authority of India [NHAI],618818,,03/2023,1183.23,1225.14,,05/2027,,,2026-02,FlashReport_February_2026.pdf,Ministry of Road Transport & Highways,"Multi-States (Andhra Pradesh, Telangana)",05/2025
Roads & Highways,166,6L Greenfield Varanasi-Ranchi-Kolkata Highway from junction with NH-19 & Varanasi Ring Road near Rewasa village to junction with Chandauli-Chainpur road near Khainti village from Km. 0.000 to Km. 27.000 - Pkg-1,National Highways Authority of India [NHAI],618728,,03/2023,1433.39,1564.15,,11/2026,,,2026-02,FlashReport_February_2026.pdf,Ministry of Road Transport & Highways,"Multi-States (Bihar, Uttar Pradesh)",11/2024
Roads & Highways,167,Dwarka Expressway Pkg-III Delhi/HR Border to Start of RoB Gurugram,National Highways Authority of India [NHAI],618577,,01/2018,2228.26,2298.37,,11/2020,02/2024,,2026-02,FlashReport_February_2026.pdf,Ministry of Road Transport & Highways,"Multi-States (Delhi, Haryana)",11/2018
Roads & Highways,168,6L access Controlled Greenfield Highway from Adhoya Musalmana to Sadopur section of Shamli -Ambala Package-III Design Ch. Form km 84.400 to km 121.786,National Highways Authority of India [NHAI],619216,,05/2022,1491.72,1122.86,,05/2025,06/2026,,2026-02,FlashReport_February_2026.pdf,Ministry of Road Transport & Highways,"Multi-States (Haryana, Punjab)",05/2023
Roads & Highways,169,2L/4L of Hoshiarpur to Una section including Hoshiarpur Bypass of NH 503A,National Highways Authority of India [NHAI],618907,,03/2023,571.34,481.88,,05/2027,,,2026-02,FlashReport_February_2026.pdf,Ministry of Road Transport & Highways,"Multi-States (Himachal Pradesh, Punjab)",05/2025
Roads & Highways,170,Six Laning of KT/KL Border Thalapaddy -Chengala from Km. 17.200 to Km. 57.20,National Highways Authority of India [NHAI],619205,,05/2020,1981.07,2681.48,,05/2024,,,2026-02,FlashReport_February_2026.pdf,Ministry of Road Transport & Highways,"Multi-States (Karnataka, Kerala)",11/2021
Roads & Highways,171,Akkalkot MH/KN border New Greenfield corridor from Km 512.000 to Km 548.400 of NH-150C part of Akkalkot KN/TS Border section Package XIV,National Highways Authority of India [NHAI],618636,,03/2023,1370.75,1403.49,,10/2026,,,2026-02,FlashReport_February_2026.pdf,Ministry of Road Transport & Highways,"Multi-States (Karnataka, Maharashtra)",10/2024
Roads & Highways,172,6L of MH/KN Border Nimbal Village to KN/TS Border Singnodi Village from Km. 162.5 to Km. 203.100 in Raichur of NH-150C Pkg-IV,National Highways Authority of India [NHAI],618631,,03/2022,1499.73,1457.48,,05/2025,,,2026-02,FlashReport_February_2026.pdf,Ministry of Road Transport & Highways,"Multi-States (Karnataka, Telangana)",11/2022
Roads & Highways,173,"Construction of 26 VUPs, Major Bridge, Service Road etc. on Lalitpur-Sagar- Lakhnadon section of NH-44 NS",National Highways Authority of India [NHAI],618556,,02/2023,665.91,665.91,,03/2026,,,2026-02,FlashReport_February_2026.pdf,Ministry of Road Transport & Highways,"Multi-States (Madhya Pradesh, Uttar Pradesh)",03/2024
Roads & Highways,174,Mangloor to Telangana Maharashtra Border,National Highways Authority of India [NHAI],618624,,03/2018,1082.65,1323.12,,04/2021,03/2021,,2026-02,FlashReport_February_2026.pdf,Ministry of Road Transport & Highways,"Multi-States (Maharashtra, Telangana)",04/2019
Roads & Highways,175,4L of Bamni - Rajura - Warur - Devada upto M.S. Border of NH - 930D from km 19.000 to km 51.985,National Highways Authority of India [NHAI],618941,,03/2022,968.05,1187.19,,03/2026,08/2026,,2026-02,FlashReport_February_2026.pdf,Ministry of Road Transport & Highways,"Multi-States (Maharashtra, Telangana)",03/2024
Roads & Highways,176,Viluppuram Km.0.000 to Puducherry Km.29.000,National Highways Authority of India [NHAI],618844,,03/2018,1358.31,1162.44,,11/2023,03/2024,,2026-02,FlashReport_February_2026.pdf,Ministry of Road Transport & Highways,"Multi-States (Puducherry, Tamil Nadu)",11/2021
Roads & Highways,177,4L of left out existing road section from Lalgopalganj Km 161.450 to Nawabganj Km 180.200 in Prayagraj,National Highways Authority of India [NHAI],618755,,03/2024,159.53,100.74,,03/2026,,,2026-02,FlashReport_February_2026.pdf,Ministry of Road Transport & Highways,"Multi-States (Rajasthan, Uttar Pradesh)",04/2025
Roads & Highways,178,Construction of Rudrapur Bypass Section from Km. 0.000 to 20.640 in the state of Uttar Pradesh & Uttarakhand,National Highways Authority of India [NHAI],618912,,03/2023,1051.73,1117.17,,01/2026,,,2026-02,FlashReport_February_2026.pdf,Ministry of Road Transport & Highways,"Multi-States (Uttar Pradesh, Uttarakhand)",01/2024
Roads & Highways,179,4-laning of Pilibhit - Sitarganj from Km. 32.500 to Km. 70.800 Pkg-2 of NH-30,National Highways Authority of India [NHAI],618783,,01/2023,1471.19,1471.19,,03/2026,03/2027,,2026-02,FlashReport_February_2026.pdf,Ministry of Road Transport & Highways,"Multi-States (Uttar Pradesh, Uttarakhand)",03/2024
Roads & Highways,180,4L of Nagina-Kashipur section from km. 73.00 to km. 175.00 of NH-74,National Highways Authority of India [NHAI],618876,,01/2015,2125.03,2531.19,,04/2020,12/2021,,2026-02,FlashReport_February_2026.pdf,Ministry of Road Transport & Highways,"Multi-States (Uttar Pradesh, Uttarakhand)",10/2017
Roads & Highways,181,4L of Haridwar-Nagina section from km. 0.00 to km. 71.614 of NH-74,National Highways Authority of India [NHAI],619217,,01/2018,1659.12,1622.49,,07/2020,07/2025,,2026-02,FlashReport_February_2026.pdf,Ministry of Road Transport & Highways,"Multi-States (Uttar Pradesh, Uttarakhand)",
Roads & Highways,182,6L of Hatibena - Badakumari Section from Km 146.50 to km 179.00 of NH-130-CD Package OD-2,National Highways Authority of India [NHAI],619213,,02/2021,791.17,1070.63,,03/2024,,,2026-02,FlashReport_February_2026.pdf,Ministry of Road Transport & Highways,Odisha,03/2022
Roads & Highways,183,Cuttack-Angul Section of NH-42 New NH-55 from Km.60.200 to Km. 112.000 Pkg-II in the State of Odisha,National Highways Authority of India [NHAI],619215,,10/2017,991.41,1168.82,,09/2020,12/2024,,2026-02,FlashReport_February_2026.pdf,Ministry of Road Transport & Highways,Odisha,03/2018
Roads & Highways,184,Rehabilitation and Up gradation from 4 to 8 laning of Chandikhole Paradip Section of NH-53 Old NH 5A from Km.60.000 to Km.76.646 Package-4,National Highways Authority of India [NHAI],619181,,03/2023,882.45,1009.92,,10/2026,,,2026-02,FlashReport_February_2026.pdf,Ministry of Road Transport & Highways,Odisha,11/2024
Roads & Highways,185,6L Flyover including RE Wall approaches with Flexible Pavement in the Elephant Corridor of Angul Sambalpur Section of NH-42 New NH-55 Km.202.533,National Highways Authority of India [NHAI],618704,,09/2023,150.86,106.32,,01/2027,,,2026-02,FlashReport_February_2026.pdf,Ministry of Road Transport & Highways,Odisha,06/2024
Roads & Highways,186,Rehabilitation and Up gradation from 4 to 8 laning of Chandikhole Paradip Section of NH-53 Old NH 5A from Km.0.00 to Km.18.00Package-1,National Highways Authority of India [NHAI],618822,,03/2023,929.91,869.45,,12/2025,,,2026-02,FlashReport_February_2026.pdf,Ministry of Road Transport & Highways,Odisha,12/2023
Roads & Highways,187,"Construction of 6-lane flyover at Ainthapali junction and a 2-lane ROB LHS on NH-53 Earlier NH-6 in Sambalpur, on EPC mode in Odisha under NHO",National Highways Authority of India [NHAI],618591,,03/2024,374.17,211.74,,12/2026,,,2026-02,FlashReport_February_2026.pdf,Ministry of Road Transport & Highways,Odisha,06/2024
Roads & Highways,188,Balance work of Rehabilitation and Upgradation to four laning of Baharagora Singhara section of NH-49 from Km.229.727 to Km.238.990 Length 9.263 Km. including construction of five nos. of Elephant Underpasses EUP and fourteen nos. of Animal Underpasses AUP inside the buffer zone of Similipal Tiger Reserve Area in Bangriposi Ghat section in the State of Odisha on EPC Mode,National Highways Authority of India [NHAI],618593,,03/2025,263.32,163.07,,11/2027,,,2026-02,FlashReport_February_2026.pdf,Ministry of Road Transport & Highways,Odisha,05/2025
Roads & Highways,189,Widening and Strengthening to 2LPS including LA from km 318.970 to 353.450 Balikuda-Mulkani Section of NH-55 under NHO in Annual Plan 2022-23 in the State of Odisha. Job No. NH-55-OD-2022-23-656,MoRTH,617920,,01/2022,511.54,,,06/2027,,,2026-02,FlashReport_February_2026.pdf,Ministry of Road Transport & Highways,Odisha,06/2025
Roads & Highways,190,Construction of Jharsuguda Bypass including Land acqusition on NH-49 from km 258.636 to km 283.300 design chainage 258.636 to km 289.876 under NHO in Annual Plan 2022-23 for the state of Odisha Job No.NH-49-OD-2022-23-655,MoRTH,617922,,09/2021,587.1,,,07/2027,,,2026-02,FlashReport_February_2026.pdf,Ministry of Road Transport & Highways,Odisha,01/2025
Roads & Highways,191,New construction of Major Bridge with Approaches from Km 0.000 to 1.200 Madhopur - Badabanta section of NH-20 under NHO in Annual Plan 2022-23 in the State of Odisha,MoRTH,617898,,03/2023,199.5,,,10/2027,,,2026-02,FlashReport_February_2026.pdf,Ministry of Road Transport & Highways,Odisha,04/2025
Roads & Highways,192,construction or By-pass road on NH-26 for Nabrangpur Town,MoRTH,617902,,03/2023,168.95,,,12/2026,,,2026-02,FlashReport_February_2026.pdf,Ministry of Road Transport & Highways,Odisha,12/2024
Roads & Highways,193,Widening to 2 lane with paved shoulded of Jareikela Jharkhand/Odisha Border - Dhabaleswar section from 0/0 to 36/0 of NH-320D in the State of Odisha under Annual Plan 2021-22.,MoRTH,618122,,03/2022,172.09,,,10/2026,,,2026-02,FlashReport_February_2026.pdf,Ministry of Road Transport & Highways,Odisha,10/2024
Roads & Highways,194,Construction of Dharmagarh Bypass on NH-130C including land acquisition in the state of Odisha on EPC Mode under Annual plan 2022-23.,MoRTH,618079,,03/2023,172.66,,,10/2026,,,2026-02,FlashReport_February_2026.pdf,Ministry of Road Transport & Highways,Odisha,04/2025
Roads & Highways,195,Development to 4-lane with paved shoulder for the road section Talwandi Sabo-Raman road to refinery Road junction with Bathinda Dabwali Road of NH-254 from existing Km 131.600 to Km 155.650 Design Km 131600 to km 155600 in the State of Punjab. Job No NH-254-PB-2022-23-565,MoRTH,618010,,03/2023,546.67,,,11/2026,,,2026-02,FlashReport_February_2026.pdf,Ministry of Road Transport & Highways,Punjab,05/2025
Roads & Highways,196,4L of Phagwara - Hoshiarpur,National Highways Authority of India [NHAI],618786,,11/2022,1196.38,1503.79,,03/2027,,,2026-02,FlashReport_February_2026.pdf,Ministry of Road Transport & Highways,Punjab,03/2025
Roads & Highways,197,4L of Fazilka to Abohar section of NH-07 including construction of Greenfield Abohar & Fazilka Bypasses,National Highways Authority of India [NHAI],618793,,03/2023,1409.88,1674.04,,04/2026,,,2026-02,FlashReport_February_2026.pdf,Ministry of Road Transport & Highways,Punjab,04/2024
Roads & Highways,198,4L of Greenfield section from Sirhind to Mohali,National Highways Authority of India [NHAI],618776,,03/2022,1237.65,1301.15,,05/2025,04/2026,,2026-02,FlashReport_February_2026.pdf,Ministry of Road Transport & Highways,Punjab,05/2023
Roads & Highways,199,Delhi-Amritsar-Katra Expressway Phase-I Spur-III from Junction with Amritsar- Jalandhar road NH-3 near Bhishambarpura to Junction with Amritsar-Anjala road NH- 354 near Amritsar Airport [Km 71000 to Km 99000 of Amritsar connectivity],National Highways Authority of India [NHAI],619200,,03/2021,1641.75,1951.7,,10/2024,,,2026-02,FlashReport_February_2026.pdf,Ministry of Road Transport & Highways,Punjab,11/2022
Roads & Highways,200,6L access controlled Highway from Km 40080 to Km 86513 Mator to Barodameo Section,National Highways Authority of India [NHAI],618757,,09/2022,2010.2,1565.88,,03/2026,,,2026-02,FlashReport_February_2026.pdf,Ministry of Road Transport & Highways,Rajasthan,03/2024
Roads & Highways,201,6L accesscontrolled highway from km 0000 to km 40080 Paniyala to Mator Section of Paniyala-Barodameo ICR,National Highways Authority of India [NHAI],618758,,09/2022,1764.86,1239.24,,09/2026,,,2026-02,FlashReport_February_2026.pdf,Ministry of Road Transport & Highways,Rajasthan,09/2024
Roads & Highways,202,Construction of Four lane Elevated Structure at Raniwada Circle in Sanchore City on NH-68,National Highways Authority of India [NHAI],618853,,01/2024,353.3,241.34,,07/2026,,,2026-02,FlashReport_February_2026.pdf,Ministry of Road Transport & Highways,Rajasthan,07/2024
Roads & Highways,203,Upgradation to 2-Lane with Paved Shoulder from Design Km 36300 to Design Chainage 47918 and from Design Ch 69900 to Design Ch 83940 of NH-248A Natni Ka Bara in the State of Rajasthan on EPC Mode.,MoRTH,618117,,02/2024,154.89,,,05/2026,,,2026-02,FlashReport_February_2026.pdf,Ministry of Road Transport & Highways,Rajasthan,11/2024
Roads & Highways,204,Sangariya near Chautala-Rasisar near Bikaner section of NH-754K Phase-I AJ/SR- Package-7,National Highways Authority of India [NHAI],618611,,02/2019,520.63,548.42,,06/2023,,,2026-02,FlashReport_February_2026.pdf,Ministry of Road Transport & Highways,Rajasthan,06/2021
Roads & Highways,205,Balance work of Rehabilitation and Up-gradation to 4-Lane configuration of Ras- Beawar Section Km 00.000 to km 30.050 of NH-158 in the State of Rajasthan under Green National Highway Corridor Project GNHCP.,MoRTH,618235,,01/2025,278.1,,,12/2026,,,2026-02,FlashReport_February_2026.pdf,Ministry of Road Transport & Highways,Rajasthan,06/2025
Roads & Highways,206,Construction/Up gradation of Existing road to 2 Lane with Paved Shoulder including Geometric Improvement from Ranipool to Pakyong Balance work from Km 2.000 to 16.167 of NH-717-A on EPC basis under SARDP-NE Phase A in the State of Sikkim,NHIDCL,618426,,03/2018,264.84,380.94,,07/2024,09/2025,,2026-02,FlashReport_February_2026.pdf,Ministry of Road Transport & Highways,Sikkim,01/2023
Roads & Highways,207,Realignment of NH-717A from Design Ch.0.00 Km 77.800 of NH-10 to Design Ch.2.00 Km 3.100 of NH-717A with two lane paved shoulder including Major Bridge of 680 m in the State of Sikkim on EPC Mode-COS work,NHIDCL,618428,,01/2021,264.84,380.94,,04/2023,10/2025,,2026-02,FlashReport_February_2026.pdf,Ministry of Road Transport & Highways,Sikkim,04/2021
Roads & Highways,208,Construction of Trumpet Interchange Connecting Bangalore Chennai Expressway km.261705 to km. 262800 with Maduravoyal to Walajapet Section of NH 48 near Sriperumbudur Toll Plaza at km. 35700,National Highways Authority of India [NHAI],618480,,05/2023,162.55,162.56,,08/2025,,,2026-02,FlashReport_February_2026.pdf,Ministry of Road Transport & Highways,Tamil Nadu,02/2024
Roads & Highways,209,Balance Works for six laning of Sriperumbudur to karaipettai section of NH-4 New NH- 48 from 37000 Existing Km 37000 to Km 71015 Existing Km 71000 in Tamilnadu on EPC mode underNHDP Phase-V,National Highways Authority of India [NHAI],618522,,06/2024,411.16,411.16,,10/2026,,,2026-02,FlashReport_February_2026.pdf,Ministry of Road Transport & Highways,Tamil Nadu,01/2025
Roads & Highways,210,Improving the Alignment of Thoppur Ghat Section from Km 158.500 to Km 165.100 in Dharmapuri - Salem Section of NH-44,National Highways Authority of India [NHAI],618561,,03/2024,904.99,731.09,,03/2028,,,2026-02,FlashReport_February_2026.pdf,Ministry of Road Transport & Highways,Tamil Nadu,03/2025
Roads & Highways,211,Dindigul Bypass - Samyanallore from km. 373.275 to km. 426.00,National Highways Authority of India [NHAI],618562,,07/2006,579.0,295.5,,01/2009,,,2026-02,FlashReport_February_2026.pdf,Ministry of Road Transport & Highways,Tamil Nadu,
Roads & Highways,212,Poondiyankuppam Km.67.000 to Sattanathapuram Km.123.800,National Highways Authority of India [NHAI],618846,,03/2018,2565.63,2319.35,,01/2024,09/2024,,2026-02,FlashReport_February_2026.pdf,Ministry of Road Transport & Highways,Tamil Nadu,01/2022
Roads & Highways,213,Tuticorin - Tirunelveli from km. 0.00 to km. 47.250,National Highways Authority of India [NHAI],618773,,04/2010,449.85,452.48,,04/2012,,,2026-02,FlashReport_February_2026.pdf,Ministry of Road Transport & Highways,Tamil Nadu,
Roads & Highways,214,Trichy 135.800 to Karur 218.000 section of NH-67 - Trichy Bypass,National Highways Authority of India [NHAI],618743,,07/2007,876.88,360.88,,10/2024,,,2026-02,FlashReport_February_2026.pdf,Ministry of Road Transport & Highways,Tamil Nadu,
Roads & Highways,215,Construction of New Double Tier 4L Elevated Corridor from Chennai Port to Maduravoyal in Chennai District from km -0.342 to Km 20.593 and Package IV from Km 14.185 to Km 20.593,National Highways Authority of India [NHAI],619045,,03/2023,1205.4,1210.21,,05/2026,,,2026-02,FlashReport_February_2026.pdf,Ministry of Road Transport & Highways,Tamil Nadu,11/2023
Roads & Highways,216,Balance Works for Four laning of Vikravandi to Sethiyathope section from Km 0.0 to Km 65.96 of NH-45C in Tamil Nadu under NHDP Phase-IV on EPC mode,National Highways Authority of India [NHAI],618898,,01/2025,1163.17,834.46,,06/2027,,,2026-02,FlashReport_February_2026.pdf,Ministry of Road Transport & Highways,Tamil Nadu,06/2025
Roads & Highways,217,Kallagam km.38.700 to Meensurutti Km.98.433 of NH-227 in Tamil Nadu,National Highways Authority of India [NHAI],618899,,02/2018,1499.12,1499.12,,04/2021,,,2026-02,FlashReport_February_2026.pdf,Ministry of Road Transport & Highways,Tamil Nadu,04/2019
Roads & Highways,218,Four Laning of Trichy - Dindigul from km. 333.00 to km. 421.273 of NH-45,National Highways Authority of India [NHAI],618874,,01/2008,1003.11,435.81,,07/2010,,,2026-02,FlashReport_February_2026.pdf,Ministry of Road Transport & Highways,Tamil Nadu,
Roads & Highways,219,"Balance works of four lane from km 43.950 Thiruvallur Bypass to km 61.470 Veppampattu Bypass passing through Thannerkulam, Thozur and Sevapet Bypass 17.520 kms of Tirupathi- Tiruttani- Chennai section of NH 205",National Highways Authority of India [NHAI],619222,,03/2022,467.99,699.68,,09/2024,02/2025,,2026-02,FlashReport_February_2026.pdf,Ministry of Road Transport & Highways,Tamil Nadu,09/2022
Roads & Highways,220,Rehabilitation and upgradation of NH-221 from km 121/0 to 165/0 Rudrampur to Bhadrachalam section to two lane with paved shoulder under NHDPIV in the state of Telangana through EPC mode,MoRTH,619193,,01/2015,295.47,334.82,,02/2017,07/2020,,2026-02,FlashReport_February_2026.pdf,Ministry of Road Transport & Highways,Telangana,02/2015
Roads & Highways,221,Hyderabad - Maneguda,National Highways Authority of India [NHAI],618944,,10/2021,958.86,1218.49,,11/2026,,,2026-02,FlashReport_February_2026.pdf,Ministry of Road Transport & Highways,Telangana,11/2024
Roads & Highways,222,4L Access Controlled Greenfield Section Mancherial Warangal from Puttapaka village at Design Ch. 35.300 Km to Pangidipalle village at Design Ch. 72.350 KmPackage-II,National Highways Authority of India [NHAI],618812,,01/2023,1129.33,1145.41,,06/2027,,,2026-02,FlashReport_February_2026.pdf,Ministry of Road Transport & Highways,Telangana,06/2025
Roads & Highways,223,4L Access Controlled Greenfield Section Mancherial Warangal from Narva village at Design Ch. 3.834 Km to Puttapaka village at Design Ch. 35.300 Km Package-I,National Highways Authority of India [NHAI],618813,,03/2023,1127.9,1104.27,,12/2026,,,2026-02,FlashReport_February_2026.pdf,Ministry of Road Transport & Highways,Telangana,12/2024
Roads & Highways,224,4L Access Controlled Greenfield Highway section on NH-163G Warangal-Khammam from Venkatpur village in Warangal District at Design Ch. 150.240 Km to Thallasenkesa village in Mahabubabed District at Design Ch. 189.650 kmPackage-II,National Highways Authority of India [NHAI],618815,,03/2023,1092.88,1083.11,,04/2026,04/2026,,2026-02,FlashReport_February_2026.pdf,Ministry of Road Transport & Highways,Telangana,04/2024
Roads & Highways,225,Widening to two/four lane with paved shoulders from Km.34.250 to Km.71.830 of NH- 365A on Kodad-Khammam-Kurvi road.,MoRTH,618140,,10/2022,445.76,,,01/2027,,,2026-02,FlashReport_February_2026.pdf,Ministry of Road Transport & Highways,Telangana,02/2025
Roads & Highways,226,Widening to two lane with paved shoulders from Km 0/000 to Km 45/946 of Nizampet- Narayankhed-bidar section of NH-161B in the state of Telangana under Annual Plan 2021-22 on EPC mode under NHO,MoRTH,618091,,03/2022,512.98,,,02/2026,,,2026-02,FlashReport_February_2026.pdf,Ministry of Road Transport & Highways,Telangana,02/2024
Roads & Highways,227,Widening to 2 lane with paved shoulders from 0.00 to 32.970 ofAdilabadto Bela section of NH 353B in the State of Telangana,MoRTH,618130,,10/2022,490.92,,,05/2026,,,2026-02,FlashReport_February_2026.pdf,Ministry of Road Transport & Highways,Telangana,05/2024
Roads & Highways,228,Widening to Two lane with paved shoulders from 106/830 to 158/496 of Yellareddy- Rudrur Section of NH-765D in the state of Telangana on EPC mode under NHO under Annual plan 2022-23,MoRTH,618182,,10/2022,499.88,,,07/2026,,,2026-02,FlashReport_February_2026.pdf,Ministry of Road Transport & Highways,Telangana,07/2024
Roads & Highways,229,Widening to 2 lane with paved shoulders from Km 62/920 to km 106/830 of Medak - Yellareddy section in the State of Telangana under Annual Plan 2022-23 on EPC mode under NHO,MoRTH,618183,,10/2022,399.01,,,08/2026,,,2026-02,FlashReport_February_2026.pdf,Ministry of Road Transport & Highways,Telangana,08/2024
Roads & Highways,230,Widening to Two with Paved shoulders from Km 59.500 to Km 132.033 of Manneguda- Ravunapally section of NH-163 Erstwhile SH-4 in the State of Telangana on EPC mode under NH O Annual Plan 2016-17,MoRTH,617981,,03/2017,359.0,,,05/2019,,,2026-02,FlashReport_February_2026.pdf,Ministry of Road Transport & Highways,Telangana,05/2017
Roads & Highways,231,Rehabilitation and upgradation of NH-167 from design km 157.707 to 187.723 design length 30.016 km to two lane with paved shoulders of Alinagar-Miryalaguda Sec on EPC mode in the state of Telangana,MoRTH,617993,,02/2018,220.28,,,11/2019,,,2026-02,FlashReport_February_2026.pdf,Ministry of Road Transport & Highways,Telangana,05/2018
Roads & Highways,232,6-Laning of Pune-Hyderabad Section of NH-65 from Km 493/0 to Km 524/0 from Sangareddy X Roads to Madinaguda in the State of Telangana,MoRTH,617939,,03/2023,1297.75,,,07/2026,,,2026-02,FlashReport_February_2026.pdf,Ministry of Road Transport & Highways,Telangana,07/2024
Roads & Highways,233,4/6L Southern Ayodhya Bypass from Km 5.000 to Km 37.172 starting near Km. 112.540 and ending at Km. 153.281 of NH-27,NHAI,618568,,08/2024,2541.13,1983.05,,09/2027,,,2026-02,FlashReport_February_2026.pdf,Ministry of Road Transport & Highways,Uttar Pradesh,03/2025
Roads & Highways,234,4 -Laning of MP/UP Border to Kabarai section of NH-34&35 from km 197.000 to km 242.991 Length 45.991 Km Sagar-Kabrai Package-5 under Bharat Mala Pariyojana EC in MP & UP on HAM,National Highways Authority of India [NHAI],618669,,10/2022,1632.93,1425.43,,02/2027,,,2026-02,FlashReport_February_2026.pdf,Ministry of Road Transport & Highways,Uttar Pradesh,02/2025
Roads & Highways,235,"4 lanning of Aligarh Palwal section from km 0.00 to km 46.39 package -1 from khereshwar junction-kurana of NH33D , including khair & jattari bypass in the state of UP on HAM mode",National Highways Authority of India [NHAI],618690,,03/2024,1663.38,1685.69,,03/2027,,,2026-02,FlashReport_February_2026.pdf,Ministry of Road Transport & Highways,Uttar Pradesh,03/2025
Roads & Highways,236,Aligarh-Kanpur Pkg I [Aligarh-Bhadwas],National Highways Authority of India [NHAI],618692,,03/2018,1226.64,2069.6,,06/2022,04/2021,,2026-02,FlashReport_February_2026.pdf,Ministry of Road Transport & Highways,Uttar Pradesh,02/2019
Roads & Highways,237,Construction of Ring Road around kanpur from Ch.51.200 to Ch. 68.650 Badarka to Harbanch-Uchti Pkg-III,National Highways Authority of India [NHAI],618538,,09/2023,1792.68,1126.75,,07/2027,,,2026-02,FlashReport_February_2026.pdf,Ministry of Road Transport & Highways,Uttar Pradesh,01/2025
Roads & Highways,238,Construction of Ring Road Kanpur from Ch. 32.090 to Ch.51.200 Transganaga to Sathara Package-II B,National Highways Authority of India [NHAI],618539,,08/2024,1089.41,1106.92,,09/2027,,,2026-02,FlashReport_February_2026.pdf,Ministry of Road Transport & Highways,Uttar Pradesh,03/2025
Roads & Highways,239,"Improvement and Up-Gradation of Existing Road to 4L PS from Km 88.750 to 123.650, from Start of Shahjahanpur Bypass to start of Shahabad bypass of NH 731Pkg.-2A",National Highways Authority of India [NHAI],618858,,09/2022,955.34,955.34,,01/2026,06/2026,,2026-02,FlashReport_February_2026.pdf,Ministry of Road Transport & Highways,Uttar Pradesh,01/2024
Roads & Highways,240,4L from Devinagar Bypass End Existing Km. 208.000 of NH 530B/Design Km. 66.000 to Kasganj Bypass End Existing Km.150.100 of NH 530B/ Design Km. 123.100 of NH 530B,National Highways Authority of India [NHAI],618868,,03/2023,2289.52,2223.71,,06/2026,,,2026-02,FlashReport_February_2026.pdf,Ministry of Road Transport & Highways,Uttar Pradesh,06/2024
Roads & Highways,241,4L of Bareilly-Pilibhit-Sitarganj from Km. 0.000 to Km. 32.500 of NH-30 Pkg-1,National Highways Authority of India [NHAI],618782,,02/2023,1394.14,1394.14,,03/2026,08/2026,,2026-02,FlashReport_February_2026.pdf,Ministry of Road Transport & Highways,Uttar Pradesh,03/2024
Roads & Highways,242,4L of Moradabad-Thakurdwara-Kashipur Section from Km. 0.000 to Km. 38.77 of NH- 734 Pkg-II,National Highways Authority of India [NHAI],618927,,10/2022,2006.82,1890.05,,03/2026,12/2026,,2026-02,FlashReport_February_2026.pdf,Ministry of Road Transport & Highways,Uttar Pradesh,03/2024
Roads & Highways,243,4L of Moradabad western side spur connecting NH-734 & NH-24 from Km. 0.000 to Km. 33.200 Pkg-I,National Highways Authority of India [NHAI],618929,,11/2022,1841.92,1843.54,,09/2025,03/2026,,2026-02,FlashReport_February_2026.pdf,Ministry of Road Transport & Highways,Uttar Pradesh,09/2023
Roads & Highways,244,4L Behsuma at Km 39.250 Ex. Km 39240 To Bijnor at Km 78.810 Ex. Km 86590 Design Length 39.560 Km of NH-119 Pkg-II,National Highways Authority of India [NHAI],618923,,03/2023,2158.2,2553.12,,05/2026,,,2026-02,FlashReport_February_2026.pdf,Ministry of Road Transport & Highways,Uttar Pradesh,05/2024
Roads & Highways,245,2L PS of Najibabad Kotdwar section from 112.575 to Km. 138.635 of NH 119,National Highways Authority of India [NHAI],618924,,10/2021,188.87,99.2,,09/2025,04/2026,,2026-02,FlashReport_February_2026.pdf,Ministry of Road Transport & Highways,Uttar Pradesh,03/2024
Roads & Highways,246,Varanasi Gorakhpur Section Packege IV from km. 149.540 to km. 215.160 Mau- Gorakhpur,National Highways Authority of India [NHAI],618893,,04/2015,2966.63,3475.65,,10/2019,12/2024,,2026-02,FlashReport_February_2026.pdf,Ministry of Road Transport & Highways,Uttar Pradesh,04/2017
Roads & Highways,247,4L of Haridwar Nagina section Design Ch. LME from km 13.829 to km 17.110 & km 26.077 to km 27.508 and Design Ch. RME from km 13.839 to km 17.120 & km 26.078 to km 27.509 of EUP mitigation measures on NH74,National Highways Authority of India [NHAI],618875,,11/2021,183.92,142.11,,02/2024,12/2025,,2026-02,FlashReport_February_2026.pdf,Ministry of Road Transport & Highways,Uttarakhand,08/2022
Roads & Highways,248,Rehabilitation & upgradation of existing road to 2-lane with hard shoulder from Joshimath km 0.00 to Saraithota km 29.725 road on NH-107B under Bharatmala Pariyojna on EPC mode in the state of Uttarakhand,MoRTH,618218,,10/2022,338.38,,,05/2025,,,2026-02,FlashReport_February_2026.pdf,Ministry of Road Transport & Highways,Uttarakhand,05/2023
Roads & Highways,249,Upgradation to 2-lane with Hard shoulder configuration of Suraithota Ch. 29.725 km to Malari Ch. 60.550 km road on NH- 107B under in the state of Uttarakhand.,MoRTH,618219,,10/2022,292.76,,,05/2026,,,2026-02,FlashReport_February_2026.pdf,Ministry of Road Transport & Highways,Uttarakhand,05/2024
Roads & Highways,250,Widening to 2-lane with Hard Shoulder configuration of Mana Ch. 0.00 to Mana Pass Ch. 50.987 road on NH-07 under Bharatmala Pariyojna in the state of Uttarakhand under Annual Plan 2022-23 length 50.987,MoRTH,618207,,10/2022,573.96,,,10/2027,,,2026-02,FlashReport_February_2026.pdf,Ministry of Road Transport & Highways,Uttarakhand,10/2023
Roads & Highways,251,Construction and upgradation of existing road to 2-lane with paved shoulder from existing chainage Km 509.725 to Km 528.000 design chainage Km 490.550 to Km 507.850 of NH-58 new NH-07 Benakuli bend to Mana Village in EPC mode under Chardham Programme in the State of Uttarakhand.,MoRTH,618208,,02/2019,180.1,,,10/2021,,,2026-02,FlashReport_February_2026.pdf,Ministry of Road Transport & Highways,Uttarakhand,11/2019
Roads & Highways,252,Construction & up gradation of existing road to 2-Lane with paved shoulder from existing chainage km 468000 to km 489350 Design Chainage km 465150 to km 471500 of NH-07 Old NH-58 including Joshimath bypass on EPC mode in the state of Uttarakhand Length 6.35 km,MoRTH,618209,,03/2022,258.85,,,09/2025,,,2026-02,FlashReport_February_2026.pdf,Ministry of Road Transport & Highways,Uttarakhand,09/2022
Roads & Highways,253,Rehabilitation and upgradation of Askot-Lipulekh on EPC Basis for Phase-I Existing Km 72.00 to 107.620 Design Chainage Km 21330 to Km 56935 under Project Hirak of BRO in the state of Uttarakhand under Bharatmala Pariyojna Phase-I on EPC Mode Length-35.605 Km CA No EPC/MORT&H/HRK/01/2021-22,MoRTH,618210,,09/2020,603.92,,,12/2023,01/2024,,2026-02,FlashReport_February_2026.pdf,Ministry of Road Transport & Highways,Uttarakhand,12/2021
Roads & Highways,254,Improvement/construction of 2-lane with paved shoulder of Askote Llipulekh road from Tawaghat village to Budhi village design km. 56935 to km 95748 and from end of Tunnel portal to Kali Mandir design km 113828 to km. 133078 [total design length 58.063 km] under project Hirak of BRO in the state of Uttarakhand under Bharatmala Pariyojna on EPC Mode,MoRTH,618211,,05/2022,649.6,,,11/2026,,,2026-02,FlashReport_February_2026.pdf,Ministry of Road Transport & Highways,Uttarakhand,11/2024
Roads & Highways,255,Rehabilitation and Upgradation of road Rishikesh Dharasu Old NH-94 with 2-lane with paved shoulder from km 76.000 to km 110.000 Design Chainage from km 74.733 to km 107.347 32.614 km including construction of Kamand re-alignment from existing Chainage Km 105.200 to Km 108.600 design chainage Km 103.436 to Km 105.949 - total length 2513 mtrs and land slide treatment work between design chainage Km 73.800 to Km 74.00 200m on EPC mode under improvement to NH connectivity to Chardham in,MoRTH,618213,,03/2018,273.76,,,01/2021,,,2026-02,FlashReport_February_2026.pdf,Ministry of Road Transport & Highways,Uttarakhand,01/2019
Roads & Highways,256,Rehabilitation and upgradation to 2 lane / 2 lane with paved shoulder configuration for design chainage km 107.347 to km 129.208 & km 133.878 to km 138.570 existing chainage km 110.000 to km 133.020 & km 137.330 to km 142.028 and land slide treatment at existing km 138.500 Design chainage km 134.970 of NH -94 on EPC mode under improvement to NH connectivity to Chardham in the state of Uttarakhand.,MoRTH,618214,,03/2018,346.5,,,07/2021,,,2026-02,FlashReport_February_2026.pdf,Ministry of Road Transport & Highways,Uttarakhand,01/2019
Roads & Highways,257,Landslide treatment work on NH 58 from Kodiyala Km. 266.130 to Devprayag Km. 296.925 10 location under EPC mode in the State of Uttarakhand on EPC Mode,MoRTH,617888,,01/2023,192.54,,,02/2025,,,2026-02,FlashReport_February_2026.pdf,Ministry of Road Transport & Highways,Uttarakhand,02/2024
Roads & Highways,258,Treatment of landslide zone from location no. 01 to 28 km 62.860 to 152.750 on NH- 12509 in the State of Uttarakhand under EPC mode in NHO Annual Plan 2022-23,MoRTH,617889,,11/2022,192.22,,,06/2024,,,2026-02,FlashReport_February_2026.pdf,Ministry of Road Transport & Highways,Uttarakhand,06/2023
Roads & Highways,259,Construction of Rudraprayag tunnel of length 900.30 MTR including approaches and one major bridge on river Alaknanda connecting NH-107/old-109 to NH-07old-58 on EPC mode in the state of Uttarakhand.,MoRTH,617967,,02/2021,251.88,,,07/2025,,,2026-02,FlashReport_February_2026.pdf,Ministry of Road Transport & Highways,Uttarakhand,01/2023
Roads & Highways,260,Rehabilitation and Upgradation to Two lanes with Paved Shoulders configuration and Strengthening from Km 175.00 to Km 196.00 Gumkhal to Satpuli of NH-119 New NH- 534 in the State of Uttarakhand under NHO Annual Plan 2021-22 under EPC mode,MoRTH,618040,,03/2022,452.81,,,01/2027,,,2026-02,FlashReport_February_2026.pdf,Ministry of Road Transport & Highways,Uttarakhand,01/2025
Roads & Highways,261,Rehabilitation and up-gradation to 2-lane configuration of Bageshwar to Kangarchina road from km 129.600 to Km 161.600 Existing Chainage 136.00 to Km 169.00 of NH- 309Ain the State of Uttarakhand Package-IV under NHO Annual Plan 2021-22,MoRTH,618119,,03/2022,472.23,,,02/2027,,,2026-02,FlashReport_February_2026.pdf,Ministry of Road Transport & Highways,Uttarakhand,08/2024
Roads & Highways,262,"Construction or 4 lane Raniganj Bypass of length 5.261 km on NH-60 new NH-14 from km 273.00 of NH to km 478.18 of NH-2 New NH 16 in paschim Bardhaman, West Bengal in EPC Mode- reg. Job No. 014-WB-2022-23/514",MoRTH,617894,,03/2023,410.83,,,03/2026,,,2026-02,FlashReport_February_2026.pdf,Ministry of Road Transport & Highways,West Bengal,03/2024
Roads & Highways,263,Construction of ROB and its approaches in lieu of LC No. 10/B/T at Km 307.050 of NH-60.,MoRTH,617931,,03/2016,155.87,138.57,,08/2025,,,2026-02,FlashReport_February_2026.pdf,Ministry of Road Transport & Highways,West Bengal,08/2023
Roads & Highways,264,Balance Works of 4L of NH-31D from Km. 113.200 to Km. 154.854 Package-II A Ghoshpukur-Salsalabari Section,National Highways Authority of India [NHAI],618574,,11/2023,1818.46,962.31,,06/2027,,,2026-02,FlashReport_February_2026.pdf,Ministry of Road Transport & Highways,West Bengal,12/2024
Roads & Highways,265,6L Elevated Kona Expressway from Km. 0.145 to Km. 7.337 of NH-117,National Highways Authority of India [NHAI],618808,,03/2023,1212.56,1203.11,,12/2026,,,2026-02,FlashReport_February_2026.pdf,Ministry of Road Transport & Highways,West Bengal,06/2024
Roads & Highways,266,4 laning of Barasat - Barajaguli Section of NH-12 from Km. 31.000 to Km. 48.679 in the district of North 24 - Parganas,National Highways Authority of India [NHAI],618823,,02/2024,352.01,346.39,,02/2026,,,2026-02,FlashReport_February_2026.pdf,Ministry of Road Transport & Highways,West Bengal,08/2024
Roads & Highways,267,"Development to 4-laning of the de-scoped stretches from Km 115.342 to Km 191.700 of NH-34 in Nadia District 3.962 & Murshidabad District 5.538 pertaining to Krishnagar to Berhampore section of NH-34 New NH-12 , in the state of West Bengal under NHO.",National Highways Authority of India [NHAI],618824,,03/2024,201.1,197.74,,01/2026,,,2026-02,FlashReport_February_2026.pdf,Ministry of Road Transport & Highways,West Bengal,07/2024
Roads & Highways,268,"Slope protection and landslide mitigation at 4 vulnerable locations km 1.950 to Km 2.100, km 11.100 to 11.450, km 22.435 to km 22.485 and km 22.610 to km 22.680 within Sevoke-Rangpo section of NH-10 old NH-31A in Darjeeling & Kalimpong district in the State of West Bengal on EPC mode",NHIDCL,619187,,06/2025,152.27,,,06/2027,,,2026-02,FlashReport_February_2026.pdf,Ministry of Road Transport & Highways,West Bengal,
Roads & Highways,1,4L of Munger Mirzachauki section from Munger to Kharia village junction from Km 69520 to Km 95580 Pkg-1,NHAI,619289,,01/2021,1659.81,1696.66,,03/2024,06/2026,,2026-03,FlashReport_March_2026.pdf,Ministry of Road Transport & Highways,Bihar,03/2022
Roads & Highways,2,Construction of Approach Road to Rail-cum- Road Bridge across river Ganga at Munger Ghat NH-333 B,NHAI,619301,,12/2018,537.88,633.91,,05/2021,04/2026,,2026-03,FlashReport_March_2026.pdf,Ministry of Road Transport & Highways,Bihar,
Roads & Highways,3,4L of Munger Mirzachauki section from start of existing Bhagalpur bypass to Rasulpur from Km 125000 to Km 157350 Pkg-3,NHAI,619305,,01/2021,1769.5,2024.59,,04/2024,06/2026,,2026-03,FlashReport_March_2026.pdf,Ministry of Road Transport & Highways,Bihar,04/2022
Roads & Highways,4,4L of Munger Mirzachauki section from Km 95580 to Km 125000 Pkg-2,NHAI,619306,,02/2021,1020.84,1235.65,,03/2024,04/2026,,2026-03,FlashReport_March_2026.pdf,Ministry of Road Transport & Highways,Bihar,03/2022
Roads & Highways,5,4L of Munger Mirzachauki section from Km 157350 to Km 193931 Pkg-4,NHAI,619307,,02/2021,1376.56,1481.58,,08/2024,04/2026,,2026-03,FlashReport_March_2026.pdf,Ministry of Road Transport & Highways,"Multi-States (Bihar, Jharkhand)",08/2022
Roads & Highways,6,4L Poanta SahebMednipur from Km. 435.65 to km. 458.65 of NH-07Pkg-1,NHAI,619291,,03/2022,524.54,657.32,,05/2025,04/2026,,2026-03,FlashReport_March_2026.pdf,Ministry of Road Transport & Highways,"Multi-States (Himachal Pradesh, Uttarakhand)",05/2023
Roads & Highways,7,Construction of two lane with paved shoulder of Ghatol Bypass from km 133.250 to km 140.950 of NH-56 old NH No. 113 on EPC mode in the State of Rajasthan.,MoRTH,619251,,03/2025,170.49,,,09/2027,,,2026-03,FlashReport_March_2026.pdf,Ministry of Road Transport & Highways,Rajasthan,03/2026
Roads & Highways,8,6L access-controlled highway from Ganeshpur tonear Mohand of Ganeshpur Dehradun section from Km.0 to Km.8.3 of NH-72A Package-1,NHAI,619308,,11/2020,836.24,835.74,,10/2023,04/2026,,2026-03,FlashReport_March_2026.pdf,Ministry of Road Transport & Highways,Uttar Pradesh,10/2021
Roads & Highways,9,4L Medinipur to Ballupur from Km. 458.65 to Km. 487.65 of NH-07Pkg-2,NHAI,619292,,03/2022,1092.9,1072.5,,02/2025,04/2026,,2026-03,FlashReport_March_2026.pdf,Ministry of Road Transport & Highways,Uttarakhand,02/2023
Roads & Highways,10,Construction of 4 Lane Access Controlled Bypass for Dehradun on NH307 from Design Chainage km 0050 Jhajra on NH-07 to Design Chainage km 12220 Asharori on EPC Mode in the State of Uttarakhand under NHO,NHAI,619293,,12/2023,715.97,337.11,,04/2027,04/2027,,2026-03,FlashReport_March_2026.pdf,Ministry of Road Transport & Highways,Uttarakhand,04/2025
Roads & Highways,11,Road Safety Improvement of existing four lane section of Dehradun-Lal Tappar-Nepali Farm Section of NH-7 and Nepali Farm-Motichur NH-34 on EPC Mode in Uttarakhand under NHO.,NHAI,619294,,05/2025,720.67,388.19,,08/2028,08/2028,,2026-03,FlashReport_March_2026.pdf,Ministry of Road Transport & Highways,Uttarakhand,02/2026
Roads & Highways,12,Four/Six laning of Bhaniyawala-Jollygrant-Rishikesh spur section of NH-07 from Km. 0.000 to Km 19.780,NHAI,619295,,02/2023,742.43,664.92,,11/2027,11/2027,,2026-03,FlashReport_March_2026.pdf,Ministry of Road Transport & Highways,Uttarakhand,12/2025
Real Estate,1,Orvakal Industrial Area,NICDC,617727,,08/2024,2786.0,,,10/2028,,,2026-04,FlashReport_April2026.pdf,,Andhra Pradesh,10/2025
Real Estate,2,Kopparthy Industrial Area,NICDC,617729,,08/2024,2136.0,,,10/2028,,,2026-04,FlashReport_April2026.pdf,,Andhra Pradesh,10/2025
Real Estate,3,Development of Palakkad Node under extension of CBIC to Kochi,National Industrial Corridor Development Corporation,701668,,08/2024,3805.0,,,04/2029,,,2026-04,FlashReport_April2026.pdf,,Kerala,10/2025
Real Estate,4,Development of Zaheerabad Node under Hyderabad Nagpur Industrial Corridor,National Industrial Corridor Development Corporation,601812,,08/2024,2360.0,,,01/2029,,,2026-04,FlashReport_April2026.pdf,,Telangana,02/2026
Real Estate,5,IMC at Prayagraj,National Industrial Corridor Development Corporation,707419,,08/2024,658.0,,,12/2028,,,2026-04,FlashReport_April2026.pdf,,Uttar Pradesh,04/2026
Education,6,Construction of IIT Bhubaneswar -Phase III,"Indian Institute of Technology, Bhubaneshwar",611961,,02/2024,454.27,,,11/2026,,,2026-04,FlashReport_April2026.pdf,Department of Higher Education,Odisha,05/2024
Coal,7,North Dhadu Western Part OCP,NLC India Limited [NLCIL],617764,,10/2023,1354.2,,,03/2029,,,2026-04,FlashReport_April2026.pdf,Ministry of Coal,Jharkhand,12/2023
Electricity Generation,8,810 MW Solar Power Project - Rajasthan,NLC India Limited [NLCIL],618981,,10/2024,4147.07,,,03/2028,,,2026-04,FlashReport_April2026.pdf,Ministry of Coal,Rajasthan,09/2025
Urban Public Transport,9,Bangalore Metro Rail Project - PHASE-3,Bengaluru Metro Rail,612878,,06/2026,15611.0,,,05/2031,,,2026-04,FlashReport_April2026.pdf,Ministry of Housing & Urban Affairs,Karnataka,
Waste & Water,10,Lucknow Sewerage Management Infrastructure Project,Ministry of Housing & Urban Affairs,702958,,05/2019,142.46,173.21,,03/2023,05/2026,,2026-04,FlashReport_April2026.pdf,Ministry of Housing & Urban Affairs,Uttar Pradesh,
Energy Storage,11,Setting up of 50 MW [plus/minus 5 percent] Wind Power Plant for Captive Consumption at MR,MinistryofPetroleumNaturalGas,619313,,05/2023,483.14,483.14,,04/2027,04/2027,,2026-04,FlashReport_April2026.pdf,Ministry of Petroleum & Natural Gas,Maharashtra,05/2023
Oil & Gas,12,"Group Gathering Station, Lakwagaon",Ministry of Petroleum & Natural Gas,619316,,10/2025,495.59,495.59,,10/2027,10/2027,,2026-04,FlashReport_April2026.pdf,Ministry of Petroleum & Natural Gas,Assam,10/2025
Oil & Gas,13,Pipeline Replacement Project- PRP-IX,Ministry of Petroleum & Natural Gas,619314,,08/2025,6175.0,,,05/2027,,,2026-04,FlashReport_April2026.pdf,Ministry of Petroleum & Natural Gas,Offshore,08/2025
Oil & Gas,14,Bulk Loading Hub- Kanpur,MinistryofPetroleumNaturalGas,619312,,09/2025,186.0,186.0,,09/2027,09/2027,,2026-04,FlashReport_April2026.pdf,Ministry of Petroleum & Natural Gas,Uttar Pradesh,09/2025
Electricity Generation,15,Kalai-II Hydro Electric Project [1200 MW],THDC India Limited,619311,,04/2026,14105.83,,,10/2032,,,2026-04,FlashReport_April2026.pdf,Ministry of Power,Arunachal Pradesh,04/2026
Electricity Generation,16,700 MW Tato-II HE Project,North Eastern Electric Power Corporation Limited,611716,,09/2025,8146.21,,,09/2031,,,2026-04,FlashReport_April2026.pdf,Ministry of Power,Arunachal Pradesh,09/2025
Electricity Generation,17,"Darlipali Super Thermal Power Project, Stage-II [1x800 MW]",National Thermal Power Corporation [NTPC],619056,,11/2025,11131.0,,,01/2031,,,2026-04,FlashReport_April2026.pdf,Ministry of Power,Odisha,11/2025
Transmission & Distribution,18,Transmission system for evacuation of Power from REZ in Rajasthan [20 GW] under phase-III Part-D Phase-II,Power Grid Corporation of India Limited [POWERGRID],615336,,11/2023,284.0,,,02/2026,12/2026,,2026-04,FlashReport_April2026.pdf,Ministry of Power,Delhi,10/2024
Transmission & Distribution,19,Transmission System Strengthening for integration of additional RE Potential at Davanagere [0.25 GW] and Bellary [2.75 GW],Power Grid Corporation of India Limited [POWERGRID],619228,,02/2026,1111.0,,,02/2028,,,2026-04,FlashReport_April2026.pdf,Ministry of Power,Karnataka,02/2026
Transmission & Distribution,20,Network Expansion Scheme in Maharashtra for removal of Transmission constraints in Pune Region-I [765/400kV AIS Pune East],Power Grid Corporation of India Limited [POWERGRID],619227,,03/2026,1420.0,,,03/2028,,,2026-04,FlashReport_April2026.pdf,Ministry of Power,Maharashtra,03/2026
Railways,21,Doubling of Narkatiaganj Raxaul Sitamarhi Darbhanga & Sitamarhi Muzaffarpur 256 KM,East Central Railway [ECR] - I,617239,,11/2024,4079.95,,,11/2029,,,2026-04,FlashReport_April2026.pdf,Ministry of Railways,Bihar,11/2025
Railways,22,Chandargaon - Cansaulium Rail Flyover Project [16 Km],South Western Railway [SWR] - II,706865,,04/2026,1892.0,,,03/2031,,,2026-04,FlashReport_April2026.pdf,Ministry of Railways,Goa,
Railways,23,Desalpar-Hajipir-Luna and Vayor-Lakhpat New Line,Western Railway [WR] - II,617880,,09/2025,2526.47,,,09/2028,,,2026-04,FlashReport_April2026.pdf,Ministry of Railways,Gujarat,09/2025
Railways,24,Kosamba Umarpada GC PROJECT,Ministry of Railways-,616983,,07/2023,467.58,,,06/2027,,,2026-04,FlashReport_April2026.pdf,Ministry of Railways,Gujarat,07/2023
Railways,25,Parasnath-Madhuban-Giridih new line,East Central Railway [ECR] - I,705747,,03/2019,902.86,,,03/2024,03/2026,,2026-04,FlashReport_April2026.pdf,Ministry of Railways,Jharkhand,03/2019
Railways,26,Construction of New BG line between Hassan [Alur] to Belur [ Km 27.34],South Western Railway [SWR] - II,705762,,06/2019,748.86,,,04/2027,12/2027,,2026-04,FlashReport_April2026.pdf,Ministry of Railways,Karnataka,09/2022
Railways,27,Hubli-Ankola New Line Project [164.44 km],South Western Railway [SWR] - II,705493,,01/1999,5174.0,,,03/2005,03/2030,,2026-04,FlashReport_April2026.pdf,Ministry of Railways,Karnataka,01/2000
Railways,28,Bangalore-Satyamanglam New Line Project [260 Km] - Part Hejjala - Chamarajanagar [142 Km],South Western Railway [SWR] - II,705464,,02/1999,1382.78,,,12/2031,,,2026-04,FlashReport_April2026.pdf,Ministry of Railways,Karnataka,07/2026
Railways,29,Gauge Conversion of Pachora-Jamner with Extension upto Malkapur [Bodwad] [84.34 Kms],Central Railway [CR] - II,612845,,08/2022,955.39,,,07/2028,,,2026-04,FlashReport_April2026.pdf,Ministry of Railways,Maharashtra,01/2026
Railways,30,Wardha - Yavatmal Nanded Railway Line Project,Central Railways,705497,,02/2008,3445.34,4030.69,,12/2026,,,2026-04,FlashReport_April2026.pdf,Ministry of Railways,Maharashtra,04/2013
Railways,31,Byrnihat-Shillong New Rail Line- 108 km,Northeast Frontier Railway [NFR],705396,,04/2011,8324.28,8342.28,,03/2021,03/2027,,2026-04,FlashReport_April2026.pdf,Ministry of Railways,Meghalaya,03/2010
Railways,32,Tetlia-Byrnihat New Railway Line,Northeast Frontier Railway [NFR],705394,,08/2010,1304.62,1304.62,,11/2011,06/2027,,2026-04,FlashReport_April2026.pdf,Ministry of Railways,"Multi-States (Assam, Meghalaya)",03/2007
Railways,33,Rourkela-Bondamunda A-Cabin 5th line [9.6 km],CAO/C/SER,615915,,09/2022,244.99,,,03/2026,,,2026-04,FlashReport_April2026.pdf,Ministry of Railways,Odisha,12/2023
Railways,34,Naupada-Gunupur - New line upto Theruvali [73.62 km],Indian Railway,616839,,08/2024,1165.89,,,12/2029,,,2026-04,FlashReport_April2026.pdf,Ministry of Railways,Odisha,04/2026
Railways,35,Ludhiana Mullanpur 21Km Doubling Railway project,CAO/C/NR,607653,,10/2022,234.78,,,06/2024,,,2026-04,FlashReport_April2026.pdf,Ministry of Railways,Punjab,
Railways,36,Dedicated Test Track for RDSO /Phase-II Project,North Western Railway [NWR],706836,,11/2021,466.42,,,03/2026,,,2026-04,FlashReport_April2026.pdf,Ministry of Railways,Rajasthan,01/2022
Railways,37,Madurai- Tuticorin New Line,Ministry of Railways,705489,,04/2011,601.43,2084.48,,07/2021,12/2027,,2026-04,FlashReport_April2026.pdf,Ministry of Railways,Tamil Nadu,09/2016
Roads & Highways,38,4 L of China Orampadu-Renigunta section of NH-716 Package-II of Kadapa-Renigunta section,National Highways Authority of India [NHAI],619102,,12/2022,1500.11,,,03/2028,03/2028,,2026-04,FlashReport_April2026.pdf,Ministry of Road Transport & Highways,Andhra Pradesh,03/2026
Roads & Highways,39,4L of Kadapa China Orampadu section of NH-716 Package I of Kadapa-Renigunta section,National Highways Authority of India [NHAI],618633,,12/2022,1732.66,,,03/2028,03/2028,,2026-04,FlashReport_April2026.pdf,Ministry of Road Transport & Highways,Andhra Pradesh,03/2026
Roads & Highways,40,"lmprovement and Widening to 2 lane with paved Shoulder of NH-15 old NH-52 from Existing Km 770.600 Design Km 24.819 to Existing km 805.750 Design Km 59.885 Kamlang T-Junction to Chowkham, Existing Length 35.150 Km, Design Length-35.066 Km in the state of Arunachal Pradesh on EPC mode Pkg-2",NHIDCL,619014,,12/2023,316.73,,,02/2028,,,2026-04,FlashReport_April2026.pdf,Ministry of Road Transport & Highways,Arunachal Pradesh,02/2026
Roads & Highways,41,Muzaffarpur - Sonbarsa Section of NH-77 from km 2.800 to km 89.000,NHAI,619320,,05/2011,2290.72,2311.1,,11/2013,06/2026,,2026-04,FlashReport_April2026.pdf,Ministry of Road Transport & Highways,Bihar,
Roads & Highways,42,"Construction of 6-lane Greenfield corridor from Ramnagar to Kacchi Dargah NH-119D from Km 109700 to Km 122300, including widening of the existing NH-31 from Km 196700 to Km 198600, as part of the Amas-Darbhanga.",National Highways Authority of India [NHAI],618742,,01/2025,1113.46,,,04/2028,04/2028,,2026-04,FlashReport_April2026.pdf,Ministry of Road Transport & Highways,Bihar,04/2026
Roads & Highways,43,Construction of four laning of Bakarpur- Manikpur road section starting from village Chitarsenpur km 0000 and terminating at SH-74 near Manikpur 38814 at NH-139W under Bharatmalapariyona,National Highways Authority of India [NHAI],618790,,03/2023,1422.37,1537.99,,04/2027,09/2027,,2026-04,FlashReport_April2026.pdf,Ministry of Road Transport & Highways,Bihar,10/2024
Roads & Highways,44,4L of Hajipur-Muzaffarpur Section of the existing NH-77 from Km. 0000 Ramashish Chowk to Km. 46300 and new bypass starting at Km. 46300 and connecting NH-28 of E-W Corridor at Km. 515045,NHAI,619317,,08/2010,2723.39,2906.78,,02/2013,05/2026,,2026-04,FlashReport_April2026.pdf,Ministry of Road Transport & Highways,Bihar,
Roads & Highways,45,Construction of missing link from Birhu to Lathiani from Km 35/550 Design chainage Km 0.000 to Km 42/800 Design Chainage Km 8.153on NH-503A including Lathiani Bridge on back water of Govindsagar and its approaches in Himachal Pradesh.,MoRTH,618253,,06/2023,870.95,896.86,,03/2029,03/2029,,2026-04,FlashReport_April2026.pdf,Ministry of Road Transport & Highways,Himachal Pradesh,03/2026
Roads & Highways,46,Construction of Chintamani Bypass from Design Ch.0000 Existing Ch.428880 to Design Ch.15400 Existing Ch.444010 on NH-69 in the State of Karnataka in EPC Mode under NHO Annual Plan 2022-23. NH-69-KNT-2022-23-989 dated 24.03.2023,MoRTH,617951,,03/2023,314.55,,,07/2027,07/2027,,2026-04,FlashReport_April2026.pdf,Ministry of Road Transport & Highways,Karnataka,01/2026
Roads & Highways,47,Upgradation of Shahdol- Sagartola Section of NH 543 from km 0000 to km 69400 to 2 lane with paved shoulders under Hybrid Annuity Mode HAM in the State of Madhya Pradesh,MoRTH,618044,,02/2024,851.4,,,03/2028,,,2026-04,FlashReport_April2026.pdf,Ministry of Road Transport & Highways,Madhya Pradesh,03/2026
Roads & Highways,48,4L Vidisha Gyaraspur section of NH-146 from Design Chainage km 59475 existing chainage km 81240 to Design Chainage km 88361 existing chainage km 110.315,National Highways Authority of India [NHAI],618662,,10/2024,980.2,,,03/2028,03/2028,,2026-04,FlashReport_April2026.pdf,Ministry of Road Transport & Highways,Madhya Pradesh,03/2026
Roads & Highways,49,Udgir Raavi Degloor Aadampur phata to Sagroli fata,MoRTH,617937,,11/2024,809.77,,,04/2028,,,2026-04,FlashReport_April2026.pdf,Ministry of Road Transport & Highways,Maharashtra,04/2026
Roads & Highways,50,"4L Godibandha to Ballhar Chhak, Ballhar Chhak to Banarpal & Banarpal to Start of Angul bypass at Km.314.130 to Km.321.035 of NH53, at Km.75.200 to Km.84.000 of NH149 & at Km.84.000 to Km.86.100 of NH55",National Highways Authority of India [NHAI],618705,,12/2024,973.12,,,02/2028,02/2028,,2026-04,FlashReport_April2026.pdf,Ministry of Road Transport & Highways,Odisha,02/2026
Roads & Highways,51,4/6L Greenfield Ludhiana Rupnagar highway from Jn. with NE-5 village near to ManewalLudhiana to Jn. with NH-205 near Bheora Village Rupnagar from Km. 0.00 to Km. 37.7 including spur to Kharar with Ludhiana bypass of NH-205K Pkg-1,National Highways Authority of India [NHAI],619318,,05/2021,1368.91,1382.48,,12/2024,12/2027,,2026-04,FlashReport_April2026.pdf,Ministry of Road Transport & Highways,Punjab,12/2022
Roads & Highways,52,Construction of 4 lane Bypass to Nalgonda Town lrorn Km 000 Existing Ch. 181590 to Km 14.00 Existing Ch. 28/685 ol Nakrekal to Nagarjunsagar Section of NH -565 in the State of Telangara on EPC under Annual Plan 2024 -25,MoRTH,619253,,10/2024,516.17,,,10/2027,,,2026-04,FlashReport_April2026.pdf,Ministry of Road Transport & Highways,Telangana,10/2025
Roads & Highways,53,Upgradation to Two Lane with Paved Shoulders from Km 0.000 to Km 41.920 Green Field Alignment of Gowrelly to Valigonda Section of NH-930P in the State of Telangana on EPC Mode under Annual Plan 2022-23,MoRTH,619009,,11/2022,690.33,,,04/2028,,,2026-04,FlashReport_April2026.pdf,Ministry of Road Transport & Highways,Telangana,05/2026
Roads & Highways,54,"Improvement and up-gradation of NH-227B 84 Kosi Parikrama Marg PackageV, from Design Km.140.960 Patranga to Km.160.200 Bahuvan Madar Majha on EPC mode in the State of Uttar Pradesh",MoRTH,618114,,03/2023,1192.33,,,08/2028,08/2028,,2026-04,FlashReport_April2026.pdf,Ministry of Road Transport & Highways,Uttar Pradesh,02/2026
Roads & Highways,55,Four laning of Agra-Aligarh Section from Km. 0.000 Junction of NH-34 Aligarh Km 144.60 to Km. 28.000 near Asroi village in Hathras of NH-509 Package-I,National Highways Authority of India [NHAI],618768,,06/2024,1309.08,,,03/2028,11/2028,,2026-04,FlashReport_April2026.pdf,Ministry of Road Transport & Highways,Uttar Pradesh,03/2026
Logistics Infrastructure,1,Multi Modal Transport Hub [MMTH] Project at Boraki in Greater Noida - Infrastructure Development - Phase 1,National Industrial Corridor Development Corporation,707414,,12/2020,1480.0,,,03/2030,,,2026-05,FlashReport_May2026.pdf,,Uttar Pradesh,11/2026
Real Estate,2,Development of Jodhpur Pali Marwar Industrial Area JPMIA in Rajasthan,National Industrial Corridor Development Corporation,603210,,08/2024,921.66,,,07/2028,,,2026-05,FlashReport_May2026.pdf,,Rajasthan,01/2026
Healthcare,3,Establishment of new GMC Saran [Chhapara],"Medical Education, Ministry of Health and Family Welfare",706965,,,189.0,,,,,,2026-05,FlashReport_May2026.pdf,Ministry of Health & Family Welfare,Bihar,
Healthcare,4,Establishment of new GMC Samastipur,"Medical Education, Ministry of Health and Family Welfare",706966,,,189.0,,,,,,2026-05,FlashReport_May2026.pdf,Ministry of Health & Family Welfare,Bihar,
Healthcare,5,Establishment of new GMC Sitamarhi,"Medical Education, Ministry of Health and Family Welfare",707016,,,250.0,,,,,,2026-05,FlashReport_May2026.pdf,Ministry of Health & Family Welfare,Bihar,
Healthcare,6,Establishment of new GMC Jhanjharpur,"Medical Education, Ministry of Health and Family Welfare",707017,,,250.0,,,,,,2026-05,FlashReport_May2026.pdf,Ministry of Health & Family Welfare,Bihar,
Healthcare,7,Establishment of new GMC Siwan,"Medical Education, Ministry of Health and Family Welfare",707018,,,250.0,,,,,,2026-05,FlashReport_May2026.pdf,Ministry of Health & Family Welfare,Bihar,
Healthcare,8,Establishment of new GMC Buxar,"Medical Education, Ministry of Health and Family Welfare",707019,,,250.0,,,,,,2026-05,FlashReport_May2026.pdf,Ministry of Health & Family Welfare,Bihar,
Healthcare,9,Establishment of new GMc Udhampur,"Medical Education, Ministry of Health and Family Welfare",707051,,09/2019,325.0,,,03/2027,,,2026-05,FlashReport_May2026.pdf,Ministry of Health & Family Welfare,Jammu and Kashmir,01/2022
Healthcare,10,Establishment of new GMC Handwara [Distt. Kupwara],"Medical Education, Ministry of Health and Family Welfare",707052,,,325.0,,,,,,2026-05,FlashReport_May2026.pdf,Ministry of Health & Family Welfare,Jammu and Kashmir,
Healthcare,11,Establishment of new GMC Leh,"Medical Education, Ministry of Health and Family Welfare",707057,,,325.0,,,,,,2026-05,FlashReport_May2026.pdf,Ministry of Health & Family Welfare,Ladakh,
Healthcare,12,Establishment of new GMC Gondia,"Medical Education, Ministry of Health and Family Welfare",706988,,,189.0,,,,,,2026-05,FlashReport_May2026.pdf,Ministry of Health & Family Welfare,Maharashtra,
Healthcare,13,Establishment of new GMC West Garo Hills [Tura],"Medical Education, Ministry of Health and Family Welfare",706989,,,189.0,,,,,,2026-05,FlashReport_May2026.pdf,Ministry of Health & Family Welfare,Meghalaya,
Healthcare,14,Establishment of new GMC Mon,"Medical Education, Ministry of Health and Family Welfare",707067,,,325.0,,,,,,2026-05,FlashReport_May2026.pdf,Ministry of Health & Family Welfare,Nagaland,
Urban Public Transport,15,Jaipur Metro Phase 1C from Badi Chaupar to Transport Nagar via Ramganj,Jaipur Metro Rail Corporation,612066,,09/2023,980.08,,,04/2027,,,2026-05,FlashReport_May2026.pdf,Ministry of Housing & Urban Affairs,Rajasthan,
Urban Public Transport,16,Jaipur Metro Phase 1D Project from Mansarovar to Ajmer Road Chauraha,Jaipur Metro Rail Corporation,612068,,12/2023,204.81,,,03/2026,,,2026-05,FlashReport_May2026.pdf,Ministry of Housing & Urban Affairs,Rajasthan,
Urban Public Transport,17,"Extension of Aqua Line Metro Corridor from Noida Sector-142 station to Botanical Garden, Noida of Noida Metro Rail Corporation",Noida Metro Rail Corporation Ltd. [NMRCL],616221,,03/2026,2254.35,,,03/2030,,,2026-05,FlashReport_May2026.pdf,Ministry of Housing & Urban Affairs,Uttar Pradesh,03/2026
Oil & Gas,18,ONGC-BP Redevelopment Phase-1 Scheme of Mumbai High Field,Ministry of Petroleum & Natural Gas,619328,,11/2025,3713.4,3908.0,,03/2027,03/2027,,2026-05,FlashReport_May2026.pdf,Ministry of Petroleum & Natural Gas,Maharashtra,11/2025
Shipping,19,"Integrated development of Outer Container Terminal and berth No. 1 though 5 NSD at KDS, SMPK on DBFOT basis through PPP mode",Syama Prasad Mookerjee Port Kolkata,619229,,03/2025,832.25,,,08/2028,,,2026-05,FlashReport_May2026.pdf,"Ministry of Ports, Shipping and Waterways",West Bengal,02/2027
Electricity Generation,20,"Telangana Super Thermal Power Project , Stage-II [3 x 800 MW]",National Thermal Power Corporation [NTPC],619341,,03/2026,29344.85,,,01/2032,,,2026-05,FlashReport_May2026.pdf,Ministry of Power,Telangana,03/2026
Railways,21,Nidadavolu-Duvvada 3rd & 4th Lines,South Central Railway [SCR] - II,619326,,04/2026,9889.24,,,01/2032,,,2026-05,FlashReport_May2026.pdf,Ministry of Railways,Andhra Pradesh,04/2026
Roads & Highways,22,4L of Pathalgaon-Kunkuri-CG/JH Border section of NH-43 from Km. 00.000 to Km.104.250,National Highways Authority of India [NHAI],618646,,08/2024,3147.07,,,04/2029,04/2029,,2026-05,FlashReport_May2026.pdf,Ministry of Road Transport & Highways,Chhattisgarh,04/2026
Roads & Highways,23,4-laning of Navelim to Cuncolim Section of NH-66 from Km 554.245 to Km 561.480 on HAM Mode,MoRTH,617943,,12/2024,746.75,,,10/2028,,,2026-05,FlashReport_May2026.pdf,Ministry of Road Transport & Highways,Goa,04/2026
Roads & Highways,24,Construction of 4 lane with PS Idar-Badoli bypass section from design km 81/300 to km 95/500 of NH 168G in the State of Gujarat,MoRTH,619061,,03/2025,705.09,,,05/2028,05/2028,,2026-05,FlashReport_May2026.pdf,Ministry of Road Transport & Highways,Gujarat,05/2026
Roads & Highways,25,4L of existing Wayul Ganderbal Pandach Soura section of old NH-1 as a part of Srinagar Ring Road Phase IIA,National Highways Authority of India [NHAI],618542,,12/2024,827.98,,,05/2028,05/2028,,2026-05,FlashReport_May2026.pdf,Ministry of Road Transport & Highways,Jammu and Kashmir,05/2026
Roads & Highways,26,Construction of Six lane elevated flyover including reconstruction/rehabilitation of existing pavement from Km 426230 to Km 430500 Length 4.27 Km at Nirsa in the Barwa Adda Panagarh section of NH-19 from Km.398.240 to Km.521.120 including Panagarh Bypass in the State of Jharkhand on EPC Mode.,National Highways Authority of India [NHAI],618534,,01/2025,470.75,,,08/2028,08/2026,,2026-05,FlashReport_May2026.pdf,Ministry of Road Transport & Highways,Jharkhand,02/2026
Roads & Highways,27,6 Lane Greenfield Varanasi- Ranchi- Kolkata Highway from Deoria village to Donoreshan village from km 253.000 to km 288.600 Pkg -10,National Highways Authority of India [NHAI],618730,,03/2023,1546.27,,,05/2028,05/2028,,2026-05,FlashReport_May2026.pdf,Ministry of Road Transport & Highways,Jharkhand,05/2026
Roads & Highways,28,Widening of existing 2 lane to 4 lane with paved shoulder from Designed km 25.15 to km 56.70 Except Km 52.70 to 53.50 of NH-169 Nellisara Camp to Thirthahalli of NH- 169 on Shimoga-Mangalore section in the state of Karnataka on EPC mode under Annual plan 2022-23 NH-169-KNT-2022-23-978 dated 08.03.2023,MoRTH,617997,,03/2023,538.71,,,02/2028,02/2028,,2026-05,FlashReport_May2026.pdf,Ministry of Road Transport & Highways,Karnataka,02/2026
Roads & Highways,29,Widening to 4LPS of NH-548B from Km 80.000 Near Murgundi to Km 140.200 Near Chikkodi excluding length from Km 118.450 to Km 128.450 in the State of Karnataka under NH O on EPC Mode under Annual Plan 2022-23 - Package 1 NH-548B-KNT- 2022-23-979 dated 09.03.2023,MoRTH,618148,,03/2023,785.79,,,04/2028,04/2028,,2026-05,FlashReport_May2026.pdf,Ministry of Road Transport & Highways,Karnataka,04/2026
Roads & Highways,30,Widening to 4LPS of NH-548B from Km 118.450 Near Shirguppi to Km 128.450 Near Ankali in the State of Karnataka under NH O on EPC Mode Under Annual Plan 2022- 23 NH-548B-KNT-2022-23-982,MoRTH,618151,,03/2023,1084.29,,,05/2029,,,2026-05,FlashReport_May2026.pdf,Ministry of Road Transport & Highways,Karnataka,05/2026
Roads & Highways,31,Balance work of widening to two laning/re-alignment and geometric improvement from Km. 11000 to Km. 114618 with rectification of damaged stretches and provision of protection works in vulnerable location of NH-44 in the State of Mizoram.,MoRTH,619321,,10/2025,170.96,,,05/2028,,,2026-05,FlashReport_May2026.pdf,Ministry of Road Transport & Highways,Mizoram,05/2026
Roads & Highways,32,6L Greenfield Varanasi- Ranchi- Kolkata Highway from Sonepurbigha village to junction with NH- 22 Chatra Bypass near Chatra from km 184.700 to km 222.000Pkg - 8,National Highways Authority of India [NHAI],618732,,03/2023,1728.17,,,05/2028,05/2028,,2026-05,FlashReport_May2026.pdf,Ministry of Road Transport & Highways,"Multi-States (Bihar, Jharkhand)",05/2026
Roads & Highways,33,4 Laning of Paramakudi to Ramanathapuram Section of NH-87 Old NH-49,National Highways Authority of India [NHAI],619156,,07/2025,1853.16,,,05/2028,06/2028,,2026-05,FlashReport_May2026.pdf,Ministry of Road Transport & Highways,Tamil Nadu,05/2026
Roads & Highways,34,"Construction of Four Lane Gola Flyover at Km 99.850 of NH 730 Major Junction with State Highways -93 of Engineering, Procurement and Construction EPC mode in the State of Uttar Pradesh.",MoRTH,619194,,03/2025,168.05,,,10/2027,,,2026-05,FlashReport_May2026.pdf,Ministry of Road Transport & Highways,Uttar Pradesh,05/2026
Roads & Highways,35,Widening/Upgradation to four lane configuration of Shahjahanpur-Bisalpur section from km 0.00 to km 47.026 of NH-731K on Hybrid Annuity Mode in the state of Uttar Pradesh.,MoRTH,618267,,03/2023,1590.2,,,05/2028,,,2026-05,FlashReport_May2026.pdf,Ministry of Road Transport & Highways,Uttar Pradesh,05/2026
Telecommunication,1,"Amended BharatNet Program - KTK, GOA, PY",Department of Telecommunications,108841,,08/2023,3742.0,,,06/2028,,,2026-06,FlashReport_June_2026.pdf,Department of Telecommunications,PAN India,06/2025
Telecommunication,2,Amended BharatNet Program - UP (East),Department of Telecommunications,222253,,08/2023,5008.0,,,02/2028,,,2026-06,FlashReport_June_2026.pdf,Department of Telecommunications,Uttar Pradesh,02/2025
Telecommunication,3,Amended BharatNet Program - UP (West),Department of Telecommunications,708687,,08/2023,1917.0,,,02/2028,,,2026-06,FlashReport_June_2026.pdf,Department of Telecommunications,Uttar Pradesh,02/2025
Roads & Highways,4,"lmprovement and Widening to 2-lane with Paved Shoulder of NH-13 & 15 Old NH-52 from Existing Km 745.60 Design Km 0.000 to Existing km 770.600 Design Km 24.819 Brahmakund T-junction to Kamlang T-Junction, Existing Length 25.00 Km, Design Length 24.819 Km in the state of Arunachal Pradesh on EPC mode Pkg-1",NHIDCL,619248,,12/2023,441.41,,,06/2028,,,2026-06,FlashReport_June_2026.pdf,Ministry of Road Transport & Highways,Arunachal Pradesh,06/2026
Roads & Highways,5,"Balance Works of Rehabilitation and Up gradation of NH-43 New NH-30 from Krn 162120 to Krn 173500 Length 11.380 Km. Keshkal Bypass 4-Lane with Paved shoulder in the State Of Chhattisgarh under NHDP-IV through Engineering, Procurement & Construction EPC Basis",MoRTH,619039,,06/2025,307.96,,,06/2028,,,2026-06,FlashReport_June_2026.pdf,Ministry of Road Transport & Highways,Chhattisgarh,06/2026
Roads & Highways,6,Balance Work Estimate of Rehabilitation and Up-gradation of NH- 43 from Km. 468.600 to Km. 531.250 Pathalgaon to kunkuri Section to two-lane with paved shoulder in the State of Chhattisgarh on SBD mode under NHO under Annual plan 2025-26,MoRTH,619347,,03/2026,201.16,,,06/2028,,,2026-06,FlashReport_June_2026.pdf,Ministry of Road Transport & Highways,Chhattisgarh,06/2026
Roads & Highways,7,"4 Lane with Paved Shoulder from Dareota Village to Kalar Bala NH 205, Design Chainage -Km 33185 to Km 41000, Design Length-7.815 Km Package-IIB",NHAI,618892,,06/2025,992.85,,,06/2028,06/2028,,2026-06,FlashReport_June_2026.pdf,Ministry of Road Transport & Highways,Himachal Pradesh,06/2026
Roads & Highways,8,6 Lane Greenfield Varanasi- Ranchi- Kolkata Highway from Donoreshan village to junction with NH-20 in Bongabar village from km 288.600 to km 325.500 Pkg -11,NHAI,618729,,03/2023,1856.12,,,07/2028,,,2026-06,FlashReport_June_2026.pdf,Ministry of Road Transport & Highways,Jharkhand,07/2026
Roads & Highways,9,6L Greenfield Varanasi- Ranchi- Kolkata Highway from junction with NH-20 in Bongabar village to junction with NH-30 in Lepo village from km 325.500 to km 358.500 Pkg -12,NHAI,618733,,03/2023,1525.52,,,07/2028,,,2026-06,FlashReport_June_2026.pdf,Ministry of Road Transport & Highways,Jharkhand,07/2026
Roads & Highways,10,"Capacity Augmentation in the stretch of Pimpri Sado Vadape section of NH848 Km. 460900 to Km. 537000 by Construction of Slip/Service Road on either side at various locations total length 25.140 Km LHSRHS, Flyover 2 x 25m at Borivali Junction Km. 528550 & LVUP 1 x 15m at Sherekarpada Km. 528800",NHAI,619204,,12/2025,372.03,,,10/2027,10/2027,,2026-06,FlashReport_June_2026.pdf,Ministry of Road Transport & Highways,Maharashtra,04/2026
Roads & Highways,11,Construction of 6 Lane Elevated corridor from KM 612582 to KM 617540 including construction of Service Roads in Kolhapur City on NH -48 in the State of Maharashtra on EPC mode under NHO,NHAI,619298,,02/2026,1039.0,,,06/2029,06/2029,,2026-06,FlashReport_June_2026.pdf,Ministry of Road Transport & Highways,Maharashtra,06/2026
Roads & Highways,12,Construction of a 6-Lane Elevated Corridor from Km 593766 to Km 596620 Including Construction of Service Roads in Kagal City on NH-48 in the State of Maharashtra on EPC Mode.,NHAI,619299,,03/2026,357.99,,,06/2028,06/2028,,2026-06,FlashReport_June_2026.pdf,Ministry of Road Transport & Highways,Maharashtra,06/2026
Roads & Highways,13,Construction of Four Lane Nagpur-Katol section of NH-353J including Mitigation Structures from Design Ch. 37000 to Ch. 45990 Tiger Corridor-I Mitigation Structures from Design Ch. 37000 to Ch. 45990 Tiger Corridor-I in the State of Maharashtra on EPC Mode,NHAI,619300,,01/2026,300.68,,,12/2027,12/2027,,2026-06,FlashReport_June_2026.pdf,Ministry of Road Transport & Highways,Maharashtra,06/2026
Roads & Highways,14,"Development of 6-lane Greenfield Southern Ludhiana Bypass from intersection with NH-44 near Village Rajgarh to intersection with Delhi Katra Expressway NE-5 near Village Ballowal, km 0000 to km 25240",NHAI,618648,,11/2024,1424.55,,,03/2028,03/2028,,2026-06,FlashReport_June_2026.pdf,Ministry of Road Transport & Highways,Punjab,03/2026
Roads & Highways,15,"Upgradation of 6 laned Jaipur- Kishangarh section of NH-48 from km 274100 to 363885 involving construction of flyovers and Service road in Rajasthan On Engineering, Procurement & Construction EPC Mode",NHAI,619270,,03/2026,910.91,,,01/2029,,,2026-06,FlashReport_June_2026.pdf,Ministry of Road Transport & Highways,Rajasthan,07/2026
Roads & Highways,16,Construction of Elevated Corridor at Kherwara Town on Udaipur Ratanpur Shamlaji Section of NH-48 in Udaipur District in the State of Rajasthan on EPC mode,NHAI,619271,,03/2026,363.89,,,01/2029,,,2026-06,FlashReport_June_2026.pdf,Ministry of Road Transport & Highways,Rajasthan,07/2026
Roads & Highways,17,"2L PS Greenfield bypass lalganj ajhara, mohanganj and Raniganj on Raebareli - Jaunpur Section Design km 0.00 to Km 53177 of NH-31",NHAI,618842,,12/2024,1280.68,,,06/2028,,,2026-06,FlashReport_June_2026.pdf,Ministry of Road Transport & Highways,Uttar Pradesh,06/2026
Real Estate,1,Gaya Integrated Manufacturing Cluster IMC in Bihar,National Industrial Corridor Development Corporation,707420,,08/2024,1339.02,,,04/2029,,,2026-07,FlashReport_July_2026.pdf,,Bihar,04/2026
Real Estate,2,IMC Rajpura - Patiala Development Project,National Industrial Corridor Development Corporation,701662,,08/2024,1367.72,,,09/2028,,,2026-07,FlashReport_July_2026.pdf,,Punjab,03/2026
Real Estate,3,Development of IMC Khurpia Farms under AKIC Project,National Industrial Corridor Development Corporation,701661,,08/2024,1265.37,,,09/2028,,,2026-07,FlashReport_July_2026.pdf,,Uttarakhand,03/2026
Telecommunication,4,"Amended BharatNet Program - J&K, LAD",Department of Telecommunications,437130,,08/2023,1621.0,,,06/2028,,,2026-07,FlashReport_July_2026.pdf,Department of Telecommunications,PAN India,06/2025
Telecommunication,5,"Amended BharatNet Program - MGH, MZM, TRP",Department of Telecommunications,462136,,08/2023,768.0,,,04/2029,,,2026-07,FlashReport_July_2026.pdf,Department of Telecommunications,PAN India,04/2025
Telecommunication,6,Amended BharatNet Program - HP,Department of Telecommunications,476006,,08/2023,1292.0,,,02/2028,,,2026-07,FlashReport_July_2026.pdf,Department of Telecommunications,PAN India,02/2025
Telecommunication,7,Amended BharatNet Program - KL,Department of Telecommunications,660056,,08/2023,765.0,,,06/2028,,,2026-07,FlashReport_July_2026.pdf,Department of Telecommunications,PAN India,06/2025
Telecommunication,8,Amended BharatNet Program - UKD,Department of Telecommunications,665021,,08/2023,1821.0,,,05/2028,,,2026-07,FlashReport_July_2026.pdf,Department of Telecommunications,PAN India,05/2025
Telecommunication,9,Amended BharatNet Program - BR,Department of Telecommunications,914467,,08/2023,1550.0,,,03/2028,,,2026-07,FlashReport_July_2026.pdf,Department of Telecommunications,PAN India,03/2025
Telecommunication,10,Amended BharatNet Program - RJ,Department of Telecommunications,938832,,08/2023,2839.0,,,03/2029,,,2026-07,FlashReport_July_2026.pdf,Department of Telecommunications,PAN India,03/2026
Telecommunication,11,Amended BharatNet Program - SKM,Department of Telecommunications,946208,,08/2023,160.0,,,06/2029,,,2026-07,FlashReport_July_2026.pdf,Department of Telecommunications,PAN India,06/2026
Telecommunication,12,"Amended BharatNet Program - ARP, NGL, MNP",Department of Telecommunications,976009,,08/2023,1168.0,,,06/2028,,,2026-07,FlashReport_July_2026.pdf,Department of Telecommunications,PAN India,06/2025
Telecommunication,13,Amended BharatNet Program - OD,Department of Telecommunications,317725,,08/2023,1713.0,,,07/2029,,,2026-07,FlashReport_July_2026.pdf,Department of Telecommunications,PAN India,07/2026
Telecommunication,14,Amended BharatNet Program - HR,Department of Telecommunications,124199,,08/2023,837.0,,,03/2029,,,2026-07,FlashReport_July_2026.pdf,Department of Telecommunications,PAN India,03/2026
Telecommunication,15,Amended BharatNet Program - PB,Department of Telecommunications,171218,,08/2023,1245.0,,,02/2028,,,2026-07,FlashReport_July_2026.pdf,Department of Telecommunications,PAN India,02/2025
Telecommunication,16,"Amended BharatNet Program - MP, DD and DNH",Department of Telecommunications,175860,,06/2023,4943.0,,,05/2028,,,2026-07,FlashReport_July_2026.pdf,Department of Telecommunications,PAN India,05/2025
Telecommunication,17,Amended BharatNet Program - WB & ANI,Department of Telecommunications,210914,,08/2023,1674.0,,,02/2028,,,2026-07,FlashReport_July_2026.pdf,Department of Telecommunications,PAN India,02/2025
Telecommunication,18,Amended BharatNet Program - AS,Department of Telecommunications,240484,,08/2023,832.0,,,03/2029,,,2026-07,FlashReport_July_2026.pdf,Department of Telecommunications,PAN India,03/2026
Telecommunication,19,BharatNet Phase-II,Department of Telecommunications,547243,,07/2017,22174.56,,,05/2023,,,2026-07,FlashReport_July_2026.pdf,Department of Telecommunications,PAN India,11/2017
Urban Public Transport,20,Jaipur Metro Rail Project Phase 2 (Prahladpura to Todi Mod),Jaipur Metro Rail Corporation,245986,,04/2026,13037.66,,,10/2031,,,2026-07,FlashReport_July_2026.pdf,Ministry of Housing & Urban Affairs,Rajasthan,04/2026
Electricity Generation,21,"Meja Thermal Power Project, Stage-II , (3x800 MW)",National Thermal Power Corporation [NTPC],298178,,06/2026,38358.0,,,12/2032,,,2026-07,FlashReport_July_2026.pdf,Ministry of Power,Uttar Pradesh,06/2026
Roads & Highways,22,Upgradation of Existing Two Lane Carriageway to Two Lane Carriageway with Paved Shoulder from Ch. 665686 Existing Km. 665.686 in Khanpur Village in Vansda Taluka to Ch. 710470 Existing Km. 710.483 in Karvad Village in Vapi Taluka Length 44.784 Km Section of NH-56 in the State of Gujarat on EPC Mode,NHAI,619297,,02/2026,647.2,,,07/2028,01/2027,,2026-07,FlashReport_July_2026.pdf,Ministry of Road Transport & Highways,Gujarat,07/2026
Roads & Highways,23,6 Lane Greenfield Varanasi- Ranchi- Kolkata Highway from Chatra to junction with NH- 100 in Deoria village from km 222.000 to km 253.000 Pkg -9,NHAI,618731,,03/2023,1418.16,,,07/2028,07/2028,,2026-07,FlashReport_July_2026.pdf,Ministry of Road Transport & Highways,Jharkhand,07/2026
Roads & Highways,24,Capacity Augmentation in the stretch of DhulePimpalgaon section of NH60 Km. 261.720 to Km. 380.000 by Construction of Slip/Service Road on either side at various locations total length 30.30 Km LHSRHS and Flyover 2 x 30m at Sawadgaon Phata Km. 310.415,NHAI,619043,,12/2025,341.63,,,10/2026,10/2027,,2026-07,FlashReport_July_2026.pdf,Ministry of Road Transport & Highways,Maharashtra,04/2026
Roads & Highways,25,"Widening and Strengthening of existing S/L, I/L, & D/L to 2 Lane with PS from Km 256/455 to 256/503, 256/820 to 256/960, 265/760 to 266/010, 266/010 to 266/800, 270/975 to 271/055, 276/460 to 276/560, 276/560 to 276/700, 276/700 to 277/480, 285/780 to 288/290, 288/290 to 291/050 and construction of 3 Nos. of Bypass from Km 266/800 to 267/300, 270/025 to 270/975, & 284/700 to 285/780 on NH-53 under NHO in Annual Plan 2022-23 for the State of Odisha.",MoRTH,617918,,03/2023,174.21,,,12/2027,,,2026-07,FlashReport_July_2026.pdf,Ministry of Road Transport & Highways,Odisha,06/2026
Roads & Highways,26,Rehabilitation & Upgradation of Thorrur to Nehru Nagar section to Two Lane with Paved shoulders from Km 109/420 to Km 178/500 of NH 930P in the state of Telangana on EPC mode under Annual Plan 2022-2023,MoRTH,619265,,01/2025,675.45,,,07/2028,07/2028,,2026-07,FlashReport_July_2026.pdf,Ministry of Road Transport & Highways,Telangana,07/2026
Roads & Highways,27,Realignment of Rudrapur-Kathgodam Section of NH-87 New NH-109 From Design Chainage 000 Existing Chainage Km.54050 To Design Chainage 7875 Existing Chainage Km.61550 Due To Proposed Expansion Of Pantnagar Airport in the state of Uttarakhand.,NHAI,619221,,08/2025,252.97,,,09/2027,09/2027,,2026-07,FlashReport_July_2026.pdf,Ministry of Road Transport & Highways,Uttarakhand,06/2026
Steel,28,Super accelerated cooling system (Uniform Cooling) for high strength plates in Plate Mill at BSP,Steel Authority of India Limited (SAIL,944288,,06/2025,192.21,,,12/2026,,,2026-07,FlashReport_July_2026.pdf,Ministry of Steel,Chhattisgarh,06/2025
Steel,29,Installation of 140 TPH Walking Beam type Reheating Furnace in Plate Mill at BSP,Steel Authority of India Limited (SAIL,505491,,02/2026,268.36,,,03/2028,,,2026-07,FlashReport_July_2026.pdf,Ministry of Steel,Chhattisgarh,03/2026
Steel,30,Stamp Charge Battery No.7 Battery Proper at RSP,Steel Authority of India Limited (SAIL,738679,,09/2024,2584.41,,,03/2028,,,2026-07,FlashReport_July_2026.pdf,Ministry of Steel,Odisha,10/2024
Steel,31,Stamp Charge Battery No.12 By-product Plant at RSP,Steel Authority of India Limited (SAIL,834015,,09/2024,1140.07,,,03/2028,,,2026-07,FlashReport_July_2026.pdf,Ministry of Steel,Odisha,10/2024
Steel,32,Stamp Charge Battery No.7 Coke Dry Cooling Plant at RSP,Steel Authority of India Limited (SAIL,478482,,02/2026,1064.55,,,08/2028,,,2026-07,FlashReport_July_2026.pdf,Ministry of Steel,Odisha,02/2026
Steel,33,"New Product Testing Laboratory for NPM, SPP & NHSM at RSP",Steel Authority of India Limited (SAIL,635651,,06/2025,155.26,,,08/2027,,,2026-07,FlashReport_July_2026.pdf,Ministry of Steel,Odisha,07/2025
Steel,34,Implementation of Treatment System-2 Under ZLD at RSP,Steel Authority of India Limited (SAIL,589703,,02/2025,216.02,,,09/2026,,,2026-07,FlashReport_July_2026.pdf,Ministry of Steel,Odisha,03/2025
Steel,35,Stamp Charge Battery No.12 By-product Plant at IISCO Steel Plant,Steel Authority of India Limited (SAIL,364934,,01/2025,999.46,,,07/2028,,,2026-07,FlashReport_July_2026.pdf,Ministry of Steel,West Bengal,02/2025
Steel,36,Stamp Charge Battery No.12 Coke Dry Cooling Plant at IISCO Steel Plant,Steel Authority of India Limited (SAIL,425828,,01/2025,706.51,,,07/2028,,,2026-07,FlashReport_July_2026.pdf,Ministry of Steel,West Bengal,02/2025
